gorev_no,gorev_mesafesi_km,ortalama_ucus_hizi_kmh,operasyon_suresi_dk,toplam_gorev_suresi_dk,faydali_yuk_kg,ruzgar_hizi_mps,ortam_sicakligi_c,baslangic_batarya_yuzde,sarj_dongusu_sayisi,batarya_sagligi_yuzde,batarya_sicakligi_c,gerekli_enerji_wh
1,10.39,44.34,1.42,15.48,0.57,2.14,8.62,82.47,213.0,89.96,19.79,148.26
2,8.13,20.0,8.57,32.96,0.84,8.93,9.6,84.43,187.0,88.81,15.02,418.59
3,11.07,38.14,7.9,25.31,0.64,0.63,4.82,79.96,135.0,95.03,9.29,268.61
4,5.49,33.04,7.9,17.87,0.15,2.34,3.29,88.27,71.0,97.15,4.1,172.56
5,15.59,28.9,3.01,35.39,0.75,4.55,10.21,87.43,86.0,95.66,16.61,323.47
6,4.28,38.81,4.37,10.99,0.53,4.27,23.08,95.29,104.0,93.66,23.16,104.4
7,13.42,44.26,0.32,18.51,0.74,1.3,31.75,93.41,23.0,97.46,33.75,182.68
8,6.14,38.65,2.47,12.0,1.11,1.33,29.85,93.05,163.0,94.67,37.86,123.01
9,6.93,31.77,1.21,14.29,0.76,2.64,30.5,90.36,160.0,92.73,27.63,135.7
10,11.68,28.34,4.51,29.24,0.99,5.01,16.75,85.27,179.0,91.77,18.84,305.31
11,14.77,34.87,5.72,31.13,0.76,0.72,24.08,94.17,0.0,98.24,23.92,251.03
12,3.59,39.24,5.48,10.97,0.87,4.62,21.78,72.76,193.0,89.26,25.42,118.12
13,10.26,31.68,4.78,24.22,1.23,3.12,18.39,81.45,280.0,86.28,18.05,224.94
14,8.76,32.26,4.93,21.22,0.89,3.47,29.88,98.39,109.0,97.09,30.8,185.95
15,4.65,50.0,5.12,10.7,0.28,2.67,24.98,88.74,249.0,89.71,29.34,112.96
16,10.58,40.47,4.4,20.08,0.43,3.41,20.03,74.19,42.0,99.24,25.65,180.39
17,4.76,40.9,2.45,9.43,0.98,0.77,10.26,95.65,298.0,85.49,16.36,103.18
18,9.16,25.24,1.23,23.01,1.53,2.75,31.13,96.07,129.0,95.46,36.8,257.58
19,6.08,29.76,4.83,17.1,0.86,7.45,5.28,92.56,43.0,100.0,3.77,208.93
20,7.09,34.42,0.89,13.25,0.23,1.53,3.73,82.79,38.0,99.78,8.98,130.19
22,11.55,43.6,7.09,22.98,0.28,3.95,17.21,97.07,77.0,96.61,23.05,208.05
23,4.98,42.46,2.13,9.16,0.93,3.26,21.79,94.67,255.0,86.88,19.34,96.45
24,9.49,30.8,5.06,23.54,0.92,2.93,5.51,82.24,91.0,94.69,4.95,247.85
25,6.66,44.7,7.41,16.36,0.41,5.72,17.78,84.26,134.0,95.64,17.89,170.75
26,6.7,33.97,0.48,12.31,0.53,2.31,29.01,84.55,119.0,94.01,40.31,116.44
27,10.37,49.54,2.17,14.72,0.2,4.24,24.19,78.77,45.0,96.06,29.26,150.37
28,6.35,34.87,1.68,12.61,0.7,2.43,12.44,81.1,37.0,98.52,12.94,122.71
29,6.64,37.46,2.82,13.46,0.24,9.38,26.1,98.39,49.0,98.27,27.71,137.92
30,8.6,42.4,5.41,17.58,0.43,1.14,28.34,68.16,48.0,97.24,26.94,170.21
31,4.29,41.67,6.54,12.71,0.35,1.86,28.88,97.44,124.0,92.31,29.54,109.17
32,6.75,37.06,0.4,11.32,0.65,6.05,24.74,83.29,148.0,94.54,28.08,110.77
33,9.41,33.15,3.5,20.52,0.6,3.41,2.86,81.94,244.0,89.62,4.13,232.45
34,2.43,37.08,0.44,4.38,0.95,1.57,33.64,96.91,176.0,87.84,37.46,49.14
35,4.07,29.1,9.11,17.51,0.63,4.35,20.51,80.35,73.0,96.95,23.25,152.91
36,6.88,34.91,9.14,20.97,0.09,3.78,13.37,95.33,61.0,97.81,14.46,183.76
37,9.92,27.34,2.85,24.61,1.09,2.09,27.78,91.82,80.0,98.05,30.83,233.17
38,16.44,23.31,0.78,43.1,0.95,2.86,15.55,90.87,47.0,95.19,18.6,410.92
39,6.16,34.3,2.53,13.3,1.02,2.63,-10.0,77.73,103.0,93.92,-5.0,184.04
40,3.17,41.57,0.65,5.23,0.79,3.55,29.2,75.84,181.0,92.82,31.49,58.62
41,3.06,39.55,4.09,8.73,1.71,1.79,12.44,92.85,145.0,93.62,20.99,107.24
42,6.32,33.51,3.76,15.08,1.01,0.84,16.27,82.07,1.0,100.0,21.99,149.07
43,14.78,44.48,6.01,25.95,0.6,0.26,18.05,87.1,202.0,93.95,18.79,238.71
44,2.91,30.59,2.21,7.92,0.53,5.9,14.96,73.8,114.0,97.43,15.91,91.16
45,7.22,22.49,1.93,21.19,0.39,0.94,19.87,79.9,222.0,87.62,22.73,191.42
46,9.24,20.91,2.01,28.52,0.74,4.35,26.7,75.33,84.0,96.5,27.55,309.35
47,5.44,26.91,1.82,13.94,0.19,4.04,23.12,93.54,25.0,97.32,30.57,119.21
48,11.55,38.9,4.22,22.04,0.11,3.13,7.68,90.15,96.0,96.1,14.59,187.15
49,12.52,30.19,5.34,30.23,0.75,4.95,4.38,84.05,88.0,98.16,3.31,330.72
50,3.73,36.77,5.16,11.24,0.76,8.35,14.11,96.27,317.0,83.77,22.89,128.62
51,10.28,43.88,7.01,21.07,0.19,2.71,10.08,83.03,18.0,99.56,16.26,193.84
52,9.72,27.4,4.43,25.71,0.61,2.52,9.97,83.87,172.0,87.83,12.11,277.36
53,7.17,36.87,3.01,14.67,0.32,3.68,9.66,96.96,154.0,92.52,15.17,124.7
54,5.27,37.23,8.11,16.59,0.97,3.39,31.21,95.22,126.0,93.3,32.71,162.87
55,13.08,28.84,5.08,32.29,0.34,4.58,23.08,87.8,227.0,89.2,24.31,271.84
56,3.88,42.13,0.62,6.14,0.66,4.8,14.78,80.22,386.0,79.76,14.23,70.75
57,5.9,32.27,6.89,17.86,0.81,2.8,19.13,85.82,324.0,82.16,29.69,156.65
58,10.12,31.7,0.79,19.96,0.54,9.73,22.15,83.85,194.0,92.43,20.29,194.72
59,10.02,46.67,2.05,14.93,0.32,7.87,10.97,80.1,266.0,84.83,11.53,180.0
60,13.14,37.14,5.94,27.18,0.27,6.78,18.77,92.53,224.0,86.95,23.42,264.19
61,4.94,39.55,3.13,10.63,0.21,6.23,-4.65,98.71,138.0,93.44,-5.0,141.16
62,12.25,42.13,1.53,18.97,0.25,0.81,18.48,94.11,167.0,96.38,16.27,170.1
63,9.02,30.1,2.64,20.62,0.55,2.22,24.33,81.61,42.0,98.3,25.52,149.27
64,8.65,41.49,6.62,19.13,1.24,1.82,23.64,92.62,375.0,80.12,19.3,194.05
65,7.61,30.99,1.9,16.63,0.5,14.0,18.85,92.84,64.0,95.65,23.52,238.06
66,12.88,30.73,2.51,27.65,1.61,2.81,5.28,82.76,351.0,83.31,14.97,309.45
67,3.65,32.37,9.76,16.52,0.25,7.71,21.41,90.81,220.0,90.26,38.49,166.74
68,3.0,30.27,2.93,8.88,0.06,11.49,27.86,89.95,74.0,95.15,34.48,118.21
69,13.89,38.93,2.1,23.5,1.46,4.45,27.52,68.24,100.0,91.36,32.36,238.43
70,10.44,35.6,9.65,27.24,0.9,9.81,17.55,98.95,159.0,91.46,27.58,297.1
71,13.17,31.05,5.36,30.81,0.94,3.34,20.77,82.77,173.0,94.21,23.86,277.12
72,11.45,38.05,7.28,25.33,0.2,4.33,15.59,89.44,373.0,80.24,26.05,218.75
73,6.67,32.35,3.22,15.59,0.51,1.39,24.12,69.47,293.0,85.06,30.47,135.64
74,12.56,32.03,4.82,28.35,0.82,1.67,13.47,76.81,105.0,91.88,18.32,257.09
75,9.88,34.29,8.63,25.91,1.09,2.53,12.78,93.73,263.0,87.32,16.33,244.97
76,6.45,36.78,6.69,17.21,0.67,3.79,17.11,84.0,51.0,96.3,19.2,170.88
77,8.39,36.34,5.25,19.11,0.14,7.11,16.97,81.65,173.0,91.23,22.31,175.03
78,4.96,31.82,2.45,11.8,0.14,2.32,3.4,91.57,180.0,89.77,9.37,106.98
79,19.34,39.08,3.65,33.34,1.34,5.1,16.7,72.68,231.0,85.68,18.03,337.02
80,2.8,32.67,5.69,10.84,0.65,4.33,5.98,93.37,182.0,90.38,7.8,125.34
81,2.28,30.07,2.56,7.11,0.49,2.04,17.43,82.38,275.0,89.71,19.46,70.9
82,5.44,25.19,2.34,15.29,0.78,0.65,40.0,82.33,235.0,90.45,45.0,157.54
83,9.67,39.9,6.38,20.93,1.35,5.04,25.03,90.2,274.0,86.75,30.23,222.73
84,4.12,34.07,6.7,13.96,1.19,0.64,7.41,99.18,158.0,90.93,6.45,154.03
85,4.38,35.27,3.66,11.11,1.26,2.22,18.64,89.94,225.0,88.23,25.78,108.8
86,9.49,40.27,1.83,15.97,0.84,14.0,23.29,84.16,76.0,98.04,26.75,234.28
87,7.68,31.14,7.34,22.15,0.6,3.53,6.03,94.75,31.0,98.46,20.63,201.97
88,8.71,25.75,4.78,25.08,1.04,1.47,21.81,89.8,222.0,88.35,20.27,231.45
89,11.99,34.42,1.73,22.62,0.32,2.81,17.45,73.96,13.0,98.72,24.58,174.86
90,6.39,35.85,9.58,20.27,0.71,5.63,17.04,91.09,87.0,95.58,20.78,196.76
91,7.31,32.42,5.88,19.41,0.48,1.15,11.33,87.18,234.0,92.95,17.52,171.01
92,5.75,42.84,1.8,9.86,0.73,4.08,17.9,88.86,135.0,91.8,17.55,114.22
93,7.7,20.0,1.91,25.02,0.54,1.29,30.94,69.58,103.0,94.57,31.14,246.2
94,7.53,40.72,2.19,13.29,1.22,5.13,13.87,86.33,191.0,90.86,15.74,139.95
95,10.38,38.75,4.91,20.99,0.38,9.85,27.61,63.72,5.0,100.0,25.76,224.21
96,11.4,36.74,2.12,20.73,0.39,4.02,18.02,82.79,119.0,98.47,21.12,188.46
97,10.95,20.0,5.23,38.09,1.21,1.05,19.54,94.37,343.0,84.83,22.59,394.11
98,3.68,41.7,4.99,10.29,0.21,1.27,32.21,91.88,159.0,90.35,39.32,98.22
99,6.77,27.84,1.57,16.16,0.74,7.74,17.1,82.11,310.0,85.73,21.26,176.15
100,5.79,30.95,2.97,14.19,0.8,4.42,18.65,86.57,174.0,93.14,21.68,124.07
101,7.79,32.98,2.59,16.76,0.53,3.58,24.4,87.01,152.0,91.89,22.72,135.1
102,13.93,36.44,3.29,26.22,0.51,2.62,8.47,80.91,203.0,88.24,11.02,223.07
103,4.91,37.84,1.52,9.31,0.93,0.78,27.67,97.45,71.0,97.17,33.12,94.11
104,5.66,39.36,2.19,10.82,1.32,3.79,14.85,80.84,324.0,84.54,25.73,107.92
105,7.8,38.9,1.64,13.67,0.89,2.61,13.82,84.61,136.0,93.63,14.92,139.97
106,6.52,35.52,4.1,15.11,0.92,7.28,5.0,81.97,56.0,94.31,6.06,178.15
107,5.66,36.5,3.24,12.55,0.36,4.91,7.66,79.82,148.0,93.34,15.66,117.03
108,9.05,27.46,7.63,27.4,0.16,5.98,21.67,63.09,151.0,94.56,26.79,244.98
109,8.28,29.49,7.42,24.28,0.01,2.89,28.9,84.92,113.0,95.48,28.01,199.93
110,5.4,39.37,4.07,12.3,0.14,2.14,10.05,92.64,217.0,88.07,11.7,111.87
111,2.83,39.02,5.84,10.19,0.49,2.31,23.88,80.84,225.0,89.5,26.16,104.18
112,12.97,38.34,5.2,25.5,0.78,4.84,15.86,81.35,48.0,99.49,20.12,243.77
113,5.71,30.91,1.47,12.55,0.65,4.11,4.23,84.38,87.0,95.8,7.62,120.98
114,16.0,39.46,2.98,27.32,0.57,0.59,13.42,93.87,255.0,87.24,20.27,228.48
115,14.23,27.03,3.65,35.24,0.5,13.14,24.61,94.69,57.0,97.12,33.05,462.36
116,10.71,40.46,5.01,20.89,1.19,6.25,7.77,89.46,133.0,94.04,8.53,240.69
117,4.22,32.43,3.53,11.34,0.7,3.63,4.97,96.48,236.0,86.85,0.32,128.5
118,5.28,44.11,5.98,13.16,0.23,7.46,11.46,89.4,103.0,96.98,15.49,143.62
119,8.2,24.87,1.87,21.65,0.94,4.72,10.99,78.64,405.0,80.63,19.54,215.01
120,5.4,44.58,8.62,15.89,0.61,7.03,35.3,88.33,132.0,94.75,35.9,194.81
121,7.4,31.83,5.07,19.02,0.97,7.23,19.68,80.85,37.0,97.52,23.77,203.54
122,2.22,31.72,6.27,10.47,0.3,4.79,29.85,95.71,106.0,95.77,26.0,101.29
123,12.69,35.17,0.7,22.36,0.29,1.75,17.22,83.49,348.0,83.85,21.25,170.77
124,9.98,29.82,4.95,25.04,0.85,3.13,20.94,83.76,237.0,89.82,25.48,226.54
125,7.11,33.57,8.3,21.01,1.33,8.01,26.9,79.39,201.0,89.45,29.14,257.12
126,16.78,29.57,1.98,36.02,0.57,1.9,4.58,90.76,84.0,94.62,23.27,333.55
127,5.76,29.79,4.68,16.28,1.12,3.58,7.93,96.0,347.0,81.45,8.34,192.24
128,16.74,36.92,3.96,31.17,0.63,1.68,23.35,82.46,151.0,92.12,21.99,254.78
129,2.94,28.59,3.45,9.62,0.18,5.03,18.88,88.67,279.0,87.01,26.39,108.91
130,2.19,29.39,3.71,8.18,0.41,2.84,23.31,98.68,182.0,91.16,23.52,94.42
131,12.56,25.76,1.0,30.24,0.88,10.54,9.63,71.93,39.0,99.43,19.56,399.07
132,5.91,30.98,5.34,16.79,1.14,3.18,16.66,94.26,276.0,86.98,18.64,160.4
133,8.71,41.87,2.02,14.5,1.22,9.16,31.91,87.07,238.0,88.23,35.38,200.49
134,11.25,28.92,5.54,28.87,0.97,1.8,12.13,84.85,98.0,97.57,13.84,287.11
135,13.86,29.61,6.53,34.62,1.67,5.0,26.68,91.14,83.0,94.44,25.47,369.98
136,5.41,35.16,2.3,11.53,0.9,5.37,21.84,92.7,332.0,84.9,22.07,122.12
137,8.53,31.78,4.64,20.76,1.35,4.45,10.08,98.72,149.0,94.87,10.19,231.09
138,8.01,47.37,9.62,19.77,0.75,2.6,29.72,91.55,171.0,90.74,33.91,204.29
139,2.2,33.02,4.44,8.44,0.71,4.15,30.45,87.09,88.0,97.83,33.91,87.99
140,9.37,36.01,3.51,19.12,0.29,6.98,4.62,77.4,225.0,89.62,8.35,205.33
141,10.88,39.66,2.5,18.96,0.25,3.2,25.73,83.72,199.0,87.52,23.64,165.22
142,10.06,39.55,4.0,19.27,1.15,1.94,14.01,78.27,326.0,84.14,12.89,177.2
143,9.23,35.4,0.96,16.6,0.37,1.8,16.68,85.23,118.0,95.37,21.88,133.72
144,11.06,33.03,4.47,24.57,0.42,1.94,-2.58,99.39,273.0,88.1,-1.52,270.56
145,11.3,46.14,3.67,18.36,0.81,1.93,14.31,95.78,173.0,96.63,21.05,178.65
146,5.11,33.4,1.87,11.05,0.98,1.03,9.29,92.5,403.0,80.35,12.26,109.09
147,15.54,31.35,1.09,30.83,1.01,2.69,16.87,88.5,66.0,96.9,14.04,286.35
148,12.21,30.12,2.27,26.59,0.43,2.14,7.88,86.7,59.0,96.62,7.02,248.4
149,6.48,23.64,1.53,17.98,1.11,8.51,8.76,87.99,241.0,89.4,18.46,232.55
150,5.95,38.93,5.39,14.55,0.41,0.4,8.62,89.14,260.0,89.15,14.96,131.26
151,6.51,20.0,0.47,20.0,1.0,7.54,29.42,91.95,274.0,85.54,27.67,224.67
152,10.52,33.97,0.78,19.36,1.57,0.87,16.24,77.66,213.0,89.26,22.5,181.47
153,12.82,32.77,6.65,30.11,1.05,5.24,22.48,88.13,199.0,92.3,24.92,307.8
154,15.44,47.44,2.32,21.86,1.15,3.1,21.06,86.94,14.0,100.0,28.84,253.14
155,6.89,23.01,6.27,24.23,0.35,2.34,10.87,92.56,209.0,87.28,14.27,242.22
156,3.88,28.59,1.07,9.21,0.5,3.85,21.61,83.0,176.0,88.04,21.32,79.85
157,6.13,33.18,7.67,18.76,0.8,2.18,18.62,88.08,164.0,92.63,24.34,172.55
158,5.19,32.81,4.27,13.76,1.53,3.22,10.17,92.4,226.0,86.81,6.71,164.16
159,11.19,30.7,4.88,26.75,0.51,3.41,16.44,80.96,113.0,95.24,21.25,302.32
160,6.69,33.51,3.27,15.24,0.92,1.71,35.5,90.87,211.0,91.92,36.75,143.86
161,5.99,26.44,1.47,15.07,0.81,0.82,5.32,85.69,92.0,97.0,7.13,146.02
162,6.92,36.14,3.07,14.56,0.15,1.81,13.07,90.52,286.0,86.32,11.18,132.57
163,5.96,20.07,5.85,23.68,0.21,3.2,22.6,95.64,55.0,97.69,25.98,228.8
164,5.05,33.85,2.12,11.07,1.21,3.18,3.29,89.14,157.0,93.18,5.09,146.33
165,14.43,30.4,0.56,29.04,1.03,2.14,15.14,80.31,196.0,91.01,19.19,260.3
166,4.8,40.1,3.42,10.6,0.56,6.69,28.68,70.33,198.0,91.91,29.76,128.5
167,11.16,44.53,2.21,17.25,0.28,7.92,13.1,89.57,117.0,92.96,12.68,187.77
168,3.41,32.01,5.15,11.53,0.25,1.79,28.0,91.2,53.0,96.2,38.12,106.33
169,10.22,42.34,4.78,19.27,0.12,2.05,8.17,98.16,354.0,82.32,16.19,163.34
170,15.63,32.1,1.29,30.51,0.79,2.43,31.6,90.34,87.0,94.44,34.43,254.31
171,5.21,28.2,5.92,17.0,0.16,5.22,39.77,89.23,27.0,98.15,45.0,197.49
172,4.64,44.48,5.3,11.56,0.26,1.02,-0.11,92.03,218.0,87.45,-2.42,139.5
173,7.21,37.12,6.02,17.66,0.57,4.3,32.47,93.54,378.0,82.26,42.04,174.48
174,3.75,34.03,5.59,12.21,1.18,2.73,16.12,85.53,100.0,93.48,21.27,123.36
175,4.38,38.12,5.5,12.4,0.79,2.05,14.07,88.34,59.0,96.56,20.87,116.93
176,17.87,35.65,7.21,37.29,1.21,8.97,7.97,94.53,76.0,95.33,10.01,462.08
177,12.11,33.58,8.08,29.73,0.85,2.03,6.76,93.29,29.0,98.97,12.57,260.77
178,4.28,26.04,4.47,14.34,1.29,2.34,25.17,78.78,19.0,100.0,25.74,153.23
179,13.15,32.38,5.03,29.4,0.17,9.56,13.78,94.33,119.0,93.49,21.9,286.35
180,6.22,37.74,2.49,12.38,0.45,3.61,-1.7,92.3,91.0,93.62,3.05,147.54
181,9.47,33.26,1.05,18.13,0.54,8.78,26.61,91.6,232.0,88.12,25.99,171.51
182,7.72,39.41,5.19,16.94,0.34,6.13,19.92,79.51,107.0,96.13,16.53,169.44
183,12.26,36.3,5.01,25.27,1.2,1.64,12.7,84.14,91.0,98.44,13.73,235.03
184,9.9,28.73,4.55,25.23,0.47,3.49,29.46,86.91,282.0,83.83,31.91,215.6
185,5.31,26.08,7.17,19.39,1.08,4.48,24.18,85.35,75.0,95.21,30.79,194.35
186,4.39,33.06,0.52,8.48,0.52,8.97,22.98,96.89,164.0,92.73,26.33,102.96
187,3.45,30.85,5.88,12.59,0.28,1.88,-0.76,71.19,214.0,87.59,-5.0,149.65
188,10.88,36.02,1.32,19.44,0.49,5.48,20.05,74.44,138.0,93.23,25.7,164.05
189,3.36,29.69,5.37,12.16,1.29,14.0,24.93,66.67,34.0,96.34,34.6,179.38
190,7.98,30.31,0.55,16.34,0.85,2.46,11.3,88.3,192.0,90.42,18.98,162.98
191,7.89,40.32,4.83,16.57,0.25,3.99,12.68,95.14,293.0,86.36,13.39,138.19
192,7.04,34.89,10.21,22.32,0.93,3.73,-3.1,94.76,154.0,94.69,-3.18,278.53
193,9.72,29.78,2.79,22.37,1.01,5.66,-3.68,89.79,85.0,93.48,1.95,269.09
194,3.81,34.11,2.47,9.16,0.49,3.59,26.25,96.77,271.0,87.77,32.35,92.27
195,4.02,42.27,6.24,11.94,0.52,4.1,14.4,88.21,7.0,100.0,17.55,116.87
196,10.35,35.76,5.2,22.57,0.81,4.29,9.4,89.49,162.0,93.02,5.96,258.46
197,5.52,37.56,2.16,10.98,0.54,1.41,12.82,96.11,121.0,94.52,15.39,99.84
198,10.68,29.49,4.31,26.05,0.92,8.96,28.15,79.54,298.0,84.86,31.66,281.76
199,7.97,40.16,4.09,16.0,0.51,3.77,34.91,72.63,372.0,78.72,34.41,150.12
200,10.37,47.91,5.71,18.7,0.82,0.84,26.63,95.81,239.0,85.7,34.8,194.59
201,6.44,29.25,6.71,19.92,0.6,9.21,17.1,99.79,103.0,96.3,19.5,228.05
202,5.06,26.91,5.37,16.66,1.42,4.47,35.47,77.18,198.0,89.69,37.28,200.44
203,16.23,35.05,5.71,33.49,1.07,3.26,9.74,70.69,240.0,89.64,18.92,302.39
204,16.88,39.25,2.82,28.62,0.23,5.51,5.7,92.41,230.0,85.72,6.66,270.18
205,14.79,33.45,8.53,35.06,0.83,2.73,25.27,81.31,135.0,94.8,24.74,311.57
206,9.34,27.68,3.98,24.24,0.03,9.9,25.55,63.1,223.0,87.53,26.76,238.23
207,8.0,33.35,5.07,19.46,0.7,1.34,20.78,91.87,118.0,94.38,26.35,181.8
208,2.7,37.59,6.92,11.23,0.72,8.9,21.57,95.42,347.0,82.3,23.79,126.15
209,9.24,31.56,3.15,20.73,0.22,3.46,5.68,93.18,234.0,90.56,0.88,189.24
210,5.2,37.64,4.91,13.2,1.08,8.86,18.91,94.08,100.0,96.3,25.22,154.79
211,3.44,40.99,5.04,10.07,0.98,5.38,4.29,89.3,24.0,96.02,13.71,118.44
212,9.19,35.44,8.84,24.4,0.91,3.01,20.02,73.53,19.0,96.9,21.12,232.49
213,16.87,33.83,1.68,31.6,0.96,1.86,30.42,96.17,67.0,100.0,37.17,283.83
214,3.32,38.98,0.79,5.89,0.8,0.99,21.82,71.72,115.0,95.14,31.73,58.88
215,7.34,28.86,3.94,19.19,0.87,2.27,10.93,96.05,340.0,83.48,8.76,180.76
216,5.54,28.27,4.23,15.99,0.12,8.25,18.52,85.07,118.0,93.03,17.44,165.33
217,10.33,32.4,0.25,19.38,1.14,10.93,15.58,69.94,175.0,90.73,20.38,236.09
218,10.71,31.05,4.99,25.69,0.82,4.02,14.13,84.19,336.0,84.88,14.99,223.65
219,6.08,29.18,7.09,19.59,0.18,0.43,14.68,76.1,129.0,94.08,18.67,160.58
220,5.93,44.98,2.27,10.18,0.68,2.15,5.95,93.61,204.0,89.52,7.48,123.86
221,11.7,47.03,4.87,19.8,0.47,0.93,20.72,94.42,71.0,93.03,25.9,185.48
222,5.07,31.88,2.02,11.57,0.33,6.12,16.54,87.43,217.0,89.69,19.26,112.46
223,3.3,34.55,3.42,9.15,1.59,2.7,30.63,90.77,262.0,86.24,38.29,103.04
224,9.33,32.87,1.17,18.19,0.75,2.97,22.57,76.99,195.0,87.99,33.94,162.07
225,8.16,40.64,3.35,15.4,0.45,2.46,34.16,79.17,214.0,87.93,36.77,141.41
226,8.69,41.83,3.82,16.28,0.2,2.71,32.67,89.62,97.0,95.55,44.61,166.52
227,12.53,23.34,2.26,34.48,0.65,1.0,4.36,91.11,438.0,81.05,14.26,342.68
228,11.8,36.86,0.56,19.78,0.45,1.26,11.88,78.57,31.0,94.82,17.25,166.6
229,8.13,26.16,1.67,20.32,0.55,4.12,4.81,87.44,31.0,99.12,9.96,202.36
230,7.64,44.55,7.51,17.8,0.58,3.32,8.25,79.43,206.0,90.09,12.22,192.63
231,4.75,36.64,1.79,9.56,0.39,2.16,10.94,83.2,159.0,94.88,7.7,87.7
232,3.2,29.06,3.35,9.95,0.65,12.06,35.44,85.77,189.0,93.99,39.48,154.35
233,8.26,32.55,1.92,17.14,0.07,5.54,33.18,90.65,192.0,90.33,39.68,150.37
234,10.98,32.27,1.35,21.76,0.38,1.91,20.81,93.41,142.0,93.16,22.26,173.9
235,13.24,37.15,2.08,23.47,0.32,2.32,12.76,79.31,273.0,86.56,10.39,200.72
236,13.89,40.25,4.26,24.96,0.25,3.05,1.97,90.8,170.0,86.33,8.46,249.55
237,13.92,27.11,2.44,33.26,0.67,4.9,11.29,91.58,174.0,91.66,21.57,333.2
238,10.46,45.03,6.41,20.34,1.01,2.11,18.29,91.95,135.0,96.51,24.73,208.11
239,5.7,43.63,1.66,9.51,0.69,3.57,9.75,75.67,381.0,77.98,12.76,98.88
240,6.72,28.75,4.79,18.81,0.48,8.01,28.4,75.65,95.0,97.79,31.85,203.36
241,11.17,34.44,5.47,24.93,0.37,3.32,36.0,79.3,91.0,95.73,37.87,227.77
242,9.14,44.26,4.85,17.24,1.3,2.81,9.92,99.05,160.0,90.87,15.75,194.81
243,11.95,41.4,3.11,20.43,0.34,3.41,16.5,75.22,181.0,88.23,24.28,176.19
244,8.2,31.98,2.37,17.76,0.25,5.93,14.59,82.83,256.0,88.89,19.85,149.32
245,8.49,38.89,5.31,18.4,1.28,4.24,14.22,82.47,54.0,99.95,17.1,197.25
246,7.78,50.0,2.66,12.0,0.96,1.76,10.13,88.18,168.0,94.27,16.2,154.82
247,6.73,34.63,2.73,14.39,1.22,4.25,11.25,98.41,152.0,94.82,14.57,142.21
248,15.16,30.2,2.68,32.8,0.6,5.32,5.74,86.62,197.0,88.68,13.4,306.53
249,6.27,35.03,6.57,17.32,0.27,6.52,22.92,95.7,387.0,79.07,20.92,166.96
250,9.97,35.48,5.54,22.4,0.59,3.63,23.32,85.56,146.0,93.05,29.18,187.53
251,5.6,30.85,0.73,11.61,0.25,2.6,31.29,90.86,176.0,93.09,31.38,103.45
252,14.92,36.65,5.3,29.72,0.15,7.21,5.59,93.04,250.0,87.35,12.1,288.96
253,4.33,26.47,0.65,10.46,0.85,6.58,4.18,96.98,198.0,89.12,10.86,131.51
254,5.06,30.01,3.61,13.72,0.88,6.12,2.57,67.78,201.0,90.67,8.33,167.21
255,12.18,38.55,6.05,25.01,1.08,3.98,7.77,98.19,61.0,94.91,15.71,252.01
256,9.65,23.47,3.27,27.94,0.61,5.26,33.54,88.61,198.0,89.03,41.4,327.51
257,6.7,39.42,0.26,10.46,0.58,14.0,8.01,73.64,335.0,84.02,10.58,162.02
258,10.97,21.93,7.1,37.11,1.08,3.91,19.28,92.32,71.0,99.47,25.53,386.97
259,7.84,23.61,6.69,26.6,0.05,2.84,34.67,74.86,262.0,90.08,31.12,222.63
260,6.47,31.01,3.83,16.35,0.57,4.66,20.67,99.17,112.0,95.59,23.52,141.96
261,6.87,35.72,4.03,15.56,0.11,5.91,14.0,77.17,138.0,89.94,14.0,126.44
262,13.75,41.95,6.08,25.74,1.7,1.85,-7.85,88.47,171.0,93.21,-5.0,374.36
263,11.47,34.35,1.22,21.25,0.7,5.41,15.53,84.45,26.0,98.95,15.94,192.65
264,10.3,32.52,1.79,20.79,0.56,3.0,22.12,72.21,144.0,94.16,27.37,174.4
265,8.61,37.48,2.72,16.5,1.06,11.53,15.94,91.6,250.0,86.21,20.63,219.45
266,7.28,28.77,10.65,25.84,0.25,1.36,16.08,74.73,259.0,87.91,19.13,216.43
267,6.02,34.84,4.34,14.71,0.41,6.91,5.68,88.43,159.0,94.29,2.36,148.28
268,12.96,26.8,6.37,35.38,0.35,14.0,36.63,69.27,156.0,91.08,42.33,481.26
269,3.71,34.5,5.66,12.12,0.3,1.19,13.94,84.03,23.0,100.0,12.22,104.94
270,2.95,33.22,4.53,9.87,0.87,8.55,25.38,84.48,158.0,90.49,26.97,115.17
271,10.77,29.17,0.56,22.71,0.93,2.38,17.69,74.42,294.0,87.89,16.2,199.09
272,6.46,34.99,0.82,11.89,1.06,0.78,14.06,87.31,360.0,81.92,18.28,117.32
273,13.59,34.95,5.81,29.15,0.23,2.03,14.64,82.19,82.0,94.33,9.99,221.89
274,11.81,41.05,5.8,23.06,0.5,5.84,29.07,75.06,1.0,100.0,35.48,223.5
275,8.15,24.37,3.61,23.68,0.9,5.49,12.32,87.43,41.0,97.27,14.52,253.09
276,11.9,33.54,3.51,24.8,0.72,3.33,21.94,83.18,216.0,87.38,27.55,208.87
277,12.74,29.44,0.64,26.6,0.28,1.19,20.89,83.91,117.0,92.7,20.24,199.26
278,13.26,39.22,1.6,21.88,1.64,0.96,9.97,94.7,205.0,87.41,17.78,208.47
279,7.04,38.52,5.29,16.25,0.55,4.08,8.83,82.49,186.0,90.56,10.8,165.76
280,2.92,37.05,3.02,7.75,0.46,1.39,22.2,96.0,23.0,97.51,17.59,65.56
281,1.39,29.78,5.72,8.52,0.18,2.55,27.85,77.79,118.0,91.95,30.9,84.82
282,12.84,39.31,4.53,24.12,0.37,1.25,4.04,96.08,109.0,96.92,13.62,207.59
283,8.15,24.82,3.82,23.52,0.6,5.04,12.57,85.27,450.0,79.53,17.63,238.57
284,4.77,23.59,1.33,13.46,0.29,1.84,18.13,95.58,71.0,98.66,24.68,118.85
285,9.11,26.34,3.11,23.87,0.14,8.0,19.01,90.06,169.0,91.58,21.58,242.08
286,8.79,33.8,3.3,18.9,0.45,1.64,16.52,59.69,40.0,96.21,21.22,161.02
287,8.97,38.05,3.92,18.07,0.37,4.95,40.0,70.79,133.0,91.39,45.0,169.08
288,6.85,20.0,2.41,22.96,1.05,0.32,15.43,82.07,217.0,90.29,18.93,255.78
289,11.14,41.94,5.12,21.06,0.47,9.39,2.64,96.58,217.0,93.34,9.37,265.55
290,4.4,34.79,8.23,15.83,0.08,7.1,32.4,77.73,235.0,91.06,32.02,156.33
291,7.18,24.59,2.27,19.79,0.55,7.14,6.7,93.94,53.0,98.46,16.3,216.07
292,5.3,34.61,9.34,18.52,0.43,5.45,17.01,87.0,380.0,81.82,26.56,180.47
293,11.01,40.56,5.53,21.82,1.14,4.95,10.44,75.81,47.0,97.17,9.86,236.87
294,5.48,37.6,1.95,10.7,1.13,4.08,9.97,84.59,246.0,89.19,9.27,114.61
295,3.57,40.59,1.61,6.88,0.66,1.78,4.87,84.41,48.0,96.37,15.41,76.87
296,9.68,25.8,7.79,30.3,0.84,0.79,24.71,83.36,29.0,94.51,29.49,262.08
297,9.48,31.52,0.74,18.78,1.25,3.29,27.79,79.14,200.0,88.64,31.33,190.58
298,3.58,28.45,3.2,10.76,1.01,2.12,23.27,90.18,120.0,93.67,20.96,104.05
299,12.46,44.31,3.17,20.05,1.16,1.61,32.86,84.66,61.0,94.59,35.0,226.07
300,8.86,37.84,3.62,17.66,0.68,4.39,10.16,84.79,249.0,89.4,17.05,177.6
301,6.59,50.0,5.9,13.81,0.57,5.67,14.94,91.85,153.0,90.85,13.2,171.22
302,2.06,31.19,1.94,5.91,0.43,4.06,10.97,86.78,170.0,93.21,15.73,61.88
303,11.24,29.65,2.89,25.63,0.23,0.72,22.67,86.5,73.0,97.62,26.28,197.32
304,9.28,33.14,4.62,21.42,1.19,8.89,19.98,84.73,109.0,94.54,22.24,252.95
305,9.95,42.27,4.55,18.67,0.45,1.06,2.53,88.54,96.0,95.9,10.81,178.87
306,10.57,31.8,7.18,27.11,0.22,0.79,31.13,85.11,132.0,94.72,30.96,219.86
307,2.69,34.75,1.13,5.77,1.03,4.39,8.77,72.98,295.0,84.98,11.67,71.35
308,6.95,34.58,5.46,17.52,1.02,3.39,2.15,91.28,19.0,100.0,5.46,193.48
309,12.83,34.24,3.36,25.84,0.39,3.18,4.83,98.74,249.0,85.04,9.03,235.71
310,3.84,30.09,4.74,12.4,1.43,3.59,29.64,88.06,176.0,90.38,38.62,124.12
311,8.03,33.18,2.42,16.95,0.6,3.62,34.03,82.34,29.0,98.54,34.11,175.69
312,3.72,32.92,6.05,12.83,0.81,1.72,16.14,84.7,95.0,99.16,22.23,119.98
313,10.95,33.95,2.15,21.5,0.14,3.07,25.91,91.71,34.0,96.74,31.74,168.36
314,8.16,39.66,5.59,17.94,0.22,1.8,8.42,96.6,121.0,97.07,15.03,155.06
315,10.97,44.56,5.2,19.98,1.23,2.29,23.39,67.43,94.0,94.12,27.41,211.72
316,10.32,28.96,2.73,24.11,0.32,4.34,21.87,69.86,70.0,98.23,21.55,196.72
317,14.55,31.65,9.0,36.59,0.23,1.64,5.27,87.35,42.0,97.5,12.07,311.87
318,14.89,29.05,5.21,35.97,1.14,2.22,17.54,73.53,156.0,90.03,19.37,339.77
319,3.29,35.12,1.92,7.55,0.09,0.88,18.1,79.12,50.0,99.79,26.06,59.61
320,9.78,30.77,4.19,23.27,0.44,2.95,9.33,89.66,115.0,93.84,8.43,220.48
321,14.94,35.44,1.95,27.24,0.32,5.41,25.32,79.5,153.0,90.89,35.19,254.14
322,8.77,40.62,5.29,18.25,0.21,1.3,6.14,80.8,240.0,87.38,14.58,172.25
323,16.2,20.0,6.39,54.99,0.06,2.13,26.0,84.63,146.0,90.41,27.43,502.47
324,7.24,36.95,1.81,13.56,0.71,0.94,35.17,83.19,208.0,88.66,36.0,115.75
325,11.96,31.24,0.58,23.54,0.77,2.54,23.1,74.49,110.0,94.53,24.88,193.01
326,15.6,36.76,0.38,25.83,1.14,2.82,26.65,87.87,373.0,82.02,30.04,235.43
327,4.6,28.62,7.91,17.56,0.6,4.28,26.48,92.82,340.0,85.02,30.68,186.04
328,7.66,41.18,4.2,15.36,0.71,3.58,26.75,88.19,66.0,97.52,31.93,139.85
329,15.37,39.48,4.4,27.76,0.74,7.32,14.25,90.67,58.0,91.84,17.84,275.58
330,10.18,37.41,2.95,19.29,0.97,0.79,22.42,98.7,175.0,92.49,22.43,176.66
331,10.63,38.76,2.09,18.55,0.57,1.33,21.97,80.25,118.0,92.06,24.81,160.69
332,12.44,29.53,0.67,25.94,1.04,0.43,3.65,81.28,288.0,86.11,6.09,270.57
333,7.84,30.28,7.86,23.39,0.61,1.37,13.19,91.84,179.0,91.94,26.49,207.42
334,11.07,38.51,1.36,18.61,0.21,6.47,9.87,84.01,70.0,98.55,7.86,177.76
335,10.02,29.39,4.73,25.19,1.01,7.7,12.48,89.96,97.0,96.69,23.75,279.1
336,6.33,42.67,5.89,14.79,0.96,4.42,28.39,85.58,332.0,82.39,28.82,151.02
337,7.78,32.06,2.77,17.34,0.44,2.16,13.12,70.76,115.0,96.99,11.69,156.6
338,16.02,37.01,1.72,27.69,0.31,3.22,12.87,88.63,37.0,97.17,14.87,230.9
339,5.37,46.6,5.06,11.98,0.67,3.81,18.46,86.68,93.0,93.82,26.76,118.05
340,13.11,29.76,2.29,28.72,0.85,3.27,15.16,81.67,20.0,100.0,22.83,269.49
341,9.17,34.41,1.41,17.4,1.36,1.78,9.1,96.05,77.0,97.06,13.51,177.62
342,12.2,40.33,1.7,19.85,1.25,1.65,19.37,87.47,187.0,90.45,23.62,186.78
343,12.32,39.71,2.53,21.14,0.42,1.85,17.87,86.28,238.0,89.59,24.43,178.39
344,9.77,32.03,0.69,18.99,0.8,1.74,13.01,88.88,11.0,99.01,16.06,161.8
345,6.59,30.9,0.25,13.04,1.61,6.42,20.07,91.71,36.0,98.5,24.33,157.29
346,14.62,32.6,0.46,27.36,0.22,4.35,13.78,95.97,198.0,92.58,11.61,237.44
347,12.77,42.69,3.65,21.6,0.69,6.18,26.23,97.74,123.0,94.44,23.9,222.15
348,9.59,32.33,0.23,18.03,0.46,3.21,-0.4,75.57,376.0,80.16,1.95,199.53
349,9.44,34.47,0.31,16.74,0.48,3.41,12.52,80.95,31.0,97.8,9.26,132.06
350,5.26,31.44,2.59,12.62,1.17,4.57,19.23,94.33,40.0,100.0,18.81,135.38
351,11.72,38.23,6.14,24.54,1.2,3.3,14.58,88.71,36.0,97.11,19.43,243.1
352,14.75,34.93,3.16,28.49,0.79,3.41,3.68,92.86,119.0,93.99,9.45,279.04
353,4.75,27.98,2.42,12.61,0.42,4.37,37.44,86.93,77.0,94.36,40.51,134.48
354,5.15,28.19,2.0,12.96,0.74,3.9,18.14,95.57,68.0,93.14,20.49,121.56
355,8.43,22.01,4.04,27.02,1.17,9.39,5.67,80.67,122.0,93.04,10.97,358.79
356,5.84,29.01,4.85,16.92,0.83,2.45,25.78,89.06,110.0,93.56,26.52,155.31
357,8.24,38.76,5.49,18.24,0.58,3.22,14.24,79.23,196.0,90.33,12.19,176.78
358,8.11,41.94,2.51,14.11,0.6,3.14,28.64,62.68,151.0,89.29,31.15,147.32
359,4.93,38.11,5.14,12.9,0.05,3.19,14.0,83.76,270.0,86.47,15.65,115.81
360,15.32,37.33,8.42,33.04,1.04,7.74,26.28,82.24,312.0,82.96,25.36,341.03
361,4.79,33.24,2.12,10.77,0.75,1.4,18.24,85.34,233.0,88.78,26.75,92.34
362,8.27,38.65,5.51,18.36,0.3,7.05,18.19,73.86,96.0,91.18,22.45,174.84
363,5.66,35.72,5.26,14.77,0.29,2.29,11.43,93.85,215.0,91.5,9.42,126.34
364,13.77,44.83,1.72,20.15,0.56,14.0,13.69,88.84,65.0,97.11,17.77,321.13
365,8.97,33.41,3.81,19.92,0.42,1.49,21.34,86.18,243.0,89.8,23.05,170.38
366,8.95,42.06,4.45,17.21,0.73,3.01,15.24,86.28,93.0,94.57,22.24,169.2
367,14.78,39.24,1.64,24.24,0.99,1.57,8.41,86.06,112.0,94.83,17.63,241.16
368,7.27,38.41,4.03,15.39,0.7,12.63,10.36,80.13,148.0,90.26,6.73,224.24
369,9.92,21.93,1.39,28.54,0.19,2.09,23.18,90.19,163.0,90.27,26.34,247.53
370,5.61,39.58,4.57,13.08,0.09,4.37,24.97,77.87,136.0,91.03,24.44,112.28
371,8.35,33.23,7.61,22.67,1.06,2.55,27.71,89.76,184.0,89.29,22.22,211.62
372,10.97,31.34,6.14,27.14,0.46,3.35,14.63,93.31,277.0,84.17,24.13,220.66
373,5.03,25.1,3.49,15.51,0.77,6.58,35.62,88.39,133.0,96.22,38.32,176.27
374,7.5,33.97,0.61,13.87,1.08,0.47,27.87,69.3,296.0,82.57,32.64,128.49
375,9.91,34.2,2.03,19.42,0.73,0.84,17.58,87.02,94.0,94.09,17.87,167.12
376,3.79,26.18,3.82,12.51,0.89,3.42,18.42,96.29,229.0,88.7,21.77,130.37
377,10.95,25.16,2.06,28.18,0.69,3.41,24.86,92.82,108.0,97.38,27.91,259.12
378,9.82,36.92,4.23,20.19,0.1,4.39,10.23,93.69,37.0,98.42,11.07,178.41
379,6.91,39.23,7.38,17.94,1.18,7.54,3.65,84.06,76.0,98.43,6.91,228.57
380,8.85,35.14,4.35,19.46,0.64,5.84,19.58,85.1,409.0,81.89,34.05,176.22
381,15.84,40.91,0.63,23.86,0.25,0.12,19.07,79.7,85.0,95.82,18.73,205.06
382,4.1,33.48,6.78,14.12,0.31,0.38,9.98,91.03,57.0,95.52,12.13,128.52
383,8.13,33.67,2.67,17.15,0.23,1.0,11.32,64.08,134.0,94.86,20.51,143.07
384,15.95,28.5,0.98,34.55,0.44,1.91,27.35,88.07,269.0,85.17,30.06,278.63
385,5.55,24.64,1.9,15.41,0.31,2.99,19.11,89.82,216.0,89.45,14.47,136.01
386,6.82,45.13,0.46,9.53,0.66,3.56,1.85,88.26,94.0,94.27,4.13,134.6
387,12.54,40.79,0.96,19.41,0.38,1.78,-7.65,86.39,96.0,95.27,-5.0,222.93
388,9.38,25.64,3.52,25.47,0.42,6.3,-4.51,95.58,69.0,94.53,-3.47,328.57
389,7.81,34.93,4.59,17.99,0.63,1.47,33.54,82.7,16.0,99.22,38.53,157.61
390,4.15,33.4,6.03,13.48,1.2,11.32,11.52,78.42,96.0,94.21,11.89,209.18
391,12.05,32.36,0.92,23.26,0.48,3.8,15.44,94.31,123.0,91.55,20.42,191.23
392,15.78,31.55,4.13,34.15,0.1,7.69,40.0,81.36,336.0,85.51,41.21,353.96
393,8.48,36.29,2.65,16.68,0.45,2.58,8.36,86.81,127.0,93.46,15.75,136.47
394,11.98,38.91,1.67,20.14,1.16,3.85,26.93,97.88,230.0,89.68,31.96,200.84
395,6.58,36.41,2.42,13.26,1.04,3.05,15.45,77.65,204.0,91.49,17.22,137.82
396,5.78,33.28,2.28,12.71,1.04,0.71,26.62,74.39,53.0,96.29,25.59,120.81
397,3.87,33.06,3.64,10.66,0.84,3.68,22.85,87.25,79.0,97.14,22.63,91.85
398,10.12,39.62,1.31,16.64,0.35,1.01,-1.77,68.36,284.0,84.74,2.41,168.2
399,13.78,36.78,6.21,28.69,0.68,2.78,8.71,91.11,276.0,85.44,12.69,261.94
400,7.85,34.44,1.94,15.62,0.42,3.03,8.78,92.46,157.0,93.33,14.37,149.14
401,11.85,33.78,2.74,23.79,1.37,12.16,20.23,78.03,37.0,97.11,24.91,322.54
402,7.56,36.07,4.96,17.54,1.43,5.86,11.8,91.68,7.0,100.0,18.36,191.17
403,11.13,31.19,5.41,26.81,1.66,3.25,20.59,89.08,85.0,99.25,20.35,261.26
404,8.25,38.93,6.68,19.39,0.64,3.98,23.77,87.82,215.0,92.02,26.72,167.95
405,2.5,27.54,2.14,7.58,0.79,5.99,35.15,82.96,195.0,90.98,39.49,94.46
406,5.47,31.53,8.44,18.86,1.27,5.42,23.48,85.64,366.0,81.08,24.09,190.91
407,6.67,37.67,5.22,15.85,0.1,3.49,17.29,94.65,266.0,86.72,12.51,152.68
408,7.97,27.2,4.57,22.15,0.61,2.11,20.02,89.13,117.0,94.78,23.34,193.87
409,10.23,24.56,9.61,34.59,1.49,5.56,0.99,89.28,80.0,96.69,1.51,446.21
410,3.41,34.39,1.29,7.24,0.58,0.64,12.48,81.96,282.0,84.81,8.26,63.3
411,3.94,23.82,7.77,17.69,0.34,4.75,8.11,91.4,292.0,88.97,7.26,168.83
412,7.74,26.21,3.36,21.09,0.38,11.95,28.88,89.81,51.0,96.85,29.85,281.62
413,13.45,38.54,3.11,24.05,0.35,1.97,25.47,81.65,54.0,94.78,26.01,200.21
414,10.01,32.77,1.89,20.22,1.29,1.84,-0.46,84.96,182.0,90.88,3.77,229.31
415,4.53,41.71,3.04,9.55,0.23,3.1,24.5,93.28,145.0,90.48,27.12,89.08
416,3.08,26.77,1.32,8.23,0.48,14.0,26.86,86.74,134.0,93.17,27.72,108.82
417,6.75,33.44,7.39,19.51,0.92,0.6,10.47,86.8,80.0,95.75,17.2,175.19
418,8.35,36.4,2.89,16.65,0.15,5.1,26.19,86.33,28.0,100.0,33.8,133.05
419,13.24,26.98,2.02,31.46,0.5,1.32,19.72,84.84,138.0,94.99,26.3,252.16
420,3.85,40.19,7.48,13.23,1.29,1.1,5.19,81.05,71.0,95.24,6.88,145.35
421,11.58,37.06,5.02,23.77,0.22,4.32,3.92,64.39,213.0,87.35,6.81,232.86
422,5.5,24.34,1.24,14.8,0.33,6.41,40.0,83.81,262.0,87.16,43.05,166.03
423,13.84,33.77,3.73,28.32,0.61,3.82,15.69,86.48,373.0,80.77,20.71,228.8
424,11.59,36.32,0.39,19.54,0.67,0.24,21.59,91.26,101.0,93.98,21.78,157.88
425,11.51,30.46,4.93,27.6,0.46,0.94,2.96,71.49,336.0,82.69,5.04,265.64
426,12.85,25.12,3.54,34.23,0.9,3.63,35.12,90.63,196.0,92.99,38.75,356.58
427,6.6,35.67,7.09,18.19,1.05,8.03,26.26,85.72,163.0,89.49,31.29,224.98
428,14.84,47.27,0.75,19.6,1.17,3.97,19.55,85.86,124.0,92.66,24.26,238.32
429,7.85,31.68,6.08,20.95,0.58,0.17,34.99,80.54,431.0,76.65,34.1,174.28
430,11.15,43.42,4.93,20.35,0.74,8.98,3.05,88.97,182.0,92.25,4.93,266.28
431,14.29,29.49,1.29,30.37,0.91,4.72,11.17,97.06,86.0,96.48,20.67,279.84
432,2.73,35.29,3.89,8.54,0.57,2.99,18.36,88.77,16.0,98.75,21.97,67.2
433,12.61,38.63,7.0,26.58,0.8,3.23,12.0,76.4,71.0,97.0,15.72,254.8
434,12.04,33.95,4.83,26.1,0.57,0.84,25.98,91.24,19.0,96.27,30.19,219.05
435,11.68,32.21,4.51,26.26,0.66,5.48,23.14,84.4,43.0,99.3,23.67,226.96
436,4.71,38.36,3.01,10.37,0.5,5.86,30.04,88.02,337.0,81.4,38.02,117.18
437,5.23,45.35,0.91,7.83,1.03,7.56,19.73,82.99,41.0,96.67,22.82,102.65
438,7.74,35.8,6.51,19.47,0.63,5.6,7.99,77.34,152.0,93.58,9.22,210.34
439,8.53,30.9,3.49,20.05,0.47,10.55,14.93,81.67,146.0,88.1,18.1,230.17
440,6.62,32.86,5.12,17.21,1.75,5.93,23.8,95.17,176.0,90.78,35.4,197.13
441,13.61,49.12,0.21,16.83,0.33,5.9,14.73,87.85,107.0,94.96,4.78,203.29
442,1.37,34.81,5.42,7.78,0.56,1.41,19.13,82.33,131.0,93.49,26.57,78.84
443,7.22,30.43,5.51,19.75,0.23,0.94,13.5,74.23,218.0,90.22,12.73,162.16
444,3.99,27.13,5.64,14.47,0.61,3.84,23.12,82.22,53.0,97.95,35.76,156.8
445,14.8,23.04,1.21,39.75,0.5,3.47,23.33,80.49,142.0,92.87,23.21,353.0
446,9.99,36.18,1.99,18.56,0.56,0.36,40.0,69.68,400.0,76.55,43.51,174.11
447,7.91,37.93,4.36,16.88,0.92,3.5,1.7,67.6,356.0,80.39,6.81,176.47
448,4.7,31.62,7.76,16.68,0.11,7.88,21.19,87.4,302.0,84.36,23.69,176.68
449,10.01,33.91,0.32,18.03,0.2,6.68,38.8,84.56,123.0,90.78,43.87,177.62
450,3.94,26.98,1.66,10.42,1.27,12.7,29.97,85.72,268.0,83.43,33.15,145.01
451,9.56,34.8,2.47,18.96,1.24,5.61,37.01,72.29,256.0,89.56,37.72,225.48
452,14.6,36.89,5.96,29.7,0.82,8.33,7.37,84.08,315.0,85.53,9.59,349.45
453,14.37,30.79,4.82,32.83,0.61,7.16,18.57,85.0,221.0,87.98,17.48,302.04
454,5.27,44.14,4.77,11.94,0.31,8.8,4.12,80.24,202.0,90.73,3.56,166.88
455,13.97,28.98,5.76,34.68,0.46,2.2,9.44,81.04,56.0,94.77,14.91,307.02
456,2.42,35.7,6.29,10.35,0.55,1.34,32.07,96.37,83.0,96.88,34.72,105.79
457,7.27,39.09,1.59,12.75,0.62,10.46,6.33,85.05,312.0,84.34,10.77,167.77
458,5.45,33.54,3.1,12.85,0.55,1.13,14.91,80.84,108.0,97.39,18.33,116.39
459,2.05,32.87,6.49,10.24,0.8,2.68,8.68,94.2,314.0,85.88,8.45,111.51
460,11.57,25.43,4.84,32.15,1.35,2.7,20.88,96.14,52.0,96.8,20.01,314.01
461,13.05,42.14,3.83,22.4,0.18,3.31,3.22,98.7,305.0,88.01,10.89,222.95
462,12.6,32.98,6.64,29.57,0.58,2.85,18.04,87.83,161.0,93.32,24.77,247.59
463,9.79,37.22,3.29,19.07,0.72,3.6,27.1,87.9,305.0,86.36,31.94,159.94
464,9.68,38.04,2.48,17.75,0.2,4.75,14.47,97.02,58.0,96.82,15.62,147.47
465,15.59,30.23,2.66,33.6,0.33,4.43,31.46,64.11,118.0,97.2,33.35,282.45
466,6.86,32.81,0.16,12.71,1.14,0.41,23.06,96.62,295.0,85.08,33.22,105.29
467,10.03,42.01,5.14,19.46,0.69,2.35,14.57,87.09,253.0,86.92,25.4,176.7
468,5.9,27.3,2.51,15.48,0.49,3.41,10.92,72.52,65.0,98.86,18.32,144.44
469,12.74,46.77,0.61,16.96,0.28,8.54,28.16,78.05,265.0,86.7,35.49,182.4
470,12.42,29.53,3.89,29.13,1.09,0.69,14.86,87.4,80.0,95.59,26.23,270.19
471,9.56,26.92,2.39,23.7,0.46,6.43,16.78,78.29,253.0,89.72,21.37,212.91
472,9.72,34.79,2.64,19.41,0.22,5.85,39.04,79.79,244.0,87.35,42.18,186.16
473,8.35,47.25,0.8,11.39,0.27,4.08,28.31,96.75,289.0,88.71,30.47,119.9
474,9.75,22.53,5.42,31.38,0.53,4.19,10.08,87.87,160.0,91.77,14.45,303.06
475,2.88,33.15,0.48,5.68,0.28,2.36,18.94,93.79,159.0,91.44,19.88,57.77
476,10.05,36.86,8.67,25.02,0.86,2.66,27.92,89.08,251.0,88.18,29.35,213.41
477,15.26,34.2,2.04,28.81,0.27,5.86,11.48,87.07,10.0,100.0,11.09,276.59
478,6.42,36.29,8.23,18.84,1.06,1.71,32.27,75.29,132.0,91.96,39.79,178.55
479,9.53,29.69,2.87,22.13,1.28,3.91,22.46,93.29,6.0,97.23,25.07,202.17
480,7.61,30.4,4.02,19.04,0.56,2.1,40.0,76.67,64.0,95.05,44.78,194.82
481,6.21,33.11,0.43,11.68,0.02,4.93,15.25,83.02,24.0,99.5,21.88,99.88
482,12.19,27.22,8.25,35.11,0.77,2.94,23.8,77.34,168.0,91.77,24.15,286.3
483,6.65,33.73,0.71,12.54,0.96,1.36,10.81,89.36,128.0,94.64,19.07,119.73
484,11.98,31.67,5.69,28.39,1.04,6.3,17.11,91.78,183.0,89.31,19.58,295.43
485,9.08,31.18,8.26,25.73,1.26,1.57,12.1,89.17,250.0,89.58,10.14,278.28
486,3.47,35.92,3.98,9.78,1.15,3.74,28.32,93.61,198.0,91.48,27.68,104.79
487,5.56,23.08,8.3,22.75,0.51,9.9,1.63,92.69,162.0,94.66,0.83,298.1
488,9.12,32.63,9.25,26.02,0.47,6.04,-10.0,75.63,168.0,91.98,4.86,357.21
489,7.37,47.9,7.46,16.69,0.18,3.84,20.88,74.08,297.0,85.15,23.32,170.09
490,7.26,27.48,7.25,23.1,1.03,2.36,18.7,92.07,127.0,93.62,23.18,194.1
491,8.41,41.71,3.87,15.97,1.1,11.86,10.31,91.01,80.0,96.56,9.96,242.48
492,5.91,34.33,1.52,11.85,0.94,3.74,19.06,75.96,197.0,88.4,27.46,115.32
493,4.66,30.38,1.99,11.19,0.2,3.85,-1.53,87.73,50.0,96.82,0.34,132.65
494,10.08,26.08,2.65,25.85,1.38,4.08,33.72,95.83,406.0,82.56,32.39,283.22
495,1.22,34.84,5.59,7.69,1.37,1.71,10.15,80.42,128.0,93.79,9.14,94.74
496,6.73,42.72,3.17,12.62,0.59,3.42,28.42,91.42,232.0,88.47,37.39,128.64
497,9.84,31.66,3.38,22.03,0.57,3.39,6.5,91.22,184.0,90.67,3.57,220.46
498,14.01,33.51,0.83,25.91,1.13,2.11,4.52,88.11,149.0,92.85,11.36,265.4
499,7.58,40.06,2.56,13.91,0.91,7.43,8.6,84.57,200.0,91.02,8.16,149.02
500,15.3,36.05,3.2,28.67,0.73,7.99,18.42,92.22,64.0,94.72,17.79,283.52
501,4.62,24.57,3.16,14.46,0.22,2.91,27.04,92.88,128.0,91.95,30.64,133.8
502,10.28,34.59,3.22,21.06,0.28,8.16,33.75,83.94,119.0,93.98,33.04,202.82
503,7.8,43.07,0.85,11.71,1.21,4.6,28.74,81.67,27.0,98.09,33.49,132.23
504,3.96,33.78,6.41,13.44,0.71,2.5,3.89,97.29,47.0,96.52,3.12,137.45
505,12.05,20.0,2.21,38.36,0.51,6.15,16.04,80.67,118.0,93.66,23.38,392.24
506,8.13,36.33,3.64,17.06,0.31,0.86,13.04,80.94,181.0,89.73,21.44,141.74
507,3.9,32.81,1.42,8.56,0.1,3.92,17.18,72.49,33.0,97.26,19.45,82.31
508,10.57,23.03,0.67,28.22,0.91,8.11,21.81,85.99,156.0,90.05,24.86,342.33
509,3.04,23.92,3.26,10.89,0.22,1.79,10.28,83.81,175.0,92.6,9.46,117.17
510,11.5,39.85,8.21,25.53,0.5,1.28,37.72,69.42,115.0,94.28,37.88,242.93
511,5.36,29.61,2.37,13.22,0.52,3.59,13.73,89.31,117.0,96.15,18.48,116.2
512,17.51,28.56,4.34,41.12,0.68,3.44,25.48,78.12,235.0,87.75,30.6,360.46
513,6.09,33.79,5.1,15.92,0.42,1.21,3.4,72.75,299.0,88.52,2.3,154.92
514,8.12,30.13,6.41,22.57,0.1,0.19,37.78,84.26,111.0,96.1,41.11,192.16
515,10.1,34.6,6.62,24.13,1.34,0.37,24.72,83.78,294.0,83.56,27.39,209.92
516,6.15,32.78,8.04,19.3,1.08,8.42,15.02,67.48,54.0,96.4,19.85,240.78
517,13.01,26.8,3.32,32.46,0.22,0.35,21.55,79.46,78.0,98.73,32.28,254.17
518,9.05,30.93,6.84,24.4,0.59,7.17,22.32,82.27,124.0,92.92,24.3,229.66
519,2.36,36.66,4.96,8.82,0.1,3.41,19.93,82.04,156.0,96.54,21.56,91.73
520,3.39,34.25,4.42,10.36,0.92,2.15,15.26,92.5,187.0,92.75,17.8,90.3
521,13.62,33.51,5.94,30.33,0.25,1.43,5.41,98.74,267.0,86.81,3.67,267.81
522,7.81,45.62,2.88,13.15,0.98,1.92,33.78,93.47,129.0,94.0,42.34,153.63
523,7.79,38.39,6.68,18.85,1.25,6.5,19.88,87.99,349.0,84.87,28.05,204.29
524,7.7,39.11,3.36,15.17,1.4,1.72,10.35,92.04,200.0,93.82,15.88,163.17
525,4.77,33.0,4.48,13.15,0.52,6.09,15.27,85.69,78.0,97.06,18.62,126.56
526,7.68,35.32,5.43,18.48,1.24,2.26,29.69,84.83,182.0,90.98,31.59,177.49
527,7.6,31.41,1.88,16.39,1.61,3.41,30.32,92.31,188.0,90.19,38.05,180.47
528,17.11,38.67,3.54,30.08,0.33,1.1,15.15,89.66,37.0,98.01,13.73,245.34
529,9.09,33.34,1.07,17.43,0.24,4.89,12.5,96.6,319.0,84.31,17.45,145.06
530,8.51,35.33,7.89,22.34,0.73,5.89,13.14,95.71,210.0,89.15,19.55,211.57
531,8.28,34.96,0.46,14.68,0.2,3.94,28.39,98.61,202.0,89.68,32.53,119.52
532,8.58,33.89,1.38,16.57,1.16,2.15,30.98,90.08,266.0,86.51,35.05,150.35
533,7.7,50.0,3.31,12.54,0.32,2.84,15.43,84.5,2.0,97.59,15.87,142.01
534,11.29,30.0,6.52,29.11,1.14,1.7,24.38,88.68,94.0,92.25,31.55,268.23
535,7.41,29.95,2.23,17.08,1.07,1.07,14.75,78.97,397.0,82.81,17.26,150.39
536,13.68,38.16,3.01,24.52,0.45,4.56,4.39,63.57,5.0,99.96,0.93,270.53
537,7.18,30.43,0.8,14.96,0.96,1.67,24.06,59.16,146.0,91.23,25.29,143.72
538,12.47,32.25,2.44,25.64,1.04,4.32,16.39,74.38,267.0,86.94,19.67,259.42
539,13.09,27.48,4.24,32.81,1.05,5.29,16.62,84.24,84.0,96.91,18.67,369.88
540,6.11,36.95,8.06,17.99,0.22,3.07,26.02,80.86,104.0,96.17,32.05,137.77
541,3.49,37.03,1.5,7.16,1.04,7.55,4.64,84.55,41.0,98.68,7.69,88.28
542,15.1,32.11,10.69,38.9,1.46,3.7,-3.26,86.07,71.0,99.12,-2.31,497.87
543,7.28,38.29,4.34,15.75,0.94,3.72,21.67,91.12,249.0,85.37,20.57,153.22
544,9.03,22.85,2.39,26.11,0.35,1.65,34.92,83.54,124.0,93.27,32.33,246.26
545,5.58,29.76,5.73,16.97,0.68,5.16,27.66,82.22,157.0,90.7,29.7,161.57
546,6.13,32.98,3.77,14.93,0.19,10.58,10.37,97.97,175.0,89.2,16.11,175.96
547,14.33,26.97,5.39,37.28,0.21,1.7,20.78,88.84,148.0,94.64,21.48,268.2
548,13.97,23.51,5.02,40.67,0.41,1.86,23.16,90.36,110.0,95.62,20.72,332.67
549,9.81,32.15,7.47,25.78,0.91,5.28,23.68,76.65,74.0,97.11,26.44,248.76
550,7.71,38.16,3.82,15.95,0.43,3.46,12.06,83.54,66.0,98.22,9.77,159.57
551,11.05,41.69,5.02,20.92,0.9,4.52,11.97,84.14,267.0,85.76,15.35,214.66
552,6.37,30.72,1.61,14.04,0.92,3.28,-5.23,89.08,274.0,83.03,-1.58,162.56
553,9.38,38.4,4.01,18.67,1.08,12.31,20.23,87.58,181.0,90.0,18.56,272.29
554,4.83,37.82,3.84,11.5,0.24,1.49,25.64,95.92,234.0,83.57,26.93,100.09
555,4.51,41.31,7.84,14.39,0.34,6.29,27.72,83.88,101.0,95.77,35.99,140.54
556,9.98,31.9,2.61,21.39,0.18,2.53,6.93,91.96,33.0,98.13,14.68,173.68
557,9.29,23.21,2.96,26.99,1.07,2.72,17.35,71.69,74.0,94.19,25.31,256.64
558,8.92,34.42,4.36,19.9,1.17,2.87,17.08,85.0,57.0,94.27,22.77,178.65
559,6.88,27.92,6.12,20.91,1.19,6.47,9.4,92.46,442.0,76.65,7.68,229.06
560,10.01,29.66,4.74,24.99,0.69,7.82,28.37,93.38,67.0,97.97,31.38,264.84
561,6.25,32.19,6.74,18.39,0.72,1.35,17.97,98.15,260.0,84.22,20.81,149.1
562,2.3,31.97,1.56,5.87,0.94,1.02,12.93,91.78,87.0,96.66,14.08,62.77
563,8.07,34.85,5.17,19.06,0.88,2.86,29.34,63.78,235.0,88.45,33.99,175.5
564,4.27,38.22,5.4,12.1,1.11,6.19,24.2,97.52,127.0,93.49,35.05,132.79
565,11.6,31.79,9.99,31.89,0.76,1.8,11.21,66.97,91.0,95.13,19.36,286.07
566,14.35,36.37,1.59,25.26,0.79,3.22,0.55,86.85,192.0,88.46,2.4,275.49
567,16.14,34.09,6.75,35.15,0.15,1.01,10.25,66.58,95.0,95.16,16.33,269.5
568,8.37,39.61,5.11,17.78,1.34,1.91,19.03,80.58,75.0,95.85,20.25,164.61
569,5.55,32.87,1.48,11.61,1.52,4.86,12.87,94.84,74.0,96.73,17.47,119.93
570,8.93,33.53,5.96,21.94,0.91,1.2,6.14,90.92,157.0,91.02,13.45,217.86
571,8.47,31.75,4.68,20.68,0.49,0.9,15.48,91.08,93.0,93.98,20.21,171.18
572,9.3,33.03,5.9,22.8,0.57,4.74,0.82,77.22,358.0,82.72,7.66,250.56
573,12.83,29.3,9.59,35.86,0.32,4.08,23.5,77.04,79.0,94.97,21.24,280.96
574,6.81,28.7,3.62,17.86,0.82,2.65,38.88,85.06,361.0,83.12,43.6,191.23
575,9.24,38.65,0.48,14.82,1.45,4.55,23.94,80.35,74.0,95.12,21.67,128.68
576,4.94,27.5,1.75,12.54,0.53,4.9,30.9,85.7,189.0,89.94,35.96,147.47
577,7.93,32.09,3.79,18.63,0.4,2.07,11.36,91.98,178.0,91.09,13.49,174.83
578,16.58,40.09,7.6,32.41,0.86,0.91,14.36,89.78,100.0,97.27,13.28,269.58
579,5.69,31.88,6.47,17.18,0.22,4.44,5.98,78.27,122.0,93.48,5.69,164.06
580,11.95,38.97,6.79,25.18,0.24,1.07,23.83,75.38,65.0,98.75,29.93,194.35
581,7.41,30.45,5.72,20.31,0.39,7.97,28.32,59.64,135.0,91.71,27.87,195.64
582,12.11,27.69,5.1,31.33,1.04,3.92,11.66,95.77,281.0,81.87,11.16,307.78
583,12.01,24.43,2.24,31.74,0.72,5.54,20.02,92.47,293.0,81.04,28.45,312.83
584,5.02,41.88,5.42,12.61,0.27,2.87,3.03,93.66,112.0,93.88,2.36,131.39
585,11.1,27.18,5.99,30.5,1.18,2.32,16.24,79.23,129.0,90.96,20.28,269.11
586,3.47,38.48,4.01,9.42,1.3,7.78,9.47,71.08,38.0,93.08,11.15,137.48
587,4.03,28.0,4.45,13.08,0.84,4.11,19.26,90.23,61.0,96.88,32.28,139.13
588,8.48,41.9,2.44,14.59,1.08,5.95,23.89,91.6,201.0,92.05,28.6,156.23
589,14.11,47.24,6.5,24.41,0.27,7.59,8.43,85.55,129.0,92.73,15.72,271.41
590,10.21,23.88,1.21,26.87,0.56,6.34,4.45,84.62,201.0,90.1,10.42,292.09
591,5.31,27.49,3.64,15.24,1.51,12.2,17.07,84.62,23.0,100.0,20.27,228.64
592,2.36,38.64,0.85,4.51,0.52,5.54,17.32,86.72,120.0,92.86,15.98,52.38
593,10.83,37.08,4.71,22.23,0.38,1.33,16.74,85.37,380.0,83.24,22.83,171.2
594,8.25,38.66,0.37,13.17,0.1,2.6,5.3,93.44,291.0,83.83,5.66,119.56
595,8.87,30.56,1.96,19.38,0.75,4.29,5.44,78.65,109.0,94.65,6.4,195.3
596,10.0,45.93,1.39,14.45,0.53,1.35,20.37,68.24,263.0,86.03,28.38,131.84
597,12.56,34.71,5.45,27.15,0.55,4.6,-0.21,68.96,141.0,92.65,3.5,299.7
598,8.02,26.7,5.1,23.12,0.36,2.88,5.68,92.48,190.0,93.93,16.02,223.39
599,14.51,32.48,5.88,32.68,0.76,2.47,35.07,73.36,136.0,92.04,45.0,297.97
600,5.65,26.78,3.18,15.83,0.8,10.15,12.33,78.37,163.0,88.93,15.97,207.27
601,3.0,43.55,4.46,8.6,0.17,5.86,3.34,95.19,152.0,95.7,1.61,118.08
602,13.25,30.04,3.68,30.14,1.07,4.26,4.94,87.22,197.0,90.38,9.16,325.94
603,3.97,36.95,5.61,12.05,1.75,5.06,29.94,74.97,140.0,92.26,28.43,139.16
604,8.82,31.18,2.03,19.0,1.52,1.31,10.73,83.09,373.0,79.44,21.51,173.19
605,14.3,30.31,3.31,31.62,0.21,9.73,15.93,86.14,29.0,98.96,24.53,296.49
606,2.9,22.54,1.62,9.34,0.71,4.78,13.09,65.84,406.0,82.68,15.16,109.58
607,10.65,37.59,7.07,24.06,0.78,2.19,2.97,89.72,120.0,91.19,9.31,248.15
608,2.91,41.8,6.26,10.44,0.4,4.0,2.32,73.37,128.0,90.52,9.17,130.94
609,8.65,28.5,5.86,24.07,0.53,7.98,22.06,92.62,226.0,87.75,23.36,232.63
610,1.41,24.73,1.06,4.47,0.87,6.01,5.71,88.64,292.0,82.86,10.61,55.07
611,3.99,38.82,5.64,11.81,1.09,4.5,40.0,90.75,115.0,93.82,45.0,139.42
612,5.53,24.12,8.52,22.27,0.2,6.41,2.77,76.67,208.0,89.39,5.77,225.95
613,2.67,41.29,4.4,8.28,0.23,2.41,5.89,68.44,61.0,95.37,8.02,81.02
614,11.02,28.57,1.67,24.8,1.26,5.8,22.51,94.64,120.0,88.87,20.06,289.64
615,9.7,27.38,2.8,24.05,0.28,1.04,19.24,63.85,138.0,93.93,20.83,196.86
616,14.1,35.49,7.03,30.86,0.23,3.02,30.84,80.04,164.0,95.08,27.0,234.84
617,4.2,27.77,0.15,9.22,0.39,4.91,22.52,83.9,88.0,95.12,26.46,84.75
618,7.21,29.76,0.56,15.1,0.61,6.18,29.34,92.48,189.0,91.86,32.29,166.45
619,3.29,36.12,2.48,7.94,0.85,1.32,34.0,88.04,145.0,91.77,43.08,75.14
620,6.05,20.0,6.41,24.56,0.59,3.87,14.87,87.9,195.0,90.0,19.06,260.31
621,14.83,43.85,3.39,23.69,0.59,3.78,-1.09,91.29,225.0,90.5,2.73,240.45
622,11.31,34.26,6.75,26.55,0.27,0.38,32.56,60.69,47.0,97.57,32.31,226.15
623,3.84,26.24,2.36,11.14,0.06,4.88,27.34,78.66,175.0,94.99,26.52,102.12
624,1.9,27.9,5.06,9.14,0.69,1.9,23.19,65.31,51.0,98.34,22.59,88.14
625,1.82,39.95,7.08,9.81,0.84,2.83,32.64,88.36,228.0,84.88,35.19,111.51
626,11.4,37.61,6.18,24.38,0.13,4.42,17.19,81.52,83.0,97.21,24.49,202.01
627,5.41,42.32,3.73,11.4,0.61,2.97,12.01,86.46,84.0,93.96,11.0,120.19
628,17.57,29.9,0.92,36.18,1.77,1.17,28.89,76.71,208.0,90.02,30.57,347.05
629,9.03,35.78,3.34,18.48,0.1,2.1,20.64,81.59,233.0,90.83,25.37,147.97
630,5.61,36.56,0.62,9.83,0.21,4.59,15.75,85.09,218.0,87.4,26.95,89.27
631,3.53,38.17,0.64,6.2,0.62,1.54,33.22,76.24,309.0,87.39,40.64,69.56
632,12.46,40.76,1.47,19.81,1.2,4.42,31.36,97.23,143.0,93.69,35.94,205.54
633,6.13,29.69,2.28,14.67,0.2,3.41,12.37,68.61,107.0,92.4,14.83,118.94
634,10.08,33.31,5.37,23.52,0.57,2.96,3.39,79.9,251.0,87.09,6.79,247.15
635,8.45,30.34,2.36,19.08,1.01,5.43,8.29,79.05,113.0,95.67,11.43,210.56
636,8.5,33.68,5.96,21.1,0.7,6.5,12.11,89.95,430.0,77.17,12.61,232.24
637,11.96,38.19,5.56,24.34,0.1,2.7,13.11,96.35,62.0,94.95,19.35,201.91
638,3.59,24.08,9.02,17.96,0.34,2.3,20.72,73.11,270.0,83.37,25.15,143.95
639,9.45,40.66,2.69,16.63,0.58,2.49,40.0,62.33,206.0,88.83,42.84,167.18
640,7.1,27.16,6.39,22.08,1.12,3.56,28.13,96.46,252.0,88.42,29.31,221.75
641,11.72,32.16,3.6,25.47,0.99,4.78,30.21,87.16,66.0,96.4,26.81,234.88
642,12.45,41.46,4.46,22.48,0.12,10.59,17.71,62.74,118.0,94.35,19.73,229.31
643,4.7,35.97,2.93,10.78,1.01,1.7,20.28,86.99,251.0,86.75,22.35,106.65
644,10.89,36.04,5.25,23.38,1.1,1.26,23.13,85.08,205.0,88.03,24.37,209.2
645,3.94,26.92,1.43,10.21,0.61,1.22,30.08,84.24,138.0,94.13,21.28,95.81
646,7.59,27.74,8.06,24.48,0.11,3.17,27.73,91.24,142.0,94.36,30.52,208.16
647,8.57,39.65,0.94,13.91,0.35,3.08,25.05,84.13,173.0,90.12,24.47,127.16
648,11.87,30.47,6.26,29.64,0.69,2.57,11.58,82.68,65.0,97.8,10.4,268.83
649,11.46,31.03,5.5,27.67,0.16,7.63,0.97,86.18,303.0,84.33,6.46,283.21
650,3.86,39.78,1.82,7.64,1.4,7.52,29.95,74.58,119.0,92.61,28.19,102.18
651,10.89,27.7,2.07,25.66,0.15,6.07,25.32,93.54,281.0,88.89,34.44,228.48
652,8.67,35.62,0.8,15.4,0.84,2.68,11.69,90.27,53.0,97.7,14.05,136.13
653,15.73,34.26,4.49,32.04,0.83,4.25,40.0,94.19,76.0,97.59,44.84,324.24
654,5.92,33.98,8.41,18.86,1.32,5.51,9.56,90.38,139.0,93.63,19.76,204.51
655,6.76,30.89,7.56,20.69,0.12,10.74,17.26,94.26,275.0,84.98,20.31,214.84
656,16.75,30.52,3.41,36.33,0.76,3.28,15.56,79.36,355.0,82.54,20.02,319.66
657,13.21,27.53,5.99,34.78,0.67,3.71,11.18,71.22,72.0,99.18,13.92,343.47
658,3.66,36.9,1.95,7.91,0.55,2.06,12.86,93.38,17.0,98.84,20.12,73.71
659,7.35,29.99,7.0,21.7,0.34,7.89,11.79,76.25,302.0,82.95,17.24,222.74
660,10.31,39.81,3.05,18.59,0.33,7.93,10.77,85.44,5.0,99.66,8.81,212.82
661,12.13,32.65,4.81,27.1,0.65,3.62,23.57,85.61,303.0,86.76,18.06,239.25
662,4.92,27.65,3.02,13.7,1.16,1.2,26.56,95.57,261.0,88.62,29.27,137.74
663,14.42,32.57,8.36,34.93,0.73,2.37,11.67,79.73,201.0,88.65,19.35,305.85
664,3.04,31.53,4.88,10.67,0.58,9.79,12.99,83.62,36.0,100.0,12.41,138.51
665,4.34,40.05,4.12,10.62,1.08,1.54,21.79,70.84,152.0,94.43,24.73,103.75
666,13.89,31.79,6.51,32.74,0.9,4.31,20.42,83.58,103.0,96.43,18.07,294.07
667,8.27,32.34,5.97,21.32,0.84,5.08,19.31,89.25,215.0,86.84,16.66,200.31
668,8.79,42.47,3.24,15.67,0.22,1.15,20.0,97.45,151.0,89.19,18.45,145.8
669,11.12,37.05,6.23,24.24,0.6,1.51,24.09,81.47,220.0,93.41,31.47,202.63
670,5.26,43.98,9.15,16.33,0.8,3.87,29.03,82.46,61.0,96.65,22.67,179.15
671,3.26,41.55,3.76,8.47,0.96,4.38,12.5,88.52,184.0,89.26,12.22,103.95
672,10.21,28.68,8.54,29.89,0.69,2.34,21.38,91.74,157.0,91.25,17.83,253.46
673,11.62,39.94,3.63,21.08,0.65,3.64,7.03,92.17,309.0,84.95,10.08,201.32
674,8.87,43.15,3.49,15.82,1.21,6.72,-1.86,82.27,129.0,90.63,5.55,225.91
675,7.12,43.2,3.08,12.97,0.64,10.71,9.04,82.98,184.0,91.79,13.12,181.85
676,4.19,39.93,3.27,9.56,0.26,0.47,35.89,87.34,294.0,85.96,40.21,94.46
677,6.9,39.81,2.71,13.11,0.3,7.61,28.23,87.97,19.0,99.36,31.42,144.08
678,16.38,32.18,3.79,34.32,0.61,1.52,-2.1,85.43,176.0,92.84,0.7,340.89
679,7.24,28.98,6.97,21.96,0.49,3.75,11.08,87.13,116.0,93.47,13.89,201.36
680,7.19,31.89,3.46,17.0,0.05,5.87,16.29,90.39,87.0,96.77,19.14,145.4
681,8.05,24.01,7.8,27.93,0.65,0.58,18.36,83.59,247.0,85.01,21.53,246.47
682,6.87,42.06,0.36,10.16,0.52,1.92,12.38,64.82,419.0,78.5,17.01,108.76
683,13.99,32.3,3.09,29.07,0.17,4.99,25.87,79.64,158.0,92.81,27.36,239.6
684,11.68,41.75,2.24,19.03,0.69,2.65,33.25,91.54,200.0,88.46,38.45,184.1
685,6.04,26.61,6.83,20.45,0.96,2.8,29.32,95.07,332.0,84.07,37.17,191.51
686,7.28,40.5,2.69,13.48,0.43,1.25,12.53,83.48,110.0,91.78,16.07,138.45
687,7.81,31.03,4.78,19.89,0.73,1.42,4.28,87.42,56.0,95.65,13.01,189.76
688,8.59,26.29,5.69,25.3,0.46,1.65,24.03,80.23,346.0,79.83,20.52,199.66
689,5.68,43.76,2.68,10.48,1.29,6.23,3.12,93.45,136.0,94.75,9.83,141.0
690,5.98,40.64,4.68,13.51,1.03,3.06,25.34,81.79,173.0,89.64,30.11,143.48
691,14.02,35.27,8.39,32.24,0.5,0.95,32.27,97.09,280.0,86.16,32.66,244.4
692,14.89,34.2,3.17,29.29,0.36,5.33,23.17,84.36,68.0,95.34,24.82,241.38
693,6.11,36.64,5.03,15.03,0.85,6.38,7.2,87.06,76.0,98.83,12.75,161.28
694,6.99,35.17,2.82,14.75,0.84,0.51,8.2,93.07,188.0,92.45,8.74,147.09
695,11.05,29.25,9.33,32.0,0.33,7.18,18.66,66.64,62.0,97.51,28.32,293.81
696,2.89,31.53,6.92,12.42,0.41,1.15,35.77,87.66,281.0,89.3,34.67,129.67
697,13.51,45.76,4.66,22.38,0.82,6.28,19.41,89.77,154.0,91.95,17.37,265.86
698,5.59,50.0,1.18,7.89,0.48,5.14,6.82,87.3,83.0,94.15,15.04,105.23
699,10.46,43.38,4.56,19.03,0.57,2.32,16.88,89.62,280.0,87.82,23.0,183.08
700,2.58,36.87,7.79,11.98,0.77,0.47,39.12,93.16,244.0,85.27,45.0,138.84
701,10.9,31.97,3.75,24.21,1.0,4.73,3.26,91.16,209.0,89.63,0.02,269.12
702,10.52,29.21,1.96,23.57,0.61,3.22,31.55,80.93,97.0,95.69,32.91,204.83
703,10.11,29.61,5.78,26.27,1.42,6.02,14.67,67.11,210.0,90.19,14.51,279.12
704,4.66,30.68,1.72,10.84,0.88,3.59,22.84,82.62,242.0,90.22,25.55,101.6
705,6.22,46.91,7.41,15.37,0.5,3.13,27.32,90.65,43.0,100.0,30.05,164.87
706,9.04,44.84,5.92,18.01,1.36,4.32,10.55,81.83,166.0,90.44,20.99,207.82
707,6.02,38.48,3.03,12.42,1.05,3.37,29.74,79.55,76.0,96.84,30.29,144.29
708,5.22,28.24,1.74,12.84,0.22,7.56,22.93,84.93,115.0,95.07,28.54,127.1
709,13.43,39.36,1.27,21.75,1.21,2.76,31.79,85.48,305.0,85.98,37.8,212.19
710,2.03,32.57,7.15,10.89,0.15,6.34,22.04,78.41,134.0,94.2,24.32,102.02
711,14.26,21.08,1.21,41.81,0.93,4.84,37.2,98.71,182.0,89.63,43.68,486.54
712,4.44,35.72,3.34,10.79,0.24,3.9,1.54,93.43,341.0,82.07,4.74,104.95
713,9.81,28.95,2.44,22.77,0.22,0.63,25.02,79.39,364.0,79.02,30.78,164.54
714,9.63,29.15,3.36,23.17,0.95,3.02,20.83,78.51,190.0,88.82,23.17,212.77
715,4.66,32.5,9.23,17.83,1.01,1.06,7.35,86.16,323.0,81.92,4.71,192.21
716,6.12,31.01,2.04,13.88,0.29,2.13,31.04,91.57,270.0,86.04,33.92,114.46
717,11.81,33.79,2.29,23.26,0.07,2.01,7.01,84.15,371.0,83.7,18.35,192.52
718,7.39,33.51,1.94,15.17,0.75,6.46,25.17,76.11,193.0,89.79,28.67,138.49
719,17.42,22.75,6.49,52.46,0.47,3.42,14.1,81.82,85.0,98.28,17.63,480.72
720,5.46,43.12,1.65,9.25,0.4,6.92,40.0,90.05,30.0,95.21,45.0,104.16
721,5.47,28.1,9.37,21.04,0.4,1.0,24.35,89.67,107.0,93.77,20.95,179.77
722,4.21,28.29,3.67,12.6,1.16,2.85,24.6,80.02,68.0,96.48,27.71,127.46
723,5.66,32.03,4.76,15.35,0.56,12.07,34.6,97.32,355.0,84.74,31.73,204.63
724,8.0,33.35,2.65,17.04,0.24,4.07,18.31,81.26,91.0,97.07,18.17,137.91
725,17.66,42.75,5.0,29.79,0.61,1.84,23.29,79.01,135.0,95.2,26.47,244.87
726,5.72,35.62,0.85,10.48,0.85,1.36,5.01,81.5,189.0,90.84,13.36,111.81
727,2.07,37.4,3.69,7.02,0.84,5.44,18.57,75.98,118.0,94.12,19.7,89.95
728,6.56,35.65,3.73,14.77,0.57,3.41,18.97,91.86,432.0,81.41,23.54,124.54
729,8.0,35.39,4.65,18.21,0.66,6.43,-0.78,88.17,156.0,91.97,1.11,221.3
730,14.07,35.86,9.6,33.14,0.27,0.77,22.71,91.06,94.0,95.23,28.67,273.14
731,8.52,22.4,1.47,24.3,0.19,0.07,31.88,77.52,57.0,95.93,38.3,224.64
732,6.43,32.5,7.71,19.58,0.35,2.54,26.84,82.59,114.0,95.57,36.03,184.27
733,5.52,40.97,1.76,9.84,0.95,3.06,30.98,93.03,170.0,90.96,36.39,106.49
734,10.78,50.0,1.55,14.48,0.65,0.93,25.0,91.04,215.0,90.08,30.36,150.23
735,8.09,26.77,8.34,26.46,0.26,6.93,18.64,87.38,25.0,98.49,21.98,256.82
736,10.63,36.54,11.19,28.65,0.5,4.63,-0.07,87.87,171.0,93.07,11.85,303.6
737,4.1,30.57,0.51,8.56,0.38,6.59,9.32,74.28,20.0,98.34,13.76,89.07
738,6.96,46.29,0.94,9.96,0.27,6.63,19.03,78.23,119.0,93.6,21.65,117.8
739,11.65,25.88,5.67,32.68,0.61,1.08,12.54,88.7,160.0,92.94,20.83,282.22
740,3.11,37.75,5.48,10.42,0.84,4.07,8.87,82.32,135.0,94.56,15.67,107.25
741,4.44,25.56,3.36,13.77,0.26,5.11,40.0,88.51,168.0,92.65,39.34,137.47
742,7.47,32.09,1.13,15.1,0.85,6.41,32.4,90.11,59.0,97.64,39.34,156.31
743,13.29,33.79,3.87,27.47,0.3,8.85,39.88,77.03,64.0,97.26,39.17,315.4
744,14.87,40.42,4.44,26.51,0.63,8.03,12.77,91.22,72.0,96.09,18.82,265.32
745,4.75,27.54,2.12,12.47,0.27,1.11,17.16,78.04,28.0,100.0,15.67,108.24
746,11.26,37.98,2.74,20.53,0.98,3.45,14.08,86.01,134.0,92.72,17.35,190.59
747,14.68,34.11,3.71,29.53,0.99,3.41,-1.07,85.48,76.0,97.13,5.74,305.55
748,11.47,35.64,4.07,23.39,0.96,1.73,22.28,97.1,159.0,92.85,25.54,195.8
749,8.59,39.75,1.92,14.88,0.63,2.41,13.37,92.54,8.0,96.68,13.01,148.37
750,9.14,26.3,3.3,24.15,0.25,8.56,12.91,87.83,90.0,94.91,7.53,267.89
751,5.3,38.86,3.41,11.59,0.91,4.06,10.27,88.23,183.0,93.51,12.63,120.76
752,6.14,30.57,4.88,16.93,1.53,0.36,17.4,85.96,204.0,90.55,23.39,165.0
753,7.12,40.58,6.53,17.07,0.12,0.66,25.78,80.89,386.0,84.14,32.61,140.98
754,6.94,36.01,0.47,12.03,1.14,2.65,8.59,74.56,185.0,90.14,17.13,132.56
755,6.64,32.74,2.18,14.34,0.69,11.16,14.57,80.8,302.0,85.33,17.61,182.94
756,4.23,30.46,2.77,11.1,0.84,1.04,15.44,88.06,203.0,91.2,20.53,104.42
757,14.52,38.94,5.6,27.98,0.42,6.28,16.66,84.37,264.0,85.82,17.26,259.58
758,7.91,41.57,6.77,18.19,0.51,3.64,9.67,74.94,344.0,82.1,9.21,183.13
759,6.65,30.8,4.83,17.79,0.55,5.33,23.41,89.32,67.0,94.51,20.73,163.0
760,3.47,27.2,9.51,17.16,0.66,5.55,18.13,85.9,210.0,88.91,22.84,172.51
761,10.62,38.17,6.52,23.22,0.79,10.74,15.27,78.04,303.0,85.3,19.94,261.87
762,5.41,25.31,0.8,13.61,0.18,5.95,22.07,86.93,282.0,89.28,24.18,123.62
763,6.0,26.17,3.87,17.62,0.96,2.82,16.76,79.51,199.0,91.2,25.14,169.05
764,5.95,27.62,5.72,18.64,0.34,2.11,9.74,86.14,282.0,83.42,11.0,169.16
765,10.98,31.51,1.66,22.57,1.16,9.05,20.79,80.54,101.0,95.39,32.75,242.97
766,9.5,25.98,1.57,23.51,1.01,2.44,19.28,78.13,60.0,95.63,18.85,235.39
767,2.51,22.31,2.63,9.38,0.45,4.19,-1.41,89.92,184.0,88.62,0.91,118.04
768,13.26,27.19,1.34,30.6,0.14,0.89,27.94,92.57,187.0,92.75,29.62,243.51
769,10.24,37.85,5.39,21.62,1.32,1.0,5.54,96.43,276.0,86.03,10.77,219.02
770,8.69,26.37,3.57,23.34,1.03,3.48,18.02,83.27,73.0,95.31,21.05,235.33
771,5.01,31.96,6.86,16.26,0.64,1.0,14.05,87.94,238.0,90.58,12.26,160.35
772,12.56,45.68,7.15,23.65,1.11,4.03,19.72,80.85,103.0,93.12,15.14,283.67
773,8.18,33.7,1.36,15.93,0.58,0.98,12.89,76.86,199.0,88.95,18.96,142.62
774,6.1,36.06,0.75,10.9,0.53,6.08,20.89,84.76,237.0,91.36,18.38,105.64
775,3.6,28.32,1.27,8.9,1.2,2.51,31.07,81.93,162.0,93.55,31.35,99.91
776,7.62,46.98,4.7,14.43,0.28,5.45,13.01,84.43,105.0,95.48,18.49,139.5
777,13.8,30.75,8.37,35.3,0.68,5.32,14.1,85.22,3.0,100.0,19.04,333.6
778,6.5,32.63,3.19,15.15,1.17,5.01,11.0,90.53,58.0,96.89,8.9,167.92
779,3.19,41.9,2.28,6.86,0.33,4.34,21.17,87.31,240.0,85.57,21.79,61.88
780,6.43,32.91,6.11,17.83,0.19,4.25,15.39,87.27,203.0,89.9,23.42,146.92
781,6.17,34.29,0.92,11.72,0.7,2.67,19.19,92.35,166.0,89.49,21.54,116.35
782,8.39,32.31,2.72,18.3,0.36,3.16,6.3,96.86,130.0,94.3,13.85,158.01
783,5.0,32.35,3.1,12.38,0.52,9.06,18.58,93.06,42.0,100.0,12.82,139.79
784,5.66,36.22,2.0,11.37,0.79,6.39,0.13,69.32,131.0,93.43,2.07,130.4
785,3.34,37.32,5.77,11.15,1.14,3.17,23.09,65.28,161.0,91.96,23.08,115.38
786,9.89,30.14,3.89,23.57,0.19,1.6,11.43,91.39,146.0,93.77,11.25,192.05
787,5.49,29.4,1.75,12.96,0.29,1.52,14.0,93.81,281.0,87.58,14.4,89.38
788,4.74,30.35,3.35,12.72,0.63,3.91,19.25,88.19,192.0,93.54,29.09,116.96
789,12.48,25.59,4.59,33.84,0.18,6.21,7.42,85.13,236.0,89.47,10.65,342.88
790,13.78,24.46,2.53,36.33,1.19,5.26,7.72,91.11,276.0,90.4,3.48,410.64
791,9.88,35.78,4.88,21.45,0.08,3.41,40.0,85.22,94.0,94.68,43.05,295.58
792,14.36,39.63,2.96,24.7,0.8,1.12,17.83,91.52,166.0,91.68,18.72,219.77
793,12.62,39.23,9.16,28.46,0.72,1.72,27.29,84.09,210.0,88.91,32.87,237.44
794,7.59,20.0,4.11,26.89,0.36,7.2,11.43,96.86,334.0,84.53,14.99,287.24
795,4.17,32.53,6.34,14.02,1.11,2.15,16.22,85.24,76.0,100.0,17.48,132.3
796,6.34,27.39,3.55,17.43,0.89,2.32,10.67,98.71,272.0,85.62,21.24,169.55
797,5.41,34.86,3.83,13.14,0.62,11.11,31.83,97.95,325.0,84.37,36.23,173.96
798,10.62,31.49,4.27,24.51,0.24,5.52,20.58,95.66,181.0,90.03,23.73,208.99
799,7.08,37.55,4.68,15.99,1.46,5.05,14.37,83.76,221.0,87.59,19.16,170.63
800,2.56,33.89,1.16,5.7,0.16,0.57,23.28,73.95,72.0,96.42,22.47,58.33
801,6.65,22.62,4.12,21.75,0.25,3.87,11.32,91.77,56.0,97.73,11.58,216.85
802,4.89,28.2,5.96,16.37,0.83,1.87,4.87,94.43,183.0,88.86,13.76,165.08
803,7.98,34.03,4.46,18.53,0.16,2.15,29.42,86.13,346.0,84.24,28.74,131.99
804,12.21,34.54,0.76,21.97,0.07,8.68,15.63,83.83,238.0,87.84,14.44,217.97
805,3.55,25.57,1.86,10.19,0.26,1.55,21.74,76.49,282.0,87.66,19.67,93.26
806,13.54,24.78,8.13,40.91,0.28,3.23,15.27,88.39,94.0,98.37,15.89,353.37
807,8.41,34.34,0.55,15.25,0.08,3.98,22.0,87.61,48.0,97.8,30.59,133.22
808,10.7,25.58,7.66,32.75,1.07,2.5,-1.46,72.91,262.0,90.12,-0.84,398.5
809,5.54,23.99,6.13,19.99,0.48,1.49,10.05,95.32,356.0,82.94,18.95,166.3
810,7.74,31.33,0.38,15.21,0.73,3.77,-0.2,86.86,56.0,97.17,5.11,174.6
811,13.45,31.07,8.24,34.21,0.47,3.77,34.65,75.57,396.0,79.02,32.75,315.53
812,12.9,28.73,4.38,31.33,0.71,4.69,19.5,90.16,271.0,84.96,22.55,279.0
813,8.41,29.78,9.02,25.96,0.32,6.19,14.71,95.93,224.0,89.18,14.11,253.57
814,6.9,34.08,2.9,15.04,0.97,1.86,9.55,95.61,182.0,91.1,19.34,162.1
815,9.34,29.68,0.86,19.75,0.4,1.38,29.29,83.22,227.0,86.57,35.63,174.89
816,9.08,34.42,1.67,17.49,0.07,3.51,35.75,98.38,277.0,83.81,33.11,138.5
817,14.47,31.72,1.61,28.99,1.08,1.53,21.29,83.1,104.0,93.15,23.22,252.38
818,5.37,35.01,6.11,15.31,0.52,5.61,20.37,82.43,79.0,96.19,25.62,152.25
819,5.32,39.27,2.63,10.76,0.32,2.83,20.73,74.87,118.0,91.47,20.95,104.67
820,6.84,39.04,0.55,11.05,0.98,8.29,12.81,87.19,237.0,87.13,22.42,129.4
821,4.26,41.76,0.89,7.01,0.56,1.95,16.43,94.52,91.0,95.36,20.19,76.56
822,10.03,39.03,1.0,16.42,0.7,3.81,-0.22,77.87,132.0,90.17,6.54,182.7
823,2.85,35.43,2.32,7.14,1.07,2.34,7.79,72.41,111.0,94.96,15.89,86.03
824,15.14,31.4,4.45,33.39,0.95,1.14,21.74,94.96,221.0,89.76,22.92,275.01
825,9.64,31.67,5.85,24.11,0.88,3.41,15.53,80.6,9.0,98.66,18.58,219.91
826,11.27,28.73,2.36,25.9,0.55,1.84,29.99,64.99,323.0,82.01,33.88,227.88
827,2.48,34.03,8.43,12.81,0.52,1.48,6.02,91.27,88.0,95.96,10.56,118.03
828,10.97,38.18,9.18,26.42,0.78,0.72,28.78,79.49,340.0,82.94,32.47,227.84
829,9.57,29.65,1.03,20.4,0.44,6.11,12.11,87.26,274.0,86.2,14.9,193.45
830,9.92,33.78,4.29,21.91,1.12,2.48,11.82,86.57,377.0,83.9,11.78,207.95
831,7.63,29.94,3.32,18.61,0.45,14.0,11.82,75.47,63.0,95.69,18.15,243.44
832,11.32,35.26,2.39,21.66,0.99,4.54,10.57,94.95,244.0,86.95,14.1,231.77
833,4.87,30.7,5.76,15.28,1.08,1.5,24.26,93.87,246.0,86.8,26.19,149.2
834,9.91,29.56,6.61,26.72,0.61,3.17,12.44,88.72,339.0,81.28,13.85,223.66
835,3.42,29.92,2.79,9.65,0.61,2.59,-0.58,95.05,200.0,87.69,2.3,114.04
836,3.73,37.02,1.65,7.69,0.57,2.42,21.04,75.93,335.0,83.44,26.99,86.46
837,14.98,33.42,3.1,29.99,0.77,4.17,21.49,97.38,290.0,85.82,27.13,250.56
838,5.19,31.43,4.21,14.12,0.99,2.94,16.82,72.87,202.0,90.07,27.68,137.28
839,4.36,35.57,5.34,12.7,0.29,4.35,18.48,86.31,206.0,85.69,21.24,115.95
840,13.38,31.51,4.73,30.2,0.55,2.34,17.61,91.39,79.0,96.86,18.04,261.6
841,13.43,40.76,5.52,25.29,0.8,1.15,24.94,91.46,86.0,97.62,28.8,226.61
842,6.49,28.16,5.55,19.37,0.03,3.56,32.48,70.74,24.0,100.0,38.88,161.36
843,17.71,32.88,2.87,35.19,0.75,2.17,6.3,87.9,144.0,91.26,11.89,324.89
844,5.87,25.57,6.15,19.93,0.37,6.98,36.85,84.92,188.0,89.94,41.19,221.08
845,12.89,31.92,7.32,31.55,0.75,3.36,31.89,79.52,95.0,93.46,36.31,280.47
846,9.31,23.92,1.26,24.61,1.2,1.04,15.13,83.91,134.0,89.97,14.1,235.17
847,6.34,38.48,5.81,15.7,0.61,1.27,20.99,78.32,224.0,89.25,26.07,139.11
848,11.65,38.6,2.1,20.21,0.26,5.29,31.07,87.8,268.0,88.53,31.75,176.3
849,3.29,38.71,1.78,6.88,0.71,0.67,24.73,96.35,134.0,95.82,27.39,69.83
850,8.74,34.17,5.56,20.9,0.27,7.52,23.83,69.08,253.0,88.26,27.04,197.77
851,7.16,28.72,1.28,16.23,0.65,0.64,29.08,93.06,236.0,89.7,31.53,145.56
852,11.44,29.2,8.18,31.68,0.57,2.56,2.92,95.45,170.0,93.97,8.29,298.01
853,8.78,43.18,3.91,16.11,1.07,10.22,9.04,82.49,67.0,97.24,10.75,220.8
854,10.04,42.63,6.77,20.9,1.23,5.12,16.57,82.26,52.0,97.16,17.71,217.51
855,11.18,34.74,6.41,25.72,0.66,4.55,28.48,78.21,172.0,89.7,31.38,221.9
856,7.19,30.91,2.45,16.41,0.11,1.22,35.78,92.3,204.0,89.12,42.43,151.85
857,9.33,42.21,3.69,16.95,0.64,9.27,24.82,93.41,179.0,92.66,25.62,198.9
858,15.88,29.83,4.17,36.12,0.51,4.64,12.88,96.02,98.0,95.65,23.62,333.05
859,9.07,35.37,1.33,16.72,0.72,10.08,17.34,96.1,308.0,87.06,21.45,178.81
860,7.14,42.11,3.33,13.5,0.28,1.54,10.76,84.77,53.0,96.43,10.79,125.51
861,12.46,28.98,2.57,28.37,0.57,2.15,12.4,98.71,218.0,86.08,15.41,239.13
862,7.13,38.98,5.69,16.66,0.35,1.14,10.7,80.23,77.0,97.18,14.05,162.2
863,15.54,37.12,2.64,27.75,0.2,1.96,23.54,73.28,201.0,92.12,23.63,202.58
864,13.93,33.76,3.78,28.53,0.99,2.04,22.27,93.59,48.0,99.6,21.7,240.51
865,6.39,28.04,2.62,16.29,1.09,5.91,28.62,73.94,143.0,95.56,36.73,189.82
867,11.97,35.74,4.45,24.54,0.64,4.76,14.12,70.52,137.0,91.29,15.07,203.04
868,13.78,25.46,5.37,37.85,0.18,4.18,22.97,84.76,37.0,96.91,15.48,326.14
869,12.67,34.78,5.67,27.51,1.5,0.93,30.1,77.26,311.0,81.28,33.9,248.93
870,8.06,37.25,7.74,20.73,0.85,4.35,24.31,97.01,101.0,96.57,23.2,206.61
871,8.53,39.91,7.03,19.85,0.07,4.59,31.48,71.2,228.0,86.52,30.48,181.11
872,7.63,25.61,10.07,27.95,1.11,4.29,20.69,91.68,29.0,97.45,24.96,273.55
873,8.13,41.9,2.26,13.9,0.49,2.76,3.75,79.8,126.0,91.36,2.14,146.24
874,6.07,44.17,5.2,13.44,0.61,9.93,26.52,95.63,94.0,93.45,25.6,185.49
875,16.36,36.46,4.22,31.14,1.24,6.73,26.08,73.82,305.0,84.75,29.81,330.12
876,10.97,27.77,4.81,28.5,0.09,1.44,35.05,86.74,14.0,100.0,41.95,231.29
877,10.55,32.03,5.59,25.35,0.35,10.42,10.21,80.87,81.0,95.35,10.41,283.6
878,13.57,33.71,2.08,26.23,1.17,3.36,20.4,84.34,38.0,98.2,29.96,248.89
879,2.87,35.62,3.15,7.98,0.64,2.7,19.92,74.82,271.0,87.4,16.59,76.85
880,11.11,34.13,0.51,20.04,0.6,1.31,15.71,88.58,179.0,92.28,15.07,168.95
881,13.96,35.69,5.78,29.25,1.06,3.18,3.78,97.47,169.0,94.31,-0.9,312.26
882,4.03,33.46,1.47,8.69,0.28,5.24,14.57,93.03,203.0,89.98,14.37,84.89
883,13.57,35.59,2.33,25.21,0.44,2.59,15.55,96.16,404.0,79.46,13.16,210.26
884,10.99,31.24,1.49,22.59,0.37,5.07,13.8,95.41,185.0,88.54,11.26,207.82
885,8.86,31.97,5.51,22.13,0.28,9.03,22.07,94.6,71.0,97.38,23.08,227.09
886,8.37,30.54,6.09,22.53,0.62,8.5,33.82,85.38,129.0,90.93,34.66,239.64
887,4.76,45.5,1.33,7.61,0.03,2.97,25.48,81.03,78.0,99.3,25.4,85.06
888,2.34,42.78,0.03,3.31,0.63,4.51,9.76,94.09,359.0,85.37,14.93,37.4
889,12.79,37.33,5.97,26.52,0.72,3.37,28.22,94.36,108.0,92.09,28.73,226.72
890,4.32,41.95,8.15,14.32,0.92,5.82,29.35,80.59,100.0,94.33,36.93,146.85
891,6.04,38.79,6.4,15.75,0.63,5.03,25.45,70.09,84.0,95.46,28.5,157.33
892,17.22,35.09,7.12,36.56,0.17,2.95,34.38,84.36,131.0,92.22,35.22,292.71
893,9.63,24.97,2.9,26.05,0.57,4.05,16.4,92.8,129.0,94.79,14.25,239.06
894,10.01,32.43,6.14,24.67,0.41,4.54,39.88,79.04,330.0,79.91,42.2,239.55
895,6.96,31.99,7.97,21.02,0.89,8.58,20.83,90.18,90.0,93.94,29.82,217.41
896,13.42,27.2,1.01,30.62,1.05,3.32,-5.05,87.67,26.0,95.28,4.32,347.79
897,3.36,25.08,10.06,18.1,1.24,5.43,40.0,75.21,24.0,100.0,37.28,238.72
898,11.32,36.96,4.29,22.66,0.79,2.79,6.46,93.34,70.0,97.94,12.69,223.84
899,3.8,35.95,2.77,9.11,1.25,3.96,17.02,65.79,294.0,84.69,15.75,102.63
900,16.33,27.0,7.71,44.01,0.26,3.04,13.7,76.12,283.0,83.54,13.72,385.04
901,10.48,29.52,1.5,22.8,0.54,1.58,15.25,91.18,14.0,100.0,23.38,188.58
902,4.62,40.97,3.8,10.56,0.17,0.93,17.96,88.9,248.0,87.1,18.39,94.82
903,8.33,28.73,2.82,20.22,0.55,2.57,27.68,80.43,213.0,90.24,28.92,161.83
904,11.62,35.02,1.36,21.27,0.91,2.99,22.6,82.19,231.0,88.44,26.9,176.27
905,6.37,32.86,7.45,19.09,0.7,4.45,17.93,86.05,158.0,92.27,19.65,187.1
906,6.82,37.04,2.61,13.66,1.07,6.1,13.5,87.53,201.0,89.41,17.53,137.4
907,13.31,28.86,6.09,33.77,0.79,1.83,16.26,79.62,370.0,83.46,16.77,280.54
908,8.16,34.54,4.8,18.98,0.55,2.52,29.23,82.47,164.0,92.6,36.4,155.95
909,13.54,35.01,8.9,32.1,1.21,5.27,20.65,90.34,219.0,88.76,21.03,317.37
910,9.5,35.38,6.14,22.24,0.66,3.51,10.75,88.72,67.0,93.19,21.3,199.8
911,11.51,34.47,1.49,21.51,0.49,1.55,23.77,93.29,97.0,95.92,27.21,169.83
912,13.71,36.07,2.91,25.72,0.61,3.8,35.36,76.19,199.0,91.12,38.59,197.83
913,14.61,47.15,1.36,19.94,0.12,1.65,9.8,82.67,222.0,90.92,12.63,190.15
914,4.57,49.37,9.49,15.04,0.41,5.09,-0.23,81.86,159.0,91.62,6.87,200.62
915,11.37,30.16,5.69,28.31,1.63,10.04,18.46,94.33,75.0,100.0,18.39,380.45
916,15.78,20.09,5.13,52.25,1.13,5.35,24.04,93.95,351.0,79.52,25.3,553.69
917,12.46,37.57,1.07,20.97,0.79,7.58,33.7,76.21,86.0,92.46,40.71,244.38
918,9.05,35.12,2.85,18.31,1.39,1.09,10.24,69.07,175.0,93.44,10.98,185.23
919,13.5,40.37,1.08,21.15,0.3,4.08,15.91,87.48,93.0,97.12,19.79,179.32
920,16.59,35.71,6.33,34.2,0.79,5.3,13.77,88.54,369.0,79.44,17.22,334.26
921,11.26,34.35,2.63,22.29,0.3,1.01,25.15,90.3,3.0,99.85,26.35,167.62
922,11.87,40.77,4.09,21.55,0.3,4.01,7.13,76.77,26.0,96.49,10.18,217.45
923,10.52,41.61,5.78,20.96,1.2,4.1,32.16,75.16,101.0,93.14,41.78,228.02
924,3.4,25.68,4.61,12.54,0.62,0.95,23.67,89.19,363.0,79.1,29.67,107.2
925,11.58,29.1,4.71,28.59,1.11,3.47,5.61,93.56,110.0,91.94,13.78,290.63
926,3.98,33.37,1.79,8.94,0.75,4.49,15.22,88.97,171.0,91.12,12.37,101.92
927,11.38,34.59,5.39,25.12,0.88,5.34,19.61,74.26,343.0,85.97,25.67,229.36
928,3.14,32.64,0.8,6.56,0.7,1.21,10.74,81.3,168.0,91.46,17.59,67.05
929,4.35,36.61,3.15,10.28,0.58,0.57,10.81,91.6,136.0,94.21,15.35,96.79
930,7.37,39.98,0.52,11.58,1.42,4.04,11.24,85.43,70.0,95.74,8.72,125.47
931,6.63,44.34,6.03,14.99,0.38,2.65,11.01,92.21,75.0,99.11,22.78,137.68
932,12.98,37.47,3.95,24.73,1.15,7.63,-3.33,95.64,281.0,85.18,3.57,330.65
933,9.25,28.89,5.74,24.96,0.54,12.39,27.05,93.53,245.0,86.18,38.48,325.78
934,4.87,33.12,4.82,13.64,0.54,5.59,30.79,75.57,11.0,100.0,27.6,127.02
935,6.06,33.55,2.42,13.25,0.29,9.29,0.65,97.06,423.0,78.13,8.06,176.98
936,9.3,37.09,1.41,16.46,0.79,2.15,19.3,95.32,137.0,93.73,21.09,147.44
937,8.36,36.33,8.43,22.25,0.1,5.47,14.69,84.55,42.0,100.0,16.05,184.19
938,10.32,46.3,8.61,21.98,0.54,1.96,14.49,93.79,153.0,89.8,16.51,226.24
939,11.49,31.23,9.39,31.46,0.25,5.88,9.02,94.38,175.0,91.45,14.39,299.86
940,13.49,36.31,0.52,22.81,1.62,4.69,14.19,92.33,176.0,93.15,13.33,266.16
941,10.73,48.13,4.6,17.98,1.26,6.09,40.0,88.7,314.0,83.68,38.71,240.2
942,8.26,30.49,6.23,22.48,0.76,1.53,25.52,62.35,63.0,95.2,25.03,191.36
943,6.5,34.87,1.36,12.54,0.09,5.38,17.16,82.52,262.0,88.86,19.15,114.26
944,15.51,28.33,4.38,37.22,0.29,7.27,3.95,84.26,29.0,99.56,6.4,398.69
945,9.27,34.49,3.66,19.78,0.21,4.53,13.13,80.53,78.0,95.19,15.58,167.81
946,10.45,29.32,2.4,23.78,1.23,4.01,17.72,87.38,236.0,90.26,22.33,226.78
947,6.94,40.28,0.48,10.82,1.05,2.3,9.46,77.65,387.0,77.72,17.77,109.42
948,6.74,34.88,6.24,17.83,0.79,14.0,20.12,86.98,44.0,97.53,26.5,258.55
949,4.93,28.39,3.61,14.04,0.46,3.41,16.6,89.99,159.0,91.29,23.31,127.56
950,8.61,39.04,8.8,22.03,0.64,3.65,26.07,88.72,15.0,97.47,27.85,179.6
951,6.01,35.08,5.63,15.91,0.41,3.38,10.17,84.13,26.0,100.0,12.11,150.78
952,6.66,39.72,6.22,16.28,0.91,2.53,22.84,78.68,35.0,100.0,26.35,164.36
953,12.44,27.11,2.86,30.4,0.41,5.57,23.76,88.07,285.0,86.53,24.65,261.97
954,3.57,36.21,5.4,11.31,0.35,6.26,20.76,92.18,161.0,92.45,26.19,111.46
955,5.38,38.64,6.69,15.04,0.78,5.68,15.57,81.87,95.0,95.6,19.31,152.16
956,10.41,31.46,0.99,20.84,0.43,11.74,24.6,89.94,58.0,96.16,27.19,248.67
957,10.61,26.45,1.67,25.74,0.34,1.38,12.0,86.79,215.0,86.47,17.94,226.21
958,14.09,33.75,5.08,30.12,0.06,3.57,-0.71,94.37,164.0,90.53,5.9,301.39
959,2.52,41.37,6.97,10.63,0.31,0.72,14.13,88.13,232.0,86.89,11.02,100.58
960,13.36,40.76,8.48,28.15,0.65,3.28,18.28,85.77,244.0,85.38,16.78,258.31
961,4.62,31.43,1.75,10.56,1.14,5.87,9.74,90.68,86.0,97.72,16.68,133.67
962,7.41,26.3,1.48,18.37,0.4,1.52,17.02,82.07,297.0,84.27,22.38,152.22
963,3.31,31.41,5.25,11.58,0.53,1.05,-0.36,88.24,30.0,99.75,7.86,124.27
964,1.58,31.19,7.5,10.54,0.4,0.94,24.15,74.18,215.0,89.34,29.32,94.78
965,13.6,36.67,1.58,23.83,0.63,0.95,23.9,83.99,248.0,85.53,33.13,205.54
966,4.96,33.37,5.2,14.11,1.24,6.42,17.73,83.3,105.0,97.9,23.71,151.01
967,11.51,29.48,1.29,24.71,0.9,1.28,30.68,83.41,275.0,87.53,37.03,251.06
968,6.34,40.63,1.24,10.61,0.87,6.03,8.81,92.75,110.0,94.59,14.23,126.89
969,14.35,34.84,1.77,26.48,0.78,2.82,25.88,88.91,151.0,94.08,32.96,227.37
970,6.94,36.61,5.68,17.05,1.1,1.73,21.92,70.4,119.0,96.6,22.27,172.5
971,7.64,23.65,3.74,23.12,0.24,4.09,13.65,64.41,257.0,85.84,18.91,197.68
972,5.45,20.0,1.09,17.43,0.76,3.21,16.38,88.1,50.0,95.23,19.38,171.79
973,4.48,25.37,6.79,17.38,0.39,2.22,17.22,95.94,186.0,90.9,21.0,154.72
974,12.42,31.12,4.21,28.15,0.29,0.64,20.68,95.56,113.0,93.18,20.43,214.4
975,8.39,37.46,8.26,21.71,0.67,1.95,19.28,92.48,277.0,88.49,24.88,185.34
976,1.98,20.0,2.35,8.3,0.53,2.54,4.26,89.52,169.0,92.85,8.45,107.83
977,14.75,43.56,3.09,23.41,0.27,3.33,26.19,81.12,231.0,87.65,27.85,195.77
978,9.8,35.02,4.26,21.04,0.85,3.56,27.06,69.56,218.0,90.48,30.91,197.59
979,4.89,42.16,2.64,9.61,0.97,1.98,19.34,78.66,231.0,85.39,28.38,99.73
980,3.23,28.68,4.97,11.73,0.36,4.25,27.77,88.01,263.0,87.41,34.28,119.27
981,4.84,37.02,5.48,13.32,0.83,5.34,9.41,66.37,75.0,96.71,14.78,146.8
982,9.28,34.51,0.33,16.46,0.58,8.75,34.46,78.82,187.0,88.19,33.0,172.17
983,12.98,38.91,0.76,20.78,0.32,6.11,9.39,83.08,88.0,93.73,7.76,218.09
984,7.29,32.6,2.83,16.26,0.3,0.83,28.01,94.41,181.0,91.48,28.9,132.18
985,18.48,36.84,5.44,35.53,0.97,6.3,19.93,80.74,259.0,85.42,16.88,341.72
986,6.63,40.61,0.26,10.07,0.3,8.32,21.83,91.75,35.0,98.35,24.02,116.76
987,8.1,30.09,4.14,20.3,0.7,9.75,30.63,73.57,60.0,97.74,35.37,219.38
988,4.04,35.45,1.86,8.7,0.36,1.18,24.27,82.03,161.0,94.41,21.88,67.09
989,7.88,22.67,3.91,24.75,0.76,2.9,10.39,89.38,122.0,96.74,12.25,254.5
990,12.61,38.22,5.26,25.06,0.56,0.8,23.4,97.48,22.0,100.0,24.62,199.88
991,15.95,45.73,3.07,23.99,0.26,2.88,39.2,77.18,81.0,94.86,32.51,251.24
992,11.87,26.53,4.83,31.68,0.4,1.78,36.81,82.29,67.0,95.66,34.34,285.88
993,2.54,33.45,5.47,10.03,0.48,3.77,28.21,87.84,35.0,99.59,22.44,93.88
994,4.06,39.28,2.34,8.53,0.57,5.47,22.71,94.87,167.0,88.51,28.64,87.86
995,2.63,34.19,3.86,8.48,1.21,3.03,10.19,98.51,197.0,90.1,11.66,104.84
996,4.8,34.99,5.92,14.16,0.24,12.79,20.03,74.51,129.0,95.94,23.08,179.35
997,5.43,31.65,4.07,14.36,1.35,5.09,17.26,81.89,246.0,84.7,21.97,157.43
998,5.23,31.43,1.66,11.65,1.13,5.06,12.59,85.21,105.0,95.8,20.79,127.95
999,10.62,33.48,5.69,24.71,0.81,5.36,16.19,94.61,161.0,91.05,25.92,250.95
1000,3.93,34.25,0.28,7.17,0.13,0.98,10.57,86.33,91.0,94.75,8.97,71.78
1001,10.74,26.91,3.02,26.97,0.2,5.48,40.0,92.64,232.0,86.03,44.63,272.84
1002,11.67,33.6,1.32,22.17,0.59,1.86,14.18,86.0,62.0,97.03,22.72,181.03
1003,6.96,43.41,0.29,9.91,0.43,4.84,26.09,79.06,309.0,82.15,36.1,101.57
1004,13.8,31.49,4.55,30.85,0.34,3.45,18.11,90.35,267.0,85.65,20.39,252.42
1005,11.86,26.58,5.32,32.09,0.63,3.02,5.26,88.4,140.0,91.72,6.47,312.91
1006,5.43,33.09,0.09,9.93,0.22,1.85,17.17,90.45,228.0,87.18,16.19,84.48
1007,9.66,29.71,4.6,24.11,0.61,2.58,18.75,86.97,59.0,95.33,21.03,229.2
1008,6.66,25.97,0.62,16.01,1.52,3.15,33.2,85.72,103.0,91.94,38.74,172.14
1009,11.79,34.84,5.87,26.18,0.61,2.05,16.98,79.1,261.0,85.52,15.58,213.08
1010,11.09,29.74,0.45,22.83,1.44,0.6,7.82,95.64,262.0,84.26,7.24,249.38
1011,10.16,30.25,4.12,24.27,0.1,5.57,6.68,84.02,271.0,84.7,9.84,226.45
1012,3.4,34.92,4.14,9.98,0.62,2.01,28.39,92.24,353.0,82.98,30.11,98.3
1013,5.8,24.8,6.08,20.11,0.52,2.6,7.32,88.65,192.0,88.71,10.37,217.39
1014,5.42,23.55,4.95,18.75,0.9,3.01,18.97,96.45,137.0,92.5,27.52,184.74
1015,2.36,38.03,1.76,5.48,0.41,9.93,0.92,97.88,129.0,94.74,-2.71,87.56
1016,3.82,22.41,5.98,16.2,0.52,5.83,34.85,89.92,235.0,89.0,34.33,172.31
1017,4.3,28.14,6.88,16.04,0.52,0.4,4.9,75.14,97.0,93.92,7.95,153.93
1018,6.93,23.2,1.74,19.66,0.69,6.79,27.16,79.07,20.0,99.15,25.48,209.39
1019,11.35,31.08,3.8,25.7,0.25,0.7,28.97,89.27,127.0,89.86,39.42,189.57
1020,5.86,36.57,2.31,11.93,0.44,4.24,39.31,82.59,305.0,82.14,45.0,135.01
1021,7.55,34.67,1.08,14.14,0.71,4.67,7.8,97.36,81.0,96.87,8.31,151.23
1022,6.59,48.35,3.44,11.62,0.43,1.31,18.71,87.76,240.0,89.01,23.32,121.97
1023,7.81,40.52,10.22,21.79,1.83,1.82,40.0,85.15,109.0,93.68,43.12,266.81
1024,7.96,28.41,6.44,23.25,0.3,2.21,12.1,88.35,352.0,83.03,17.42,179.58
1025,13.38,26.81,5.61,35.55,0.5,1.98,22.65,96.6,242.0,87.71,25.7,303.81
1026,6.84,50.0,1.94,10.14,0.19,1.03,25.77,94.06,184.0,89.32,25.48,97.2
1027,13.15,40.38,1.39,20.93,0.39,4.96,27.58,94.4,114.0,95.86,28.92,181.06
1028,8.22,37.54,3.66,16.8,0.48,1.11,37.34,95.66,167.0,93.7,45.0,168.76
1029,7.7,34.45,7.51,20.93,0.44,2.51,12.8,74.68,70.0,95.78,11.25,173.29
1030,16.44,35.64,3.1,30.78,0.78,2.19,12.98,89.82,61.0,97.47,14.57,270.52
1031,13.56,25.11,3.36,35.76,1.21,2.28,19.64,91.02,202.0,87.77,17.61,370.29
1032,2.3,34.94,1.18,5.12,1.14,2.76,35.03,90.34,180.0,86.65,45.0,63.01
1033,9.45,34.43,1.08,17.55,1.51,3.23,12.04,92.66,304.0,85.61,12.45,191.18
1034,4.08,28.58,5.57,14.14,1.38,0.05,14.97,85.11,133.0,90.63,22.53,123.86
1035,8.95,30.77,5.56,23.01,1.51,1.24,12.58,98.23,56.0,98.46,15.63,248.78
1036,5.13,43.09,4.36,11.5,0.24,6.97,16.05,72.51,86.0,94.21,18.13,120.3
1037,9.17,33.25,3.25,19.8,0.75,5.26,13.03,93.07,149.0,92.54,18.36,185.74
1038,16.3,46.43,4.82,25.88,0.51,0.37,21.95,93.37,176.0,89.76,15.64,233.44
1039,10.72,23.56,8.16,35.48,0.33,1.54,15.6,94.17,255.0,86.31,13.67,287.76
1040,6.46,30.87,2.58,15.14,0.28,2.89,28.4,76.79,153.0,89.95,25.79,128.48
1041,6.49,24.72,1.11,16.85,0.7,1.23,18.12,99.19,234.0,88.05,20.33,141.53
1042,13.42,26.74,1.15,31.26,0.58,2.95,-0.05,85.22,167.0,93.44,6.42,303.12
1043,10.77,29.03,2.02,24.28,0.74,1.38,33.73,87.48,172.0,89.72,36.0,209.14
1044,14.0,35.89,2.68,26.09,0.86,6.5,26.23,81.41,255.0,85.31,16.68,263.29
1045,10.59,35.6,5.19,23.03,0.31,5.59,29.94,72.2,120.0,96.43,26.28,187.01
1046,8.58,29.92,2.76,19.96,0.26,8.62,15.23,95.91,96.0,96.58,23.58,189.36
1047,11.55,20.63,5.55,39.13,0.91,5.15,38.67,87.8,263.0,86.85,43.96,492.64
1048,16.61,42.87,7.75,31.0,0.6,4.53,25.6,78.02,33.0,97.3,26.94,287.34
1049,8.43,32.29,0.62,16.28,1.14,1.29,25.62,83.18,301.0,81.6,32.2,156.18
1050,6.09,27.3,1.5,14.88,0.29,1.79,-3.59,80.68,123.0,91.5,1.68,166.08
1051,5.97,35.65,1.01,11.05,0.9,4.78,16.29,86.58,130.0,96.43,15.81,117.64
1052,10.79,35.23,2.94,21.32,0.63,2.19,24.47,97.32,261.0,85.66,34.56,185.07
1053,6.84,32.06,6.02,18.82,0.47,5.41,21.11,76.31,169.0,89.74,16.13,178.47
1054,7.6,34.89,2.53,15.59,0.48,0.88,12.44,97.47,300.0,86.45,17.88,143.23
1055,13.65,27.07,3.25,33.51,0.97,3.47,-9.46,75.2,338.0,79.86,-3.7,423.01
1056,4.56,38.56,2.36,9.46,0.35,3.04,19.89,96.93,205.0,89.47,23.35,92.42
1057,8.29,28.02,0.7,18.46,1.35,1.65,21.28,92.79,295.0,88.03,19.86,179.01
1058,13.6,30.37,5.1,31.97,0.42,3.26,32.65,76.86,120.0,93.1,35.4,258.52
1059,9.78,37.89,2.26,17.76,0.92,1.23,24.47,83.78,52.0,97.42,26.97,155.01
1060,9.03,41.22,5.34,18.48,1.13,2.97,19.99,89.38,209.0,88.42,23.16,178.43
1061,11.32,43.51,8.71,24.32,0.62,0.8,19.28,79.28,374.0,79.05,18.29,211.18
1062,8.97,40.33,3.36,16.7,0.26,1.83,19.74,89.03,120.0,93.08,21.09,141.32
1063,7.33,32.06,5.62,19.34,0.16,7.08,13.49,97.35,113.0,94.91,18.84,185.86
1064,2.42,24.75,9.83,15.69,0.33,6.95,13.76,83.91,137.0,94.14,12.87,191.24
1065,11.51,42.43,4.33,20.6,0.6,2.8,20.07,86.5,224.0,90.24,16.63,188.76
1066,3.41,42.22,0.13,4.97,0.33,3.79,30.75,89.53,26.0,100.0,29.4,49.06
1067,11.47,29.97,1.09,24.05,1.55,8.14,26.0,79.02,138.0,90.08,24.09,292.06
1068,2.36,39.53,7.03,10.62,0.36,2.67,23.18,84.34,105.0,96.5,25.7,111.52
1069,5.24,32.01,2.85,12.67,1.48,0.95,3.53,82.15,108.0,96.27,9.35,130.22
1070,9.98,43.01,8.41,22.34,0.59,4.21,27.68,91.18,155.0,90.14,30.28,206.7
1071,7.64,30.91,5.26,20.09,1.25,2.3,21.99,93.53,228.0,88.88,29.39,180.12
1072,6.76,45.87,3.86,12.7,0.34,7.84,40.0,94.56,51.0,97.37,42.16,139.65
1073,16.8,38.72,5.59,31.63,0.46,1.59,18.94,83.41,234.0,88.53,24.62,259.58
1074,12.42,44.79,3.86,20.5,0.87,1.94,25.37,86.85,28.0,96.91,26.4,189.63
1075,2.52,31.22,4.16,9.0,0.35,3.59,23.12,95.21,283.0,85.76,25.81,84.68
1076,14.26,36.43,3.75,27.24,0.56,7.1,17.85,92.45,201.0,89.15,20.91,269.88
1077,10.38,28.18,0.75,22.86,0.49,5.37,18.31,86.28,172.0,94.48,21.75,194.5
1078,6.13,39.06,2.98,12.39,0.26,3.64,13.51,92.62,30.0,96.6,21.71,107.12
1079,11.45,39.39,4.81,22.26,0.77,5.13,24.37,89.47,329.0,81.47,24.84,203.67
1080,8.04,48.38,6.36,16.33,0.49,10.24,5.61,78.82,31.0,98.1,10.17,206.21
1081,12.36,36.89,6.41,26.51,0.28,3.03,40.0,86.22,74.0,95.54,38.26,235.56
1082,4.68,38.34,1.87,9.18,0.8,1.09,17.23,88.2,279.0,83.97,16.83,77.17
1083,5.86,31.18,3.57,14.84,0.18,3.57,13.24,93.66,246.0,88.87,13.17,132.47
1084,4.02,37.25,0.19,6.67,0.1,7.87,16.51,94.11,383.0,79.98,14.71,76.47
1085,5.55,31.72,5.2,15.7,1.18,1.56,28.03,84.58,256.0,86.45,28.79,136.81
1086,5.98,34.7,6.78,17.11,0.34,1.26,25.55,86.93,224.0,85.17,27.6,154.19
1087,9.86,35.05,4.34,21.21,1.23,6.15,18.17,89.44,103.0,96.32,21.04,233.62
1088,5.13,31.89,10.03,19.69,0.81,1.26,14.31,83.95,163.0,91.68,22.68,175.47
1089,8.1,34.38,7.11,21.24,0.98,4.34,8.0,87.06,177.0,93.96,17.01,202.49
1090,12.79,31.75,0.54,24.7,0.61,2.91,18.02,82.09,244.0,89.12,16.57,197.47
1091,10.68,31.72,10.3,30.51,0.79,5.09,22.17,90.42,157.0,91.71,21.17,305.02
1092,7.11,40.46,2.41,12.94,0.35,6.3,-3.16,71.81,210.0,89.32,-2.31,169.0
1093,1.48,35.05,5.29,7.82,1.04,1.58,28.12,98.1,215.0,88.33,35.19,76.97
1094,8.37,36.08,0.84,14.76,0.61,1.3,23.74,96.06,108.0,93.87,26.23,112.21
1095,6.81,25.26,3.31,19.49,0.61,6.67,15.39,67.91,50.0,100.0,17.14,189.47
1096,4.19,36.54,2.57,9.44,0.18,4.41,18.79,83.99,110.0,91.36,24.41,75.69
1097,8.81,37.18,5.51,19.73,0.71,2.16,9.88,81.83,65.0,96.08,23.45,182.61
1098,12.7,31.61,2.43,26.53,0.27,0.34,19.7,70.38,135.0,91.05,16.46,192.31
1099,5.28,46.51,3.4,10.21,0.39,0.92,-1.99,87.72,112.0,91.13,-1.77,136.07
1100,11.39,20.26,1.67,35.38,0.49,4.16,28.47,94.07,81.0,96.25,29.39,365.73
1101,7.31,38.71,3.86,15.19,0.17,2.77,16.43,93.43,135.0,92.83,9.55,156.79
1102,9.3,38.28,1.47,16.05,0.71,6.67,-0.33,96.18,72.0,96.33,0.07,201.66
1103,12.58,37.25,1.53,21.78,1.37,6.49,29.2,95.98,176.0,94.22,27.22,203.61
1104,1.42,35.06,9.55,11.98,0.47,2.07,13.98,93.45,129.0,91.29,20.76,120.2
1105,4.28,37.3,3.4,10.29,1.16,3.71,13.08,89.91,235.0,93.0,11.58,112.96
1106,2.12,39.21,4.32,7.56,0.7,5.79,14.29,93.46,227.0,86.96,15.51,83.8
1107,4.2,29.64,0.94,9.44,0.74,2.35,13.06,79.23,103.0,92.67,21.31,92.27
1108,9.49,35.8,1.85,17.76,0.46,6.85,24.48,98.14,116.0,93.66,28.32,161.05
1109,18.24,32.9,5.27,38.54,0.75,8.12,17.08,96.03,246.0,88.79,17.59,412.19
1110,7.36,27.44,1.62,17.71,0.91,4.56,14.2,71.2,439.0,77.35,10.87,181.59
1111,13.52,38.3,1.91,23.09,1.17,2.16,15.27,65.81,261.0,86.4,16.02,221.96
1112,9.22,30.61,3.93,22.0,1.15,8.4,30.78,86.86,72.0,97.74,34.27,256.08
1113,7.64,25.01,2.77,21.1,1.51,3.07,11.79,93.08,30.0,100.0,14.59,236.13
1114,14.45,30.77,2.77,30.96,1.14,1.67,17.59,82.57,101.0,96.84,21.41,271.84
1115,13.29,29.21,10.23,37.52,0.23,1.7,8.45,96.96,15.0,100.0,12.91,306.78
1116,4.39,40.17,2.44,9.0,1.24,2.35,30.9,76.67,100.0,96.05,30.84,102.65
1117,14.5,34.92,4.65,29.56,0.84,7.0,11.88,67.05,138.0,95.57,13.29,330.26
1118,1.17,42.29,8.0,9.66,0.71,3.55,33.73,74.87,54.0,95.61,33.65,107.31
1119,7.02,30.0,3.63,17.66,0.29,4.07,40.0,83.39,94.0,94.6,45.0,196.57
1120,8.39,39.25,0.97,13.8,0.26,6.11,25.45,88.8,33.0,98.99,23.56,139.16
1121,7.11,50.0,4.05,12.59,0.82,1.36,11.73,79.03,344.0,81.67,9.33,151.6
1122,8.4,36.14,0.59,14.54,1.37,3.67,8.78,95.58,241.0,88.84,16.5,167.08
1123,5.72,39.17,0.03,8.79,1.03,2.21,30.28,87.74,345.0,81.64,36.56,86.23
1124,7.87,38.16,4.65,17.02,0.94,0.57,21.25,90.93,284.0,87.67,27.08,169.02
1125,12.45,25.47,1.8,31.14,0.34,4.5,18.29,81.83,96.0,95.96,19.81,264.31
1126,9.69,37.51,7.9,23.4,1.0,4.86,23.61,78.96,201.0,88.75,27.24,193.13
1127,16.19,35.84,9.59,36.69,1.04,4.5,9.01,85.88,153.0,96.63,10.62,372.27
1128,8.84,32.44,9.1,25.45,0.8,7.4,16.21,73.87,360.0,79.04,15.13,272.8
1129,7.76,28.7,4.86,21.08,0.3,6.76,8.83,90.73,185.0,90.11,4.32,224.59
1130,17.92,38.18,6.88,35.04,0.14,3.49,22.04,94.65,231.0,90.18,22.27,266.23
1131,13.03,28.17,0.9,28.66,0.91,1.89,25.09,79.1,235.0,86.97,20.84,245.85
1132,10.89,46.8,0.95,14.91,1.15,6.16,29.6,93.42,57.0,94.38,34.64,168.97
1133,2.84,34.69,4.04,8.94,0.49,8.29,12.09,94.34,182.0,88.62,13.81,99.44
1134,15.15,26.66,2.49,36.57,0.91,3.3,28.68,74.77,201.0,91.04,31.46,354.8
1135,12.12,30.92,4.35,27.87,1.36,5.72,1.12,90.02,229.0,89.08,9.56,346.83
1136,4.7,32.33,4.06,12.78,0.78,5.04,7.51,74.81,143.0,93.26,6.43,142.75
1137,10.16,48.47,8.21,20.79,0.77,4.78,24.82,64.45,318.0,84.49,35.02,224.52
1138,4.64,28.69,4.09,13.79,0.43,1.67,23.88,97.73,160.0,93.38,26.98,116.05
1139,14.21,33.3,0.61,26.22,0.47,2.41,22.5,97.24,147.0,89.44,26.37,208.98
1140,14.19,30.77,5.78,33.46,0.3,5.43,2.67,86.38,421.0,82.62,5.72,331.99
1141,14.1,37.0,1.5,24.37,0.57,2.91,29.02,88.85,58.0,95.05,29.92,208.31
1142,6.5,30.87,6.3,18.94,0.36,3.41,21.57,68.8,185.0,90.14,23.34,175.86
1143,12.91,27.17,5.02,33.54,1.42,3.36,20.31,90.41,3.0,100.0,21.68,337.23
1144,3.31,32.83,6.33,12.39,1.05,3.33,25.79,75.91,84.0,95.17,26.22,122.47
1145,8.49,32.2,5.72,21.53,0.27,1.54,14.09,94.12,265.0,86.69,22.89,157.21
1146,7.25,30.45,6.1,20.38,0.96,9.1,30.62,78.12,284.0,83.01,35.22,246.04
1147,6.53,30.77,6.73,19.46,0.68,5.09,21.18,81.96,107.0,92.31,24.23,180.32
1148,4.11,41.11,6.58,12.58,0.69,12.54,22.34,91.91,19.0,96.08,23.41,167.03
1149,8.9,32.08,1.55,18.2,0.75,6.99,26.32,88.07,77.0,96.43,33.0,183.62
1150,4.7,27.2,1.3,11.67,0.71,2.79,1.61,95.45,217.0,89.67,11.46,136.3
1151,6.6,31.23,4.88,17.56,0.52,2.16,13.99,88.39,150.0,92.93,20.38,149.77
1152,11.25,34.33,4.53,24.19,0.9,7.89,14.71,68.11,363.0,81.89,16.65,256.56
1153,8.35,25.98,6.56,25.83,0.27,1.02,11.7,87.49,269.0,87.63,19.05,219.48
1154,7.02,43.76,1.43,11.06,0.27,4.61,21.17,93.4,411.0,81.93,25.75,98.82
1155,4.99,39.21,6.61,14.25,0.44,4.89,14.62,69.05,77.0,91.05,27.87,141.89
1156,10.39,42.58,6.05,20.68,0.95,5.01,26.89,87.36,10.0,100.0,30.2,226.06
1157,10.82,36.35,2.69,20.55,0.26,7.44,20.98,87.4,141.0,92.85,28.53,186.13
1158,5.82,21.44,1.49,17.79,0.58,4.04,11.32,87.13,253.0,89.44,10.93,188.68
1159,7.0,43.21,8.18,17.91,1.02,5.06,20.7,86.08,102.0,92.21,24.83,178.61
1160,8.92,28.82,2.03,20.6,0.51,7.53,8.04,75.92,182.0,90.26,13.14,209.63
1161,4.5,29.31,4.5,13.72,0.39,1.48,6.3,71.78,109.0,94.03,14.31,125.24
1162,9.54,34.94,1.18,17.56,1.05,1.16,15.63,97.21,391.0,80.6,18.2,146.02
1163,4.39,42.27,3.65,9.88,0.32,7.2,23.73,78.07,82.0,96.21,15.11,115.94
1164,5.11,40.32,4.06,11.67,0.11,2.17,24.25,85.89,113.0,91.34,27.1,107.2
1165,1.25,39.44,2.27,4.17,1.18,5.41,24.58,84.73,205.0,90.01,22.96,58.63
1166,4.85,32.13,4.5,13.55,0.49,12.9,12.76,91.4,93.0,91.83,18.57,170.89
1167,2.5,32.03,2.99,7.66,1.06,7.17,12.44,85.33,183.0,91.84,13.13,87.89
1168,6.0,36.08,4.28,14.25,0.15,0.39,-6.18,81.26,51.0,96.72,-3.3,158.61
1169,5.89,33.22,8.18,18.81,1.04,7.97,3.85,89.0,87.0,95.21,9.43,230.95
1170,2.66,39.34,1.04,5.09,0.21,1.5,35.23,93.18,204.0,89.19,33.82,60.82
1171,7.55,38.98,3.57,15.19,0.44,6.58,18.97,93.46,89.0,91.25,24.81,160.95
1172,14.88,37.55,2.19,25.97,0.54,4.57,13.68,81.86,114.0,91.71,16.07,236.44
1173,16.76,20.0,5.3,55.59,0.29,11.22,26.69,87.97,87.0,97.83,29.68,661.41
1174,2.67,34.77,2.58,7.19,0.63,1.49,22.86,94.22,81.0,97.76,26.58,77.87
1175,9.81,33.35,0.33,17.97,0.78,1.03,21.43,79.58,121.0,96.17,18.03,144.35
1176,10.16,35.01,7.33,24.74,0.81,4.11,14.08,83.41,146.0,95.22,21.7,217.94
1177,11.16,29.47,7.73,30.44,1.16,1.71,17.32,97.42,91.0,91.82,21.7,270.53
1178,6.61,26.05,7.19,22.42,0.69,4.89,24.62,77.85,183.0,87.43,26.92,224.71
1179,10.77,36.78,4.02,21.6,0.09,2.21,28.4,82.34,263.0,88.18,27.71,169.96
1180,11.69,31.86,7.93,29.94,0.81,2.0,16.97,80.27,48.0,97.79,22.87,262.44
1181,15.98,37.45,0.3,25.91,0.78,0.5,24.56,93.97,308.0,86.79,30.89,186.64
1182,9.39,29.97,1.04,19.83,1.22,1.98,1.45,92.63,92.0,94.55,0.61,226.26
1183,2.29,42.5,1.01,4.24,0.84,4.01,10.35,95.6,50.0,94.52,12.85,51.78
1184,7.14,40.01,3.4,14.12,0.72,3.62,14.72,73.29,122.0,97.27,7.65,152.69
1185,9.42,35.78,1.38,17.18,1.53,3.04,7.31,88.25,123.0,93.26,12.67,195.91
1186,6.27,32.72,0.38,11.87,1.08,2.46,13.38,89.19,96.0,94.59,20.26,123.19
1187,11.33,39.11,1.52,18.91,0.35,5.31,40.0,80.87,122.0,95.08,44.51,203.07
1188,3.72,36.36,0.87,7.01,1.74,0.66,36.63,98.45,138.0,92.54,32.97,70.09
1189,16.43,35.43,2.64,30.47,0.15,5.52,5.44,76.97,323.0,84.83,4.89,304.0
1190,6.81,40.26,7.57,17.71,1.04,9.95,15.59,74.46,190.0,89.42,14.12,243.47
1191,3.83,42.56,8.96,14.37,0.07,4.58,14.62,93.5,194.0,91.45,14.95,128.2
1192,4.7,26.49,4.02,14.66,0.3,0.29,11.61,86.61,17.0,98.2,20.28,122.96
1193,14.45,27.7,5.08,36.38,0.65,2.79,4.64,77.02,196.0,93.42,15.84,336.87
1194,4.86,29.32,8.37,18.33,0.22,4.45,16.76,84.0,8.0,100.0,18.75,160.9
1195,9.84,24.99,1.11,24.74,0.31,0.26,9.94,83.89,178.0,92.1,6.98,241.98
1196,15.24,33.62,6.21,33.41,0.44,5.29,4.99,76.71,231.0,89.66,0.09,362.4
1197,4.53,37.6,3.39,10.62,0.15,12.11,11.32,92.05,46.0,99.31,11.86,142.52
1198,14.2,33.87,4.23,29.38,0.38,0.32,21.39,72.39,93.0,94.19,24.44,237.5
1199,11.91,30.8,1.08,24.29,1.05,3.59,12.85,95.61,168.0,90.48,15.9,227.52
1200,2.37,40.76,1.18,4.67,0.78,14.0,12.66,90.43,372.0,80.15,21.02,68.52
1201,11.36,34.84,2.08,21.65,0.21,0.86,18.2,71.05,83.0,94.13,25.68,172.05
1202,13.54,36.06,2.24,24.77,0.57,4.61,28.75,92.55,322.0,84.71,36.01,226.09
1203,2.16,40.93,1.61,4.77,0.56,5.84,3.84,83.33,29.0,97.38,15.49,67.68
1204,7.81,33.26,1.88,15.97,0.76,2.34,24.06,88.48,129.0,97.41,28.78,150.87
1205,8.47,46.36,2.52,13.48,0.61,6.52,19.93,75.72,102.0,94.13,21.88,120.82
1206,6.42,31.31,3.76,16.06,0.26,11.49,26.81,84.69,178.0,92.3,31.35,191.55
1207,6.39,45.99,3.13,11.46,0.8,4.09,24.14,67.1,91.0,95.51,18.17,122.13
1208,3.45,28.15,5.8,13.16,0.47,4.6,37.0,92.25,23.0,99.39,35.34,149.93
1209,9.76,37.1,4.68,20.47,0.06,4.14,12.21,87.62,246.0,87.86,13.01,175.19
1210,1.24,30.14,2.21,4.68,1.41,4.44,9.19,76.95,182.0,91.4,15.87,62.71
1211,8.37,40.72,0.86,13.19,1.2,2.37,11.43,90.45,289.0,84.14,9.71,139.3
1212,7.21,31.13,0.49,14.38,0.5,5.41,20.74,84.09,302.0,83.05,21.81,148.76
1213,7.31,35.75,4.42,16.7,0.38,3.83,29.55,61.25,56.0,96.75,34.76,151.62
1214,11.05,30.1,1.62,23.66,1.09,2.56,32.29,79.11,96.0,93.09,37.56,233.05
1215,7.7,39.62,6.96,18.63,0.93,1.69,12.04,98.03,125.0,91.65,12.54,195.05
1216,9.27,30.07,4.49,22.99,0.91,3.04,35.71,91.87,61.0,95.51,37.07,228.98
1217,7.27,44.1,0.99,10.88,0.96,1.0,20.47,82.99,373.0,82.22,20.85,111.36
1218,5.94,28.02,8.32,21.03,0.74,8.87,17.39,84.42,112.0,93.62,30.06,249.28
1219,7.86,25.93,3.43,21.62,0.49,8.06,17.38,96.64,160.0,92.27,23.53,229.33
1220,13.75,39.71,3.22,23.99,0.51,2.67,31.46,83.92,303.0,87.05,31.56,216.94
1221,10.26,30.45,3.94,24.15,0.35,1.77,8.93,83.18,280.0,83.51,13.08,190.64
1222,1.46,33.96,1.73,4.31,0.61,4.02,21.7,90.37,411.0,82.76,23.45,61.65
1223,10.4,32.07,6.95,26.4,0.55,3.15,19.71,75.5,311.0,86.7,18.07,216.7
1224,11.2,26.12,3.98,29.71,0.08,0.66,4.73,87.58,16.0,100.0,13.09,253.12
1225,2.21,33.54,4.46,8.42,0.31,5.19,-8.1,92.34,352.0,85.04,-5.0,112.55
1226,11.64,41.59,2.68,19.48,1.0,6.61,19.06,94.18,248.0,87.51,19.73,196.7
1227,8.51,40.02,5.12,17.88,0.71,4.45,5.69,93.94,263.0,83.98,6.33,205.85
1228,16.6,35.39,2.93,31.08,0.24,1.99,15.25,90.84,237.0,90.37,9.98,248.96
1229,4.74,40.67,1.07,8.05,0.44,5.24,17.5,92.41,248.0,85.89,19.94,74.7
1230,9.92,27.64,6.87,28.4,1.1,3.4,1.1,87.44,94.0,96.44,7.52,308.28
1231,6.34,32.05,2.89,14.76,0.17,8.47,16.16,83.91,24.0,96.52,18.4,141.9
1232,14.46,36.37,2.49,26.34,1.12,7.95,12.56,79.78,169.0,92.36,16.78,311.22
1233,7.52,33.22,0.92,14.51,0.57,3.83,12.45,79.56,133.0,90.42,17.43,123.14
1234,15.18,32.52,5.59,33.6,0.24,8.13,13.06,85.03,271.0,84.25,20.58,312.02
1235,3.24,26.8,2.44,9.69,0.37,1.77,14.05,94.36,128.0,93.52,15.82,98.55
1236,8.83,21.51,3.06,27.7,1.03,4.07,7.35,88.94,168.0,91.9,9.34,299.74
1237,10.08,38.91,6.23,21.77,1.62,8.32,40.0,75.5,156.0,88.16,41.63,284.66
1238,11.45,35.46,4.23,23.6,0.4,7.13,0.91,94.05,138.0,95.03,4.71,292.56
1239,14.52,39.41,6.57,28.68,1.22,6.34,22.09,70.1,128.0,95.41,21.25,298.57
1240,9.39,31.38,0.64,18.59,1.24,4.13,14.78,89.49,121.0,95.49,21.37,205.92
1241,2.72,29.72,6.48,11.96,0.75,7.03,10.06,97.26,89.0,95.02,12.2,135.44
1242,5.44,34.04,2.49,12.08,0.55,7.32,23.85,78.27,228.0,89.79,32.53,126.89
1243,3.68,39.13,3.44,9.09,0.29,3.48,28.62,64.43,221.0,88.97,33.78,103.39
1244,16.38,32.61,2.38,32.52,0.52,3.1,19.59,80.8,148.0,90.11,20.8,256.08
1245,8.84,38.81,7.51,21.17,0.36,6.85,19.44,88.85,145.0,93.05,22.38,191.33
1246,6.63,27.96,9.14,23.37,0.77,3.72,20.16,85.7,8.0,95.77,25.45,213.89
1247,9.85,33.03,6.29,24.19,0.53,3.41,15.7,95.93,233.0,86.41,25.72,207.41
1248,10.71,33.58,9.27,28.4,0.88,3.18,25.11,88.1,207.0,88.22,23.82,256.9
1249,8.95,41.36,7.71,20.7,0.93,5.27,6.12,92.41,166.0,91.9,14.41,232.57
1250,10.54,35.25,1.56,19.5,0.68,14.0,5.34,93.7,286.0,88.76,11.52,289.43
1251,12.36,44.48,5.01,21.68,0.47,1.98,29.03,99.13,223.0,84.92,34.53,231.16
1252,4.56,25.91,5.76,16.31,0.88,1.72,0.27,68.07,176.0,93.79,5.65,201.27
1253,9.08,34.78,10.16,25.82,1.01,5.07,15.31,85.99,175.0,92.37,18.36,250.87
1254,9.77,35.08,7.42,24.14,1.82,4.49,5.15,90.51,181.0,91.99,12.03,290.27
1255,12.77,37.72,1.9,22.22,1.36,4.97,16.09,92.16,297.0,83.96,23.4,232.69
1256,12.71,29.12,2.9,29.1,0.93,9.76,12.16,83.8,300.0,84.7,21.63,336.2
1257,5.81,44.11,4.51,12.42,1.3,5.53,27.32,97.02,198.0,89.64,31.06,161.29
1258,3.29,34.08,6.26,12.06,1.72,1.59,35.37,73.52,187.0,93.29,39.64,148.19
1259,8.02,27.48,4.63,22.15,1.35,0.89,6.76,91.09,82.0,98.09,12.9,234.41
1260,10.39,33.9,6.5,24.89,0.45,4.62,9.5,95.59,262.0,87.76,12.95,232.23
1261,14.1,32.12,4.07,30.41,0.65,2.73,12.92,91.78,7.0,98.88,14.23,260.41
1262,4.23,50.0,1.54,6.62,0.63,5.85,15.96,79.72,347.0,80.73,21.92,79.65
1263,2.67,40.3,2.25,6.22,0.24,3.1,26.72,75.57,166.0,89.79,29.45,67.08
1264,4.67,34.3,3.56,11.73,0.17,5.04,7.84,98.12,311.0,86.78,14.04,109.43
1265,2.59,33.33,3.98,8.64,0.78,2.73,15.29,90.5,29.0,100.0,15.17,92.4
1266,10.17,39.71,0.85,16.21,0.72,10.6,15.59,78.82,225.0,87.43,16.47,189.06
1267,9.49,39.99,4.7,18.94,0.5,1.53,13.48,89.53,194.0,91.39,20.76,143.03
1268,11.34,20.0,6.88,40.9,1.3,1.79,23.94,93.36,24.0,100.0,32.43,413.9
1269,4.71,37.86,1.16,8.63,0.6,2.99,15.57,84.27,214.0,86.14,23.32,69.27
1270,12.2,34.17,1.1,22.52,0.15,4.83,1.61,73.41,151.0,89.95,6.05,239.46
1271,5.15,26.13,8.15,19.99,0.47,13.85,4.46,87.13,53.0,96.58,9.65,336.59
1272,10.02,39.28,4.19,19.49,0.88,8.3,16.79,82.81,199.0,89.67,23.04,205.91
1273,17.02,47.48,5.37,26.88,0.5,1.44,36.22,93.69,63.0,97.37,30.92,249.53
1274,4.77,37.34,2.49,10.16,0.38,6.65,23.23,89.35,114.0,92.57,24.15,93.62
1275,5.51,40.6,1.57,9.72,0.75,1.44,27.66,92.09,226.0,90.17,36.41,94.68
1276,5.06,44.82,6.43,13.2,0.12,1.39,17.62,90.17,106.0,92.24,23.8,130.84
1277,5.98,29.02,0.94,13.3,0.7,4.46,18.14,87.44,114.0,96.1,14.41,120.85
1278,5.43,22.85,7.94,22.18,0.08,1.86,20.47,92.21,155.0,93.49,23.36,196.83
1279,6.38,37.94,2.11,12.19,0.91,6.1,18.6,87.91,111.0,92.9,18.98,128.24
1280,7.26,32.51,0.45,13.86,1.34,1.61,19.94,76.55,30.0,96.54,24.49,142.82
1281,10.72,25.75,4.16,29.13,0.01,2.72,28.89,82.57,4.0,100.0,33.52,246.51
1282,12.89,33.53,0.58,23.64,0.34,2.12,18.85,86.58,106.0,92.04,16.81,194.01
1283,10.68,38.37,7.2,23.9,0.66,3.82,17.08,95.56,119.0,93.01,28.83,210.5
1284,8.3,33.11,6.95,21.98,0.6,2.2,34.17,92.78,225.0,85.41,33.21,195.27
1285,2.39,29.28,0.59,5.49,1.63,1.28,23.07,88.59,113.0,92.51,28.26,66.05
1286,16.4,32.66,4.07,34.2,0.8,4.99,0.18,78.05,97.0,96.65,5.48,386.47
1287,8.9,33.88,3.59,19.34,0.49,3.99,9.77,78.95,177.0,94.08,16.98,173.29
1288,8.52,22.42,0.32,23.12,0.95,5.06,4.85,87.76,77.0,95.22,8.8,273.29
1289,13.74,33.14,3.84,28.71,0.64,0.71,23.34,85.31,157.0,91.5,27.54,231.97
1290,6.9,25.93,7.52,23.48,0.42,3.41,31.16,94.44,183.0,90.77,26.04,215.91
1291,8.45,37.95,5.3,18.66,1.34,7.88,25.89,81.26,312.0,82.56,25.83,207.85
1292,11.58,24.63,5.91,34.11,0.71,8.76,16.6,93.75,228.0,89.42,27.69,407.02
1293,13.3,40.08,3.37,23.29,0.76,3.44,35.51,83.57,421.0,77.17,33.99,222.39
1294,7.79,31.55,4.88,19.69,0.6,1.39,20.98,86.51,215.0,90.06,21.54,167.64
1295,9.18,30.74,2.39,20.31,1.03,1.38,27.11,92.76,297.0,85.38,23.37,167.68
1296,14.73,35.77,4.67,29.39,1.18,2.33,21.95,74.95,49.0,99.9,25.97,250.39
1297,8.11,28.8,5.46,22.36,0.49,5.63,5.43,94.67,110.0,93.35,8.48,229.85
1298,7.39,35.67,5.3,17.73,0.58,1.14,14.05,88.03,219.0,88.42,15.35,154.21
1299,9.94,29.61,1.91,22.06,0.35,5.19,22.99,88.43,168.0,91.95,23.0,176.63
1300,6.92,30.66,4.51,18.06,0.22,4.94,21.46,94.85,93.0,94.01,26.75,147.55
1301,9.04,36.43,2.73,17.62,0.29,2.97,16.44,96.76,79.0,94.2,23.33,151.96
1302,10.63,27.17,4.75,28.22,0.79,3.06,13.84,91.63,262.0,84.1,16.82,259.25
1303,11.52,26.41,7.47,33.63,0.32,5.23,23.93,82.33,172.0,89.69,21.39,309.39
1304,4.99,35.49,3.44,11.87,0.67,4.97,27.93,97.69,139.0,92.1,31.7,111.85
1305,8.7,33.84,4.66,20.08,0.24,1.9,20.71,90.67,163.0,92.04,30.58,149.24
1306,12.01,35.01,3.67,24.26,0.88,3.13,34.0,88.45,84.0,95.41,34.44,211.19
1307,10.38,35.97,2.47,19.79,0.56,2.88,29.92,91.84,376.0,84.01,39.22,161.28
1308,9.28,34.34,5.54,21.76,0.41,3.68,13.48,86.16,257.0,88.77,17.07,184.16
1309,10.52,37.65,3.47,20.23,0.42,1.12,25.84,97.35,214.0,90.11,27.74,162.51
1310,4.35,34.58,6.4,13.95,0.4,3.99,40.0,85.47,142.0,95.0,40.22,137.13
1311,6.94,21.96,3.83,22.79,0.81,3.09,9.99,88.67,26.0,100.0,15.6,242.61
1312,5.48,23.51,3.26,17.24,0.61,1.83,24.09,94.97,154.0,92.14,24.64,154.76
1313,8.71,45.57,3.87,15.33,0.54,2.5,1.12,89.59,194.0,92.93,3.04,172.32
1314,13.9,34.0,1.09,25.63,1.39,2.96,25.42,81.19,195.0,91.91,26.23,229.38
1315,5.1,39.69,5.78,13.49,0.34,2.73,27.21,84.93,160.0,89.13,28.66,124.52
1316,8.63,31.93,3.51,19.73,0.25,2.31,17.42,93.02,114.0,90.44,17.17,157.27
1317,5.78,33.65,5.34,15.65,0.53,2.54,15.13,91.28,309.0,81.39,20.09,139.08
1318,4.62,31.28,5.24,14.09,0.27,7.72,18.0,94.29,42.0,97.12,21.09,151.2
1319,9.48,48.8,7.2,18.85,0.72,3.18,6.09,85.31,58.0,95.22,4.62,252.69
1320,4.44,35.52,0.85,8.35,0.4,1.55,14.7,66.66,212.0,93.1,14.42,62.31
1321,9.48,30.79,1.46,19.93,1.25,8.57,16.97,90.73,137.0,93.3,14.41,244.38
1322,10.41,24.09,1.36,27.28,0.72,5.14,26.02,79.26,69.0,96.21,33.56,253.63
1323,5.58,45.84,5.02,12.32,0.44,5.09,-4.82,88.26,238.0,85.62,-1.03,167.43
1324,8.47,33.02,3.75,19.14,0.98,2.14,19.81,91.83,41.0,97.98,22.51,158.36
1325,16.04,38.47,0.48,25.51,0.06,4.7,9.54,95.27,82.0,94.56,10.96,205.14
1326,2.21,39.14,7.03,10.41,0.39,2.52,18.45,80.29,95.0,95.28,20.27,90.17
1327,7.23,31.22,2.33,16.22,0.89,2.01,38.22,85.65,119.0,91.42,42.21,156.76
1328,16.26,38.03,1.98,27.63,0.4,12.24,12.89,74.4,154.0,93.63,18.91,305.59
1329,10.19,30.38,2.26,22.39,0.65,1.29,4.52,90.93,239.0,88.65,12.99,199.82
1330,12.83,28.06,1.11,28.55,0.53,2.33,1.96,87.65,252.0,86.31,8.94,267.66
1331,13.86,40.99,1.59,21.89,1.3,2.07,19.34,73.63,253.0,87.62,24.49,215.02
1332,13.0,33.05,1.62,25.22,0.66,5.79,30.38,90.0,147.0,92.89,23.38,221.75
1333,10.1,37.11,5.94,22.26,0.14,8.94,1.42,86.78,30.0,100.0,5.78,253.89
1334,11.24,36.47,3.6,22.1,0.53,3.61,25.15,79.84,271.0,86.71,34.34,163.79
1335,5.4,37.83,3.47,12.03,0.2,3.41,11.27,82.69,85.0,96.44,16.6,111.84
1336,7.46,24.66,5.36,23.51,0.65,0.77,17.74,83.19,292.0,88.13,21.22,214.29
1337,14.49,30.49,5.98,34.5,0.63,3.45,31.45,81.44,226.0,86.2,27.77,296.47
1338,14.77,32.05,6.2,33.85,0.63,3.3,14.9,84.85,109.0,95.68,14.71,280.72
1339,8.61,29.01,4.63,22.44,1.16,3.04,22.8,93.66,89.0,94.61,18.44,221.07
1340,8.85,36.57,6.6,21.11,0.2,7.37,11.86,93.15,146.0,91.99,12.5,212.3
1341,5.34,41.12,7.01,14.81,0.59,4.79,15.17,80.77,93.0,97.41,15.43,156.62
1342,11.01,42.07,6.42,22.12,0.35,3.44,17.25,88.81,113.0,96.46,20.36,198.15
1343,2.31,31.96,3.93,8.25,0.6,3.12,15.57,81.26,43.0,96.16,18.44,68.03
1344,5.33,35.75,1.82,10.76,0.61,1.95,-2.84,79.06,160.0,87.57,0.29,131.25
1345,9.67,36.67,5.35,21.18,0.49,2.3,19.07,73.1,26.0,97.61,22.92,170.13
1346,8.66,37.73,2.63,16.4,0.4,12.8,23.92,92.55,139.0,93.87,31.97,208.84
1347,9.04,28.73,6.25,25.14,0.72,14.0,19.4,79.57,197.0,90.15,33.28,351.32
1348,7.65,44.92,3.1,13.32,0.6,0.99,26.78,97.68,257.0,87.33,32.25,118.21
1349,2.63,39.56,5.19,9.18,1.08,4.71,21.04,74.96,34.0,96.8,28.7,95.25
1350,14.23,39.72,5.13,26.63,0.38,3.37,4.11,86.62,204.0,89.66,7.71,276.72
1351,6.37,41.22,3.42,12.69,1.2,0.98,13.9,95.43,98.0,94.43,16.74,122.55
1352,8.83,37.2,0.94,15.18,1.02,9.6,8.27,65.68,92.0,99.03,11.4,211.97
1353,14.94,27.84,3.98,36.19,0.32,6.49,-8.1,80.22,264.0,88.15,-3.8,473.53
1354,12.34,33.17,1.02,23.34,0.58,6.81,28.3,82.63,271.0,86.57,31.63,236.63
1355,15.34,24.09,4.79,42.99,0.35,2.34,40.0,75.16,52.0,96.98,45.0,412.36
1356,6.61,36.49,8.48,19.35,1.15,3.39,11.26,92.23,386.0,79.24,15.93,195.47
1357,6.64,32.98,5.4,17.48,0.29,0.18,19.98,90.31,125.0,92.18,25.58,142.66
1358,13.57,33.76,1.48,25.6,0.27,4.47,8.83,96.99,165.0,92.46,7.45,209.37
1359,8.38,41.22,6.45,18.65,0.9,9.18,20.22,81.66,249.0,87.76,20.66,212.88
1360,5.41,31.26,2.88,13.27,1.02,1.26,30.24,73.75,239.0,89.24,34.33,137.86
1361,15.98,32.49,2.2,31.71,0.39,1.24,23.03,81.19,434.0,76.52,20.26,235.03
1362,5.96,34.13,5.1,15.58,0.37,10.94,28.07,82.54,251.0,87.91,24.62,181.82
1363,8.25,22.96,3.88,25.44,0.7,2.17,32.82,96.22,131.0,94.51,37.34,240.5
1364,8.15,32.4,0.73,15.83,1.21,0.64,35.31,96.57,214.0,88.36,44.7,167.87
1365,10.65,20.0,6.63,38.58,1.33,0.56,21.17,98.43,145.0,94.2,22.27,395.13
1366,5.44,30.49,8.16,18.86,1.34,2.53,9.48,96.24,82.0,94.23,8.46,195.04
1367,2.22,39.13,3.95,7.36,0.47,0.7,11.56,80.51,127.0,91.89,14.16,73.43
1368,10.13,36.68,9.61,26.18,0.69,5.89,16.51,61.65,237.0,89.31,18.32,262.74
1369,9.6,30.43,10.42,29.34,0.82,2.32,15.27,97.54,125.0,93.07,9.98,280.28
1370,3.55,34.24,5.87,12.08,1.05,8.2,3.98,97.97,193.0,92.81,3.74,165.53
1371,7.71,27.55,1.88,18.68,0.69,6.52,17.82,67.76,141.0,92.35,16.83,191.15
1372,3.51,33.99,5.34,11.54,0.89,3.54,19.31,90.09,306.0,88.06,27.91,126.38
1373,11.34,50.0,3.43,17.04,0.55,5.32,9.0,85.47,201.0,89.24,11.81,212.12
1374,3.76,45.07,4.09,9.1,0.7,1.54,17.42,76.06,251.0,88.39,13.9,96.42
1375,10.37,34.32,1.84,19.97,0.65,3.54,6.29,92.2,92.0,95.99,6.68,201.68
1376,11.41,34.96,2.41,21.99,0.51,0.76,20.45,92.17,94.0,95.24,21.3,160.6
1377,8.3,28.12,1.03,18.73,1.04,4.84,9.76,88.22,413.0,79.64,9.89,195.59
1378,15.52,29.19,0.29,32.2,0.47,6.26,21.25,80.53,145.0,90.79,22.92,295.36
1379,1.54,36.17,3.28,5.84,0.48,3.16,24.05,92.14,213.0,91.11,32.66,70.35
1380,12.65,30.85,5.23,29.83,0.78,10.29,26.03,85.98,150.0,89.03,28.99,340.3
1381,9.65,39.42,3.52,18.21,0.73,2.64,35.71,94.48,34.0,96.33,38.28,196.48
1382,12.7,43.42,4.16,21.71,0.13,4.22,22.69,79.88,231.0,88.58,28.11,160.84
1383,15.05,36.0,3.72,28.81,1.12,2.21,17.59,74.08,217.0,85.64,20.12,228.64
1384,8.32,34.61,1.12,15.55,0.21,0.65,27.28,93.67,66.0,98.42,27.68,108.52
1385,8.06,23.92,5.06,25.27,0.12,5.35,2.19,85.59,218.0,87.98,4.16,286.62
1386,14.71,38.47,7.61,30.55,0.86,9.89,13.72,64.48,273.0,85.6,14.72,388.78
1387,6.07,27.14,1.81,15.22,0.61,7.2,13.18,89.02,186.0,92.91,20.92,162.16
1388,11.2,31.49,1.48,22.83,1.17,4.66,10.2,95.68,261.0,88.64,14.72,232.91
1389,10.12,39.76,5.97,21.24,1.48,1.53,15.87,78.16,108.0,95.43,28.15,229.34
1390,14.26,40.18,0.63,21.92,1.1,7.98,38.92,86.46,163.0,92.68,40.95,273.32
1391,2.82,31.2,6.1,11.52,0.6,4.0,15.76,90.67,314.0,87.68,19.85,109.26
1392,2.7,31.55,1.98,7.11,0.7,0.81,23.11,85.99,91.0,98.59,29.53,72.54
1393,6.59,29.8,3.45,16.7,0.92,1.93,9.73,83.99,415.0,75.42,9.95,168.36
1394,8.22,26.81,2.24,20.65,0.23,3.82,10.42,83.91,28.0,99.54,13.62,186.92
1395,9.87,30.19,6.5,26.11,0.98,3.41,8.76,91.49,225.0,89.28,11.81,251.4
1396,4.92,24.32,3.58,15.72,0.45,5.09,10.58,93.36,443.0,75.6,21.51,162.64
1397,2.24,38.1,3.45,6.97,0.53,1.07,32.98,89.41,269.0,85.24,36.38,75.45
1398,17.56,36.37,8.28,37.25,0.38,12.55,14.09,98.84,21.0,100.0,22.2,468.39
1399,6.48,37.36,5.27,15.67,0.89,3.54,10.38,88.63,102.0,94.71,10.05,166.32
1400,13.47,28.27,2.52,31.1,0.12,1.4,22.6,89.2,120.0,94.55,23.36,234.66
1401,4.73,26.83,3.21,13.78,0.43,1.31,19.04,95.39,102.0,95.21,20.11,113.36
1402,7.71,34.32,5.33,18.81,0.63,1.0,35.02,90.57,284.0,84.97,45.0,181.74
1403,3.78,34.38,1.65,8.24,0.18,7.47,21.59,85.9,202.0,91.11,28.67,94.3
1404,16.23,33.12,1.96,31.37,0.36,1.26,32.15,94.92,89.0,99.41,37.08,249.5
1405,6.12,32.26,2.01,13.39,0.8,1.45,6.37,93.52,37.0,98.32,13.67,126.06
1406,3.19,44.26,3.42,7.75,0.56,13.19,16.98,81.2,102.0,95.11,14.11,134.3
1407,14.59,36.56,2.3,26.25,0.93,3.69,25.28,97.26,248.0,88.34,27.17,239.47
1408,6.49,45.82,3.43,11.92,0.32,2.61,11.23,80.98,306.0,83.77,15.48,108.12
1409,14.47,41.61,3.1,23.95,0.69,1.61,18.92,83.96,44.0,97.89,18.02,193.73
1410,11.98,44.22,2.5,18.75,0.61,1.9,6.19,89.12,247.0,88.03,1.5,176.87
1411,10.16,27.55,2.74,24.87,0.33,3.46,17.46,77.76,344.0,81.38,15.71,207.37
1412,11.09,37.56,2.77,20.48,0.47,7.26,3.37,92.7,16.0,98.79,7.86,211.52
1413,6.17,31.41,3.37,15.15,0.72,10.4,10.27,94.22,103.0,96.17,16.05,181.03
1414,6.15,24.02,6.54,21.9,0.8,0.73,5.26,92.56,181.0,87.92,8.19,246.07
1415,8.9,42.98,1.81,14.24,0.41,3.44,15.77,71.9,143.0,93.61,14.19,129.19
1416,12.49,32.24,2.23,25.47,0.25,8.02,20.51,69.26,130.0,88.73,23.56,233.34
1417,8.7,27.67,5.01,23.87,0.61,6.97,4.24,87.65,221.0,87.74,7.47,292.35
1418,2.19,31.51,1.93,6.11,0.75,0.82,22.75,85.41,194.0,93.57,25.24,66.41
1419,10.63,29.22,2.4,24.23,1.06,1.78,11.92,82.19,110.0,96.26,28.36,228.19
1420,7.45,29.84,1.61,16.59,1.04,5.64,-3.28,98.88,21.0,98.57,1.42,200.0
1421,8.85,32.67,7.04,23.29,0.5,1.17,25.55,96.99,260.0,85.01,27.17,199.13
1422,7.86,44.38,3.46,14.08,0.62,1.91,21.82,84.26,206.0,91.05,26.25,136.64
1423,7.62,30.0,2.73,17.96,1.19,10.6,14.17,95.41,116.0,91.48,25.4,218.66
1424,8.54,43.96,4.95,16.61,0.45,2.6,26.59,87.54,191.0,90.45,27.31,152.82
1425,12.85,39.09,1.54,21.26,1.16,4.31,38.92,93.62,42.0,98.56,43.77,218.97
1426,4.18,36.38,2.4,9.3,0.4,3.03,19.09,82.11,13.0,98.5,25.0,79.18
1427,7.19,38.49,4.17,15.39,0.51,1.48,29.76,94.02,229.0,87.4,32.37,129.38
1428,3.73,34.08,2.66,9.24,1.06,3.71,1.65,87.42,159.0,91.86,4.75,102.09
1429,7.6,41.72,1.05,11.99,0.15,1.18,21.99,78.52,184.0,90.69,16.88,102.46
1430,8.79,37.4,1.65,15.76,1.41,4.38,22.67,98.31,178.0,87.23,29.36,166.39
1431,4.62,24.01,0.97,12.51,0.98,7.79,22.49,84.62,81.0,100.0,25.36,153.93
1432,9.87,35.78,3.35,19.91,0.11,2.88,3.89,95.16,48.0,98.5,7.26,191.51
1433,10.13,38.7,6.0,21.7,0.38,2.83,12.47,79.93,291.0,87.81,12.36,205.34
1434,5.27,32.27,1.83,11.63,0.38,4.52,21.15,88.0,136.0,93.34,30.92,87.82
1435,8.47,34.76,6.41,21.03,0.21,0.81,17.27,77.53,281.0,89.78,13.78,193.18
1436,2.37,30.32,4.39,9.08,0.56,5.59,14.49,90.12,135.0,93.87,11.9,88.25
1437,4.71,25.73,1.76,12.75,0.75,5.51,24.55,85.97,108.0,95.38,28.17,108.1
1438,6.5,24.7,1.72,17.51,0.33,7.23,11.09,83.76,398.0,83.93,14.69,188.88
1439,6.18,24.78,3.3,18.26,0.66,2.58,14.02,91.31,12.0,99.13,12.04,182.69
1440,3.0,38.01,0.85,5.59,0.16,4.73,23.71,96.58,239.0,86.77,30.07,64.12
1441,3.86,20.0,10.21,21.8,0.52,10.19,29.33,85.63,147.0,95.13,29.76,296.63
1442,6.91,30.0,1.0,14.83,0.32,7.45,20.97,83.63,137.0,93.9,24.69,126.68
1443,13.45,29.41,2.16,29.61,0.26,6.25,34.09,92.78,294.0,87.59,37.88,282.05
1444,12.18,32.31,6.17,28.79,0.13,10.22,33.74,83.67,408.0,76.8,38.78,319.3
1445,8.19,22.86,1.46,22.94,1.36,2.21,35.75,90.66,70.0,94.65,40.3,262.94
1446,10.86,36.42,5.76,23.65,0.88,1.61,7.89,92.49,101.0,94.64,8.91,236.88
1447,13.52,26.36,0.89,31.66,1.05,1.0,17.07,76.39,87.0,97.42,19.44,274.83
1448,3.72,40.79,1.16,6.63,0.45,4.55,19.35,80.41,119.0,91.72,22.1,67.2
1449,14.59,30.27,3.98,32.9,1.41,7.16,7.93,87.5,65.0,98.45,13.65,390.31
1450,12.06,33.43,3.22,24.87,0.42,0.29,16.02,82.03,181.0,89.2,14.14,196.17
1451,12.39,34.02,3.21,25.07,0.42,3.71,11.1,86.99,25.0,100.0,15.64,218.39
1452,3.82,35.47,3.23,9.68,1.1,10.0,-3.5,92.9,218.0,89.47,0.01,159.9
1453,6.32,34.22,2.56,13.64,0.54,5.77,7.41,84.83,60.0,98.29,15.53,148.32
1454,12.83,31.44,4.42,28.91,0.22,4.93,18.27,78.57,299.0,85.77,19.02,226.69
1455,8.76,36.06,7.18,21.75,0.49,4.21,35.01,71.87,77.0,97.05,44.69,216.97
1456,9.09,36.8,3.18,18.0,0.32,7.64,4.9,85.23,156.0,88.99,7.45,200.12
1457,13.39,29.41,8.17,35.48,0.54,4.34,30.35,88.73,344.0,85.42,20.15,310.15
1458,7.03,36.56,3.0,14.54,0.52,3.18,18.01,76.89,365.0,80.7,21.99,130.3
1459,10.63,41.15,4.44,19.94,0.31,3.94,16.66,89.72,40.0,99.21,18.05,188.83
1460,14.46,38.24,2.57,25.26,1.26,1.15,9.62,92.44,74.0,96.71,12.22,231.76
1461,15.25,39.59,4.01,27.12,1.39,3.04,13.55,81.47,57.0,96.46,18.13,253.03
1462,5.29,35.03,0.32,9.38,0.97,8.94,15.45,81.35,62.0,97.9,22.59,113.24
1463,6.67,28.38,0.32,14.42,0.08,2.41,25.32,94.1,346.0,80.41,39.45,116.89
1464,11.59,29.14,8.39,32.26,0.62,3.93,11.88,89.93,410.0,77.91,14.93,304.77
1465,15.79,35.92,1.4,27.78,1.33,4.71,35.9,83.33,183.0,89.49,43.7,307.72
1466,4.97,39.66,6.03,13.55,0.7,2.78,6.42,93.24,389.0,80.61,10.87,145.06
1467,11.43,50.0,8.39,22.12,0.25,5.46,32.64,90.81,306.0,85.85,29.98,241.76
1468,7.9,39.89,1.91,13.8,0.55,3.02,10.85,86.79,31.0,98.07,17.22,113.53
1469,14.0,26.98,5.1,36.25,0.98,9.38,11.85,74.84,244.0,86.49,21.52,430.36
1470,5.49,29.4,3.85,15.06,1.43,5.36,22.13,74.36,156.0,94.27,22.45,170.44
1471,14.07,47.67,4.83,22.55,0.29,0.8,6.3,93.69,280.0,89.15,7.55,225.79
1472,12.5,32.71,3.1,26.02,0.22,8.17,33.77,95.08,395.0,79.37,44.49,258.17
1473,6.97,34.29,6.4,18.61,0.17,3.49,16.84,81.77,414.0,78.0,19.9,134.68
1474,2.93,28.24,4.09,10.32,0.58,2.17,19.22,90.39,135.0,93.11,21.74,101.01
1475,10.61,43.39,1.38,16.06,0.14,9.85,18.28,72.45,96.0,95.84,13.92,186.4
1476,7.8,37.0,4.14,16.79,0.27,0.43,27.57,91.7,381.0,79.77,28.19,137.54
1477,2.55,29.35,3.39,8.6,0.19,8.06,9.87,69.57,108.0,95.31,9.97,95.19
1478,14.31,28.04,0.07,30.69,0.86,7.38,5.97,95.67,146.0,94.69,15.15,335.26
1479,7.46,35.84,8.82,21.31,0.05,5.14,19.9,87.19,424.0,78.56,17.77,166.02
1480,14.11,34.27,2.72,27.43,0.15,4.58,16.72,88.45,321.0,80.92,20.46,224.68
1481,10.75,38.99,7.26,23.81,0.76,2.56,13.96,93.6,119.0,94.66,16.56,220.52
1482,14.03,37.28,4.2,26.79,1.18,8.12,27.45,88.24,106.0,92.96,25.9,295.51
1483,1.65,32.41,0.29,3.34,1.16,5.51,14.46,89.72,408.0,80.09,27.3,44.54
1484,9.12,30.74,4.85,22.65,0.34,8.83,4.07,94.58,352.0,82.87,13.18,241.53
1485,16.63,33.04,7.91,38.1,0.96,4.28,40.0,90.47,81.0,94.49,43.44,388.64
1486,5.26,30.7,5.36,15.65,0.48,9.99,10.54,77.06,55.0,96.42,21.32,180.35
1487,9.25,33.22,1.92,18.64,0.24,1.12,24.08,90.61,257.0,86.01,21.74,156.22
1488,4.14,34.1,4.18,11.46,1.09,2.86,16.75,96.32,173.0,93.53,22.54,110.82
1489,16.0,28.61,8.34,41.88,0.98,3.08,-7.07,93.04,309.0,83.43,-5.0,524.16
1490,6.99,37.78,2.65,13.74,0.25,7.1,10.18,96.03,174.0,91.71,7.33,149.53
1491,9.1,31.78,4.57,21.75,0.84,2.39,15.97,79.03,186.0,87.27,13.49,189.14
1492,8.99,28.95,6.69,25.33,0.06,0.18,-7.46,92.02,291.0,85.27,-1.82,295.02
1493,11.15,31.89,0.2,21.18,1.06,8.12,7.0,85.64,56.0,98.98,8.31,264.83
1494,5.46,35.45,2.69,11.93,0.42,7.1,11.74,75.44,205.0,92.59,16.22,131.8
1495,10.65,34.5,0.29,18.81,1.65,3.34,14.77,93.74,176.0,92.53,16.93,190.78
1496,8.26,36.53,5.27,18.83,0.86,2.93,30.77,81.05,83.0,95.71,31.38,171.19
1497,2.76,39.39,7.22,11.41,1.01,2.37,15.53,86.62,267.0,86.09,16.0,124.37
1498,2.23,41.83,7.88,11.08,1.08,3.34,12.12,73.14,194.0,90.35,17.59,140.17
1499,9.85,35.71,1.68,18.23,0.78,4.15,26.98,87.24,336.0,81.91,33.65,148.99
1500,2.3,27.58,5.11,10.11,0.62,7.57,9.43,90.21,234.0,88.37,7.12,123.07
1501,7.87,32.39,7.76,22.34,1.21,6.05,35.97,82.56,318.0,84.09,44.27,261.78
1502,4.62,27.97,2.74,12.64,0.61,0.44,10.55,85.25,344.0,82.36,8.17,122.28
1503,9.92,44.18,0.21,13.68,0.78,0.8,14.05,89.07,300.0,86.64,13.43,128.86
1504,11.58,45.92,3.27,18.4,1.34,4.23,15.61,93.47,277.0,84.04,21.87,205.99
1505,11.49,37.9,7.14,25.33,0.34,5.21,24.11,88.0,353.0,83.57,20.55,229.43
1506,11.51,39.15,5.29,22.93,0.89,0.84,26.69,94.55,31.0,100.0,28.25,199.03
1507,9.7,35.51,1.15,17.54,1.04,8.12,21.17,90.05,131.0,93.02,24.49,187.25
1508,12.47,36.2,6.88,27.56,1.31,2.83,12.64,68.14,387.0,81.3,22.78,259.37
1509,9.65,24.42,1.25,24.97,0.7,1.16,6.22,92.14,278.0,87.2,9.53,238.0
1510,6.64,33.56,5.18,17.05,1.19,1.68,21.5,91.33,150.0,95.12,23.97,180.42
1511,2.22,28.71,4.03,8.66,0.31,6.52,23.42,85.42,250.0,85.73,23.7,84.39
1512,14.04,35.69,5.82,29.43,1.18,9.95,26.87,95.35,157.0,91.84,33.49,381.03
1513,16.22,33.64,4.38,33.32,0.95,1.7,4.71,91.99,362.0,82.63,9.76,330.88
1514,6.78,45.68,0.09,9.0,0.26,1.06,18.28,85.48,100.0,95.22,21.87,81.69
1515,6.58,39.5,0.09,10.09,0.35,5.74,5.65,89.52,69.0,98.72,12.16,116.64
1516,2.33,35.71,3.3,7.21,0.98,3.34,19.47,91.99,40.0,95.69,21.03,77.24
1517,6.85,32.4,3.56,16.25,0.58,7.03,12.3,91.28,169.0,92.24,15.24,153.31
1518,8.39,44.06,6.73,18.16,0.01,4.28,11.04,86.82,158.0,92.63,16.39,160.34
1519,4.55,33.82,5.54,13.62,0.52,1.94,31.1,91.7,206.0,88.86,31.73,137.2
1520,4.53,35.99,7.27,14.83,0.09,2.42,29.27,96.86,49.0,100.0,30.47,123.22
1521,8.49,34.25,0.7,15.58,0.32,2.56,20.09,87.85,21.0,98.97,26.84,132.32
1522,7.65,31.58,5.84,20.37,0.97,4.98,12.08,89.79,100.0,94.91,15.1,200.06
1523,4.84,34.22,4.29,12.77,0.58,5.4,25.26,81.24,4.0,95.94,33.0,121.32
1524,13.91,22.23,5.23,42.78,0.28,8.66,27.01,88.3,7.0,100.0,32.74,466.95
1525,1.41,24.71,6.91,10.32,1.26,12.58,17.81,79.12,62.0,96.15,13.36,171.47
1526,13.48,36.1,3.04,25.45,0.79,2.95,26.09,99.86,449.0,77.77,26.74,218.42
1527,4.92,43.41,0.52,7.33,0.78,3.89,18.13,91.65,253.0,86.86,19.69,71.86
1528,7.89,36.09,2.64,15.76,1.32,4.23,12.65,80.24,56.0,98.22,13.0,184.2
1529,9.71,29.68,3.18,22.81,0.38,8.46,20.99,84.36,238.0,87.7,21.99,215.59
1530,8.34,25.34,4.6,24.34,0.81,5.87,6.84,83.26,94.0,94.81,13.34,285.54
1531,7.4,38.71,2.72,14.2,0.52,4.68,8.39,85.7,88.0,98.07,19.42,141.92
1532,6.81,30.6,6.32,19.68,0.59,1.32,1.86,79.7,348.0,83.47,11.6,187.97
1533,7.98,37.86,1.12,13.76,1.05,5.12,33.28,77.78,260.0,87.84,36.73,148.67
1534,11.83,36.34,4.17,23.7,0.37,2.46,12.69,77.93,323.0,82.25,15.92,211.72
1535,11.12,36.87,1.95,20.05,0.66,4.37,31.14,84.35,112.0,95.24,38.84,200.27
1536,4.07,34.2,3.06,10.2,0.4,5.93,-1.39,70.7,61.0,95.6,6.42,112.75
1537,14.26,36.3,3.9,27.47,0.55,6.23,40.0,78.96,202.0,91.34,45.0,287.27
1538,3.59,33.28,6.42,12.89,0.81,1.75,15.81,67.88,209.0,90.31,15.8,117.17
1539,12.93,30.19,3.56,29.25,1.03,3.64,20.89,71.23,222.0,87.99,22.43,274.46
1540,10.63,28.22,7.02,29.62,0.54,2.57,5.83,88.13,166.0,92.05,10.99,291.7
1541,3.56,20.0,4.41,15.09,0.02,1.67,16.37,60.43,156.0,92.98,21.42,132.74
1542,12.77,32.91,6.49,29.76,1.16,4.0,11.46,88.8,93.0,97.1,17.07,292.4
1543,10.69,43.12,3.01,17.89,0.67,4.67,8.78,91.38,100.0,94.64,12.69,199.27
1544,9.83,38.38,4.49,19.86,0.54,2.66,14.91,96.84,181.0,92.74,15.84,182.43
1545,5.58,35.37,3.05,12.52,0.31,2.33,1.04,73.13,48.0,100.0,2.4,140.37
1546,8.92,29.6,9.48,27.57,0.76,5.58,37.42,94.49,264.0,88.47,38.55,279.07
1547,5.05,39.98,2.56,10.13,0.81,10.42,15.29,90.45,195.0,89.5,19.62,140.33
1548,8.59,33.28,5.49,20.97,1.08,4.46,29.85,75.85,32.0,100.0,30.59,202.11
1549,3.83,43.45,7.77,13.07,0.31,11.71,40.0,96.84,442.0,80.02,42.43,198.7
1550,15.02,28.11,0.64,32.7,0.11,5.62,11.02,81.78,188.0,92.4,15.21,272.23
1551,8.5,29.5,1.96,19.24,0.72,2.67,21.55,70.93,118.0,92.13,14.19,157.56
1552,7.05,28.92,2.78,17.41,1.65,1.69,22.75,85.79,100.0,91.59,38.92,200.33
1553,10.5,25.11,5.42,30.51,0.06,3.03,5.45,84.22,282.0,82.57,9.2,310.16
1554,15.26,28.38,2.17,34.44,0.17,5.7,26.49,79.78,233.0,85.64,25.13,282.44
1555,5.54,34.62,5.22,14.82,1.27,0.95,31.61,86.3,139.0,91.97,32.53,122.87
1556,10.88,29.73,5.29,27.26,1.31,1.95,13.75,75.68,47.0,97.74,17.81,240.23
1557,9.11,20.0,6.73,34.07,0.3,2.92,22.45,85.68,141.0,89.73,33.22,309.97
1558,8.04,40.45,1.19,13.11,0.74,2.65,19.24,92.24,212.0,90.02,19.6,110.77
1559,1.73,23.9,3.02,7.37,0.6,1.95,15.99,96.63,70.0,96.41,11.08,79.7
1560,10.48,37.54,1.91,18.66,0.46,4.44,28.29,68.57,121.0,94.59,31.04,167.12
1561,11.88,34.19,6.66,27.51,0.69,1.28,11.12,93.79,183.0,92.99,13.61,230.15
1562,13.51,46.7,5.82,23.18,0.42,8.55,14.23,92.36,41.0,98.65,14.82,253.85
1563,11.68,39.98,7.01,24.53,1.29,4.13,3.95,84.81,223.0,88.21,10.51,266.49
1564,7.13,30.97,2.28,16.09,1.03,11.43,13.25,92.82,322.0,82.01,14.66,209.46
1565,4.85,29.79,1.57,11.33,0.59,4.93,27.63,81.58,22.0,98.68,28.6,112.25
1566,1.87,43.02,4.2,6.81,0.48,6.25,16.85,85.0,27.0,95.15,22.68,78.54
1567,11.74,25.14,5.98,33.99,0.68,4.1,11.83,88.48,43.0,98.79,14.69,317.54
1568,9.25,35.15,0.95,16.73,0.45,6.0,-0.77,94.75,160.0,94.18,0.12,192.97
1569,8.3,33.21,1.93,16.93,0.62,6.16,2.65,77.51,163.0,91.46,0.22,204.9
1570,5.1,31.94,3.83,13.41,0.34,6.52,4.42,74.33,54.0,96.8,11.51,163.04
1571,2.72,36.12,4.64,9.15,0.88,2.07,18.49,94.19,362.0,81.3,23.63,81.93
1572,16.08,35.14,3.23,30.68,0.1,2.0,35.98,82.95,137.0,92.37,38.19,248.22
1573,14.27,36.74,5.24,28.53,0.67,6.05,24.18,91.88,396.0,80.54,31.56,268.83
1574,15.13,34.83,5.87,31.93,0.9,1.43,16.72,75.0,278.0,88.23,14.13,296.35
1575,15.15,36.51,8.49,33.4,1.3,2.78,25.8,87.47,224.0,92.1,33.84,308.86
1576,8.72,34.56,3.58,18.71,0.61,0.12,12.76,76.43,107.0,97.02,17.21,163.93
1577,5.99,30.04,6.51,18.46,0.34,2.03,-10.0,82.26,100.0,95.17,-5.0,251.44
1578,6.89,34.02,2.32,14.47,0.08,0.58,25.25,81.72,124.0,95.81,31.75,113.67
1579,5.53,29.71,5.79,16.96,0.69,1.69,27.06,88.96,310.0,84.24,35.41,141.37
1580,5.94,29.32,3.35,15.51,0.42,3.22,6.41,73.54,23.0,98.09,8.1,168.97
1581,10.19,31.98,5.71,24.83,0.84,1.44,19.02,78.67,197.0,91.92,20.43,205.1
1582,4.4,33.28,3.39,11.33,0.95,1.76,28.62,81.14,105.0,96.63,29.18,116.64
1583,9.09,34.21,0.98,16.92,0.48,10.48,4.13,72.68,268.0,86.75,5.69,223.77
1584,3.5,39.5,3.25,8.57,1.05,7.99,30.21,76.96,286.0,85.22,30.47,96.34
1585,8.44,31.01,6.37,22.7,1.03,7.72,26.78,95.34,160.0,90.46,37.39,250.4
1586,8.62,35.18,1.93,16.62,0.57,4.91,30.71,83.15,226.0,87.22,35.47,160.9
1587,14.59,34.71,3.12,28.34,0.34,3.0,38.56,92.18,26.0,97.91,45.0,268.68
1588,3.98,30.34,2.05,9.92,0.26,5.64,9.57,85.72,331.0,83.56,8.32,92.41
1589,5.82,34.44,5.17,15.3,0.87,2.44,26.3,73.25,259.0,85.36,35.46,152.04
1590,6.27,40.02,6.02,15.43,0.62,6.25,5.51,79.93,201.0,88.55,6.42,177.9
1591,11.74,35.12,2.02,22.08,1.04,1.57,11.88,80.88,214.0,88.35,19.25,217.59
1592,10.43,35.36,3.27,20.97,0.21,1.9,37.19,85.15,155.0,92.05,40.63,195.56
1593,10.72,29.77,1.22,22.82,0.66,2.18,25.55,77.42,148.0,90.84,27.59,189.87
1594,9.13,45.81,4.89,16.85,0.4,1.34,11.75,85.71,106.0,93.74,19.31,143.14
1595,4.47,30.11,2.04,10.96,0.51,6.79,8.98,93.62,65.0,97.7,13.31,118.95
1596,5.84,23.99,5.92,20.51,0.14,4.55,23.07,88.72,84.0,94.96,26.12,179.8
1597,11.02,39.16,9.09,25.97,1.46,1.8,10.35,94.65,133.0,93.32,11.51,273.89
1598,9.74,33.31,2.7,20.26,0.15,11.32,0.25,86.57,346.0,82.94,2.01,274.98
1599,6.69,32.18,2.1,14.57,1.12,0.91,16.74,85.84,346.0,83.0,15.1,148.42
1600,2.44,30.73,3.93,8.7,0.5,3.99,4.92,88.14,18.0,98.66,6.85,98.92
1601,4.57,45.23,6.35,12.41,1.52,3.57,12.64,93.14,189.0,89.62,14.91,150.49
1602,11.02,36.11,1.19,19.5,0.35,4.48,35.54,87.25,239.0,89.55,41.26,179.38
1603,5.0,37.3,4.36,12.41,0.0,1.25,13.34,73.88,105.0,91.03,16.02,97.06
1604,14.49,34.98,3.91,28.76,1.02,4.23,3.46,87.86,79.0,94.82,9.79,316.76
1605,17.65,35.62,0.63,30.36,0.53,5.07,24.61,94.93,316.0,85.82,28.11,257.84
1606,7.59,42.39,3.68,14.42,0.98,1.58,19.4,99.19,286.0,83.52,26.69,130.0
1607,12.04,32.49,1.36,23.59,1.17,1.89,28.08,92.91,93.0,94.74,32.39,202.78
1608,10.03,25.26,4.2,28.01,0.65,1.5,17.99,90.46,217.0,93.36,17.68,244.93
1609,11.65,39.21,5.95,23.78,0.94,2.41,18.37,84.79,185.0,92.23,22.12,220.66
1610,15.81,36.98,6.19,31.84,0.78,2.48,21.08,96.35,268.0,87.57,30.93,284.44
1611,8.21,34.65,3.48,17.69,1.72,2.58,30.42,98.27,268.0,86.52,36.57,203.11
1612,1.4,36.82,10.68,12.96,0.49,8.12,6.94,90.7,55.0,98.45,7.87,154.28
1613,10.94,31.78,5.17,25.82,0.22,0.85,28.62,74.55,185.0,93.04,31.95,192.42
1614,13.81,34.12,3.01,27.29,0.58,0.24,19.84,90.16,176.0,92.66,19.22,223.33
1615,2.79,33.21,1.22,6.25,1.11,1.99,25.95,93.31,4.0,100.0,27.56,64.88
1616,15.6,30.45,4.04,34.78,0.53,0.34,5.68,79.47,28.0,98.67,13.24,307.23
1617,16.76,41.14,1.16,25.61,0.37,2.57,10.04,90.31,140.0,92.33,6.74,234.63
1618,11.77,25.53,3.85,31.51,1.08,6.36,1.39,69.24,104.0,92.65,1.41,396.58
1619,3.28,48.17,8.15,12.24,0.78,0.97,11.21,95.94,275.0,87.09,8.56,120.35
1620,9.09,39.26,5.77,19.65,0.57,1.05,16.12,90.28,102.0,95.79,14.28,176.59
1621,5.08,23.33,3.24,16.3,1.04,3.08,5.01,77.7,29.0,97.67,5.4,177.8
1622,12.7,32.66,1.95,25.28,0.42,7.83,11.03,92.58,50.0,97.42,13.19,240.41
1623,4.25,32.99,3.22,10.94,0.16,3.6,20.98,93.37,8.0,96.88,25.57,73.25
1624,13.8,36.35,1.22,24.0,0.38,7.78,28.03,91.96,291.0,83.34,30.38,205.3
1625,7.98,28.06,0.79,17.86,0.35,1.78,17.08,85.76,18.0,98.47,22.57,153.42
1626,7.52,34.19,1.94,15.14,1.51,7.13,19.23,89.54,120.0,93.49,21.54,175.2
1627,6.09,33.27,2.11,13.1,1.14,2.15,15.71,90.57,184.0,89.31,19.13,120.49
1628,6.9,29.57,5.81,19.8,0.91,2.34,11.43,89.83,35.0,95.18,13.01,188.12
1629,7.66,28.74,7.52,23.51,0.22,2.02,14.61,81.57,209.0,90.44,11.1,186.93
1630,2.1,39.51,0.69,3.87,0.48,4.31,15.06,91.35,59.0,100.0,13.54,49.63
1631,11.7,23.82,10.52,39.99,0.22,1.14,24.87,95.38,363.0,83.94,24.04,335.71
1632,6.87,36.87,0.66,11.84,0.39,2.93,27.31,75.65,66.0,97.08,31.03,107.88
1633,11.66,38.79,1.69,19.73,0.05,11.32,18.15,68.59,62.0,96.52,24.28,217.43
1634,12.24,32.69,4.84,27.3,0.65,2.44,11.05,73.11,5.0,100.0,16.29,211.91
1635,12.22,34.31,3.68,25.04,0.26,2.85,-3.51,65.69,147.0,93.27,-4.95,265.03
1636,10.27,40.98,3.45,18.49,1.03,7.02,8.28,88.5,37.0,98.81,15.27,220.4
1637,10.25,29.77,8.74,29.39,0.11,2.83,20.98,93.45,27.0,95.6,25.11,240.53
1638,13.92,30.39,0.8,28.29,0.23,5.32,14.13,95.68,106.0,96.59,14.4,262.38
1639,10.22,31.03,4.59,24.36,1.43,0.46,15.46,91.36,271.0,85.7,14.85,244.63
1640,10.07,40.99,6.68,21.42,0.6,3.62,2.19,75.18,59.0,97.32,1.56,220.57
1641,10.93,41.75,6.14,21.85,0.66,4.63,17.1,80.74,101.0,93.56,20.15,216.73
1642,16.61,25.62,2.92,41.81,0.65,4.03,25.42,79.29,203.0,91.04,28.18,346.62
1643,16.6,40.04,8.9,33.78,0.5,2.2,0.03,86.09,111.0,93.58,-3.39,378.35
1644,2.96,38.91,6.15,10.72,0.11,1.97,-10.0,61.53,198.0,95.29,-5.0,141.42
1645,13.56,43.32,1.21,19.99,0.7,3.44,5.0,88.97,120.0,92.98,9.39,200.13
1646,4.15,36.31,8.21,15.07,0.09,5.78,20.09,85.51,149.0,91.47,23.34,126.42
1647,8.71,33.73,6.3,21.79,0.48,1.95,8.45,60.99,14.0,100.0,13.63,186.65
1648,4.35,40.87,2.28,8.67,0.61,2.3,25.64,95.68,162.0,92.88,27.12,88.49
1649,6.43,38.19,6.28,16.38,0.68,3.34,27.48,88.51,38.0,100.0,36.42,164.06
1650,2.81,47.47,4.63,8.18,1.02,4.53,3.63,98.08,264.0,87.17,6.54,114.87
1651,12.2,39.75,6.52,24.93,0.73,1.01,26.43,89.66,103.0,98.61,26.26,238.01
1652,11.29,34.92,2.51,21.91,0.69,0.71,27.13,75.93,176.0,92.01,21.69,163.67
1653,17.2,26.96,5.53,43.82,0.56,4.0,19.59,77.57,18.0,99.49,23.72,403.96
1654,11.62,30.51,3.21,26.06,0.66,2.63,15.39,87.5,164.0,90.66,8.66,245.49
1655,2.86,25.38,0.93,7.68,0.77,3.26,28.57,81.26,258.0,87.84,32.9,83.51
1656,13.02,32.71,2.71,26.59,0.05,0.25,34.36,89.32,159.0,88.55,35.98,232.43
1657,5.44,39.56,3.32,11.58,0.59,3.19,17.18,80.55,211.0,89.71,13.81,103.04
1658,9.26,33.98,4.18,20.54,0.08,5.42,20.51,80.26,61.0,94.98,19.36,157.35
1659,4.02,40.13,1.38,7.39,0.33,1.68,25.16,91.52,184.0,88.86,26.35,77.12
1660,15.5,36.03,1.01,26.82,0.62,3.37,35.91,93.67,137.0,94.22,41.07,242.05
1661,5.84,31.58,0.42,11.51,0.69,4.89,30.92,76.75,296.0,84.76,30.4,106.05
1662,5.7,34.53,9.62,19.52,0.81,10.4,12.98,80.33,194.0,88.87,21.0,238.28
1663,14.38,36.83,2.16,25.58,1.45,2.02,30.61,94.92,95.0,99.04,36.13,238.9
1664,6.4,34.84,6.02,17.04,0.23,2.57,-2.86,88.3,45.0,96.51,10.94,166.57
1665,13.91,34.9,3.64,27.56,0.26,3.03,23.31,92.16,38.0,97.88,33.3,215.16
1666,8.09,29.39,4.01,20.54,0.43,2.82,40.0,91.46,61.0,94.59,45.0,199.32
1667,6.9,31.4,2.49,15.68,1.33,2.6,5.44,96.75,199.0,89.76,7.12,171.55
1668,2.88,47.55,3.65,7.27,1.04,0.79,16.39,93.48,95.0,96.67,27.13,83.91
1669,12.82,41.37,2.38,20.97,0.34,3.15,13.06,85.76,139.0,93.66,22.56,180.14
1670,16.26,25.16,3.21,42.0,0.3,3.14,14.6,98.08,71.0,95.87,17.4,355.46
1671,8.82,20.0,3.74,30.21,0.33,0.53,27.47,96.25,48.0,100.0,33.04,275.01
1672,15.28,34.46,7.66,34.26,0.43,0.74,26.67,86.57,196.0,88.2,26.99,272.88
1673,5.12,39.36,9.86,17.66,0.37,0.33,24.79,84.37,22.0,99.42,27.84,143.19
1674,9.91,30.88,1.14,20.39,0.54,5.5,20.25,94.24,52.0,99.02,22.7,189.4
1675,6.04,40.13,3.84,12.88,0.32,6.72,25.71,72.76,71.0,97.23,36.67,131.64
1676,13.88,34.36,5.74,29.98,1.07,4.37,12.35,97.09,293.0,87.12,11.49,281.91
1677,6.71,33.02,5.65,17.85,0.66,7.22,24.03,77.43,213.0,89.02,32.93,183.56
1678,9.73,38.54,1.53,16.68,1.04,2.0,23.21,97.71,56.0,99.6,25.98,158.11
1679,12.64,30.81,3.01,27.62,0.48,0.49,11.01,79.01,146.0,92.76,11.47,232.07
1680,15.08,32.28,4.05,32.07,0.05,5.99,17.54,78.34,127.0,94.34,17.19,244.45
1681,15.39,38.02,2.58,26.87,0.6,1.78,18.93,78.49,176.0,89.41,16.0,225.27
1682,2.49,33.81,3.63,8.05,0.79,1.25,16.67,79.88,88.0,96.66,21.42,82.62
1683,12.14,45.45,8.47,24.5,1.39,7.17,12.91,91.92,51.0,95.77,19.07,304.99
1684,8.93,38.16,6.55,20.59,0.18,2.28,10.3,91.57,319.0,79.71,16.57,158.01
1685,9.33,37.77,6.53,21.35,0.16,6.65,8.18,83.12,44.0,98.73,16.4,202.0
1686,10.45,33.7,5.21,23.81,0.22,7.52,15.53,92.47,225.0,89.85,21.79,215.69
1687,4.26,39.25,2.81,9.33,1.42,1.71,19.51,88.81,176.0,93.68,22.83,89.74
1688,11.36,32.06,2.72,23.97,0.58,4.78,33.47,93.3,147.0,93.0,34.62,231.44
1689,5.74,35.69,5.56,15.21,0.82,5.03,1.05,81.22,223.0,89.83,2.25,192.44
1690,3.59,28.5,4.25,11.8,0.25,6.23,26.26,92.62,27.0,100.0,28.2,107.08
1691,12.37,40.24,6.51,24.96,0.06,2.32,37.7,94.95,103.0,93.7,41.75,234.57
1692,12.69,35.74,2.08,23.38,0.15,0.82,-1.95,88.37,189.0,88.46,3.93,230.36
1693,13.57,45.9,1.97,19.71,0.21,3.25,36.38,96.51,60.0,96.63,41.83,195.0
1694,7.52,48.35,3.5,12.83,1.57,2.07,34.32,89.88,33.0,96.51,30.4,166.51
1695,15.07,38.58,7.86,31.29,0.35,5.0,19.19,92.13,136.0,95.25,20.51,265.74
1696,9.92,34.41,1.02,18.31,0.62,4.17,15.87,68.51,254.0,86.14,15.46,163.23
1697,13.65,28.32,7.34,36.27,1.5,8.09,11.55,74.9,83.0,95.5,13.66,430.19
1698,13.47,39.43,1.99,22.48,0.43,3.68,14.55,74.46,59.0,99.54,18.87,191.03
1699,6.72,35.26,4.59,16.02,0.45,1.76,15.6,87.16,112.0,96.33,14.44,140.09
1700,6.59,37.23,6.49,17.11,0.81,5.09,14.37,66.26,135.0,93.3,17.3,171.05
1701,9.63,44.38,6.56,19.58,0.76,1.71,13.08,93.22,259.0,88.42,15.08,191.7
1702,16.0,29.05,6.19,39.22,0.34,4.47,40.0,70.54,109.0,94.64,43.6,372.82
1703,7.95,28.45,6.78,23.54,1.23,0.63,17.37,89.73,201.0,89.64,18.77,217.19
1704,9.47,32.58,4.78,22.22,0.1,2.07,14.21,81.02,67.0,98.87,11.16,176.23
1705,10.63,38.93,8.95,25.33,0.14,5.76,21.57,92.37,159.0,92.97,14.81,236.5
1706,6.68,37.33,1.39,12.13,1.11,4.26,31.97,76.74,27.0,99.07,31.88,121.42
1707,14.73,28.63,2.56,33.43,1.18,1.71,12.19,90.76,50.0,97.07,14.15,291.39
1708,6.67,38.54,4.12,14.5,1.15,3.26,27.96,83.22,195.0,88.51,29.76,133.51
1709,11.26,26.79,1.17,26.39,0.66,2.11,24.4,88.1,99.0,94.94,27.45,241.59
1710,11.71,28.97,4.4,28.66,0.8,5.32,14.21,85.66,234.0,90.22,20.22,283.94
1711,12.33,33.31,1.83,24.04,0.92,3.67,24.16,93.24,144.0,94.29,19.24,207.31
1712,10.4,30.68,2.12,22.47,0.46,0.96,33.75,88.31,231.0,87.86,33.24,188.43
1713,5.45,39.34,0.42,8.74,0.98,5.82,20.86,90.13,149.0,93.7,26.36,89.63
1714,14.94,35.72,8.49,33.59,0.96,8.77,26.49,82.59,246.0,86.01,33.38,369.06
1715,1.34,44.59,3.3,5.11,0.74,2.43,21.07,85.84,47.0,97.73,30.35,71.28
1716,8.25,32.52,7.01,22.23,0.46,1.71,40.0,93.26,36.0,100.0,41.74,222.94
1717,9.69,33.27,1.76,19.23,0.56,0.79,21.37,64.5,107.0,96.04,15.46,158.74
1718,10.29,41.26,0.55,15.51,1.17,2.12,40.0,78.01,60.0,100.0,36.78,143.18
1719,6.59,33.45,1.15,12.97,0.45,0.18,32.62,87.6,83.0,96.1,34.43,114.41
1720,11.13,42.96,4.08,19.62,1.01,5.62,19.54,77.07,202.0,92.78,16.79,209.99
1721,10.81,37.24,7.36,24.78,0.01,4.72,13.38,91.39,210.0,88.07,11.89,209.9
1722,12.28,20.0,1.94,38.79,0.61,1.14,18.44,94.62,115.0,96.38,21.49,375.89
1723,12.19,41.07,4.22,22.02,0.53,1.21,25.63,72.56,174.0,89.53,21.14,198.41
1724,11.05,39.46,4.58,21.38,0.78,4.45,23.6,83.91,130.0,93.99,27.4,193.55
1725,12.94,39.71,5.58,25.14,0.33,3.41,9.35,79.51,132.0,95.04,21.28,217.71
1726,10.4,22.53,2.39,30.08,1.35,8.74,22.15,83.11,95.0,91.16,27.73,385.63
1727,5.44,30.02,3.58,14.45,0.49,0.34,10.26,90.11,26.0,97.46,15.6,127.03
1728,4.96,30.47,7.44,17.21,0.91,4.34,33.79,82.83,267.0,86.18,41.33,190.89
1729,10.01,28.95,2.62,23.35,0.43,2.0,6.73,90.12,326.0,84.62,17.73,196.19
1730,5.17,44.45,3.8,10.78,1.57,2.62,5.11,94.52,103.0,94.44,9.67,136.61
1731,2.13,33.93,0.37,4.15,0.96,3.73,20.89,81.64,212.0,87.16,27.8,59.66
1732,14.54,33.78,3.27,29.1,0.69,0.51,13.28,95.23,376.0,82.01,17.96,227.99
1733,16.28,37.31,2.58,28.76,0.7,3.95,22.24,82.22,96.0,91.66,27.97,247.26
1734,5.54,37.42,2.21,11.09,0.4,0.96,32.15,90.29,309.0,87.67,30.91,101.78
1735,6.98,20.0,6.32,27.26,0.24,1.86,36.16,78.94,402.0,78.02,45.0,290.11
1736,5.89,30.12,6.18,17.91,0.64,6.08,4.07,85.27,131.0,92.67,5.49,205.91
1737,10.08,25.52,9.28,32.97,0.03,5.78,15.25,97.38,23.0,97.67,12.47,286.65
1738,5.44,36.4,4.33,13.3,0.34,0.57,25.7,94.07,97.0,95.11,31.32,113.08
1739,6.68,32.27,6.51,18.94,1.39,1.75,29.2,86.16,45.0,96.2,32.25,180.63
1740,11.81,34.09,2.17,22.95,1.18,0.85,2.87,86.14,117.0,90.77,2.32,266.68
1741,4.12,21.53,5.64,17.12,0.13,4.05,13.57,81.04,240.0,87.61,13.11,169.57
1742,8.64,32.14,7.56,23.68,0.13,13.51,37.25,77.93,328.0,81.51,32.87,282.84
1743,3.68,40.69,2.09,7.51,0.65,7.65,14.19,76.32,142.0,93.59,21.31,91.73
1744,4.61,42.46,1.57,8.09,0.78,3.47,27.28,78.39,142.0,90.54,32.67,94.71
1745,3.34,38.31,0.12,5.36,0.67,2.96,31.91,76.67,259.0,84.48,39.4,61.6
1746,8.77,25.99,5.8,26.04,0.5,1.87,29.68,92.48,239.0,86.75,33.4,222.28
1747,8.5,41.56,0.7,12.96,0.58,0.99,17.3,83.51,293.0,86.41,21.04,111.93
1748,1.81,38.34,7.99,10.82,0.67,2.63,31.01,84.09,48.0,97.3,38.8,113.13
1749,7.99,33.3,8.61,23.01,0.63,2.74,15.65,84.85,277.0,89.89,19.63,211.08
1750,3.31,21.85,2.28,11.37,0.2,6.64,-0.73,77.65,140.0,96.08,0.09,156.93
1751,15.88,39.72,6.24,30.23,1.4,1.12,-5.03,82.4,117.0,96.27,3.12,365.29
1752,12.21,30.45,1.38,25.45,0.42,3.02,15.16,97.62,5.0,99.9,15.9,202.43
1753,11.18,36.08,3.94,22.53,0.22,4.3,22.67,82.96,208.0,89.36,25.35,182.83
1754,12.3,34.41,4.33,25.78,0.28,3.31,10.03,78.18,292.0,88.94,9.9,226.38
1755,7.51,43.23,4.74,15.16,0.53,1.56,24.01,95.58,110.0,93.28,21.91,136.17
1756,11.95,33.25,2.12,23.69,0.64,6.5,7.95,78.97,97.0,95.74,9.6,225.49
1757,5.33,33.91,2.53,11.96,0.14,7.96,26.04,85.12,118.0,93.8,34.75,123.46
1758,8.26,43.47,3.62,15.02,1.03,3.44,31.5,87.15,213.0,88.43,44.65,177.96
1759,4.42,30.05,0.49,9.3,0.48,4.61,22.79,88.77,105.0,95.06,17.57,103.35
1760,17.46,38.89,4.94,31.88,0.25,1.12,5.88,94.21,244.0,87.55,7.83,274.19
1761,2.28,32.81,2.1,6.26,0.42,2.01,9.96,73.98,222.0,90.75,11.03,60.66
1762,4.4,27.98,5.72,15.15,1.14,3.75,16.47,85.73,202.0,87.62,22.52,155.38
1763,5.11,34.01,1.07,10.09,1.15,5.94,22.63,88.04,274.0,85.23,25.25,113.77
1764,15.72,38.15,2.65,27.37,0.71,5.23,18.23,90.22,181.0,90.1,22.23,245.51
1765,7.91,42.12,0.62,11.88,0.47,1.83,4.59,95.61,124.0,94.95,10.42,119.49
1766,5.35,42.85,4.55,12.05,0.06,2.42,29.78,83.86,22.0,98.9,30.21,124.24
1767,11.06,32.23,8.57,29.15,0.09,3.59,34.27,97.77,113.0,92.45,39.89,229.51
1768,15.4,28.08,0.91,33.82,0.27,11.52,22.34,95.56,289.0,83.47,24.01,367.89
1769,7.93,32.09,2.68,17.51,0.45,4.43,19.02,78.85,274.0,88.94,28.71,143.21
1770,3.6,26.91,2.12,10.15,1.33,2.4,5.86,93.85,242.0,89.38,6.17,118.84
1771,4.14,32.7,2.61,10.21,0.42,2.44,-5.6,96.64,338.0,80.39,-2.04,112.68
1772,12.97,31.95,2.04,26.4,0.54,3.56,19.31,95.99,312.0,84.82,17.69,245.66
1773,12.01,38.36,2.44,21.22,0.47,3.84,22.17,86.4,164.0,91.89,20.43,177.41
1774,5.88,20.76,1.42,18.42,0.03,2.14,33.85,84.47,266.0,88.37,33.44,180.07
1775,7.24,29.6,5.96,20.62,0.7,4.23,25.86,80.79,250.0,87.44,31.43,209.99
1776,10.09,29.65,0.71,21.12,0.07,3.85,34.28,78.33,154.0,93.5,38.41,187.91
1777,11.67,41.12,5.58,22.62,1.1,0.4,23.93,73.92,64.0,96.17,30.36,207.28
1778,10.65,27.32,0.93,24.33,0.53,2.65,30.43,92.07,243.0,86.14,34.63,215.49
1779,11.99,35.36,0.56,20.91,1.15,9.97,7.06,74.08,137.0,90.68,16.06,258.44
1780,5.31,33.23,7.4,16.98,0.24,0.93,25.08,73.01,150.0,92.85,23.55,134.11
1781,13.82,40.26,3.88,24.47,0.63,0.44,15.82,92.07,34.0,96.69,19.91,229.4
1782,15.91,37.57,4.92,30.32,0.32,1.06,20.18,80.68,74.0,95.92,30.5,241.05
1783,9.74,34.73,6.04,22.87,0.61,4.48,25.67,87.88,262.0,88.62,30.29,191.73
1784,8.58,30.67,8.17,24.96,0.69,1.25,14.85,90.86,174.0,91.11,20.65,234.46
1785,2.73,22.89,7.24,14.39,1.54,2.46,4.56,80.2,106.0,92.65,15.84,173.15
1786,6.75,35.48,7.37,18.79,0.38,0.43,16.95,93.21,175.0,89.89,13.42,168.88
1787,13.01,37.18,2.02,23.01,0.93,1.16,9.03,90.49,118.0,95.44,19.78,214.56
1788,9.72,24.55,7.52,31.28,0.18,1.8,27.85,95.51,47.0,96.38,33.7,262.48
1789,12.64,26.6,3.87,32.4,1.37,2.14,28.56,80.33,43.0,98.32,29.16,303.84
1790,6.84,35.51,2.36,13.92,0.43,3.16,24.46,90.85,74.0,98.65,32.91,126.8
1791,13.57,36.03,2.17,24.77,0.48,1.65,32.15,91.18,63.0,95.11,32.05,223.49
1792,6.52,28.06,1.3,15.24,0.81,4.1,21.43,89.88,319.0,85.83,28.19,142.68
1793,13.6,30.56,3.78,30.49,0.54,8.23,18.84,91.89,197.0,92.03,15.89,317.6
1794,11.1,22.98,2.55,31.53,0.73,1.12,25.23,86.77,162.0,93.36,22.59,272.89
1795,7.53,42.26,2.13,12.82,1.06,2.64,22.71,79.36,25.0,98.31,25.73,132.98
1796,1.82,26.2,2.9,7.07,0.14,10.09,10.18,89.33,51.0,97.9,14.71,94.7
1797,14.06,37.25,0.21,22.85,0.25,0.94,26.47,86.08,97.0,94.98,27.28,172.51
1798,9.91,33.79,1.2,18.8,0.15,5.46,-6.32,95.1,185.0,90.73,-5.0,221.01
1799,7.94,41.74,0.98,12.4,1.14,3.79,32.31,86.19,143.0,91.31,29.84,136.93
1800,8.89,29.25,4.53,22.78,0.92,0.99,26.34,92.48,42.0,94.98,19.12,210.77
1801,2.92,34.37,5.77,10.88,0.48,3.8,5.4,78.35,72.0,94.2,14.08,115.04
1802,4.86,23.81,3.94,16.18,1.55,3.58,24.6,99.44,90.0,98.31,26.38,185.62
1803,13.91,22.37,6.38,43.68,1.3,9.21,25.55,90.08,70.0,100.0,33.12,599.86
1804,14.8,37.58,5.06,28.7,1.14,4.47,24.1,81.01,147.0,97.44,20.13,289.0
1805,4.17,23.29,4.69,15.44,1.33,2.97,21.57,85.22,273.0,86.0,17.35,157.88
1806,9.84,32.63,2.2,20.29,0.74,6.31,5.61,92.07,88.0,94.37,-0.59,234.47
1807,9.11,40.07,0.44,14.08,0.95,8.41,30.43,88.5,291.0,86.2,32.76,161.27
1808,11.98,38.48,5.32,23.99,0.43,2.1,5.2,97.07,171.0,90.31,9.88,220.27
1809,6.74,30.01,5.09,18.56,0.45,2.62,13.02,81.71,288.0,88.72,14.78,162.43
1810,12.0,24.47,2.37,31.8,0.46,13.06,2.04,88.63,180.0,91.19,1.2,510.16
1811,12.56,37.06,3.68,24.02,1.18,2.46,20.06,73.23,5.0,100.0,23.87,204.4
1812,10.2,42.05,3.7,18.25,0.25,7.17,14.48,83.57,224.0,86.06,16.55,176.49
1813,13.08,30.03,6.76,32.9,0.09,0.24,4.73,98.44,223.0,90.46,9.15,280.37
1814,5.49,29.18,7.23,18.53,0.52,4.25,39.21,87.5,242.0,85.75,36.16,176.03
1815,12.79,30.85,1.53,26.4,0.32,5.58,4.1,90.91,377.0,82.99,7.0,250.73
1816,3.81,37.43,1.45,7.55,0.89,2.93,17.54,91.26,170.0,89.78,22.33,73.78
1817,12.73,41.37,3.97,22.43,0.93,1.68,16.86,78.46,155.0,90.31,20.97,210.65
1818,12.55,26.56,5.68,34.03,0.91,5.43,9.75,67.2,152.0,93.22,12.48,349.64
1819,10.04,25.01,5.26,29.34,0.24,1.34,18.3,79.43,165.0,91.56,20.06,251.13
1820,7.32,48.04,7.8,16.94,0.16,2.18,18.6,91.97,213.0,86.58,21.43,161.46
1821,6.29,32.94,10.5,21.95,1.03,6.92,15.8,83.81,46.0,96.22,21.94,237.51
1822,11.27,35.52,0.32,19.35,0.16,1.57,2.37,83.48,298.0,85.97,6.98,186.37
1823,2.98,29.85,3.49,9.47,0.06,9.71,12.26,80.96,313.0,83.16,13.61,112.77
1824,5.64,36.94,0.75,9.9,0.45,1.21,23.6,86.34,197.0,89.47,24.45,83.96
1825,11.46,39.76,2.09,19.38,0.48,3.76,12.55,91.32,383.0,80.59,17.66,175.21
1826,5.91,35.8,0.95,10.84,0.28,7.54,12.94,75.57,228.0,87.08,15.1,115.56
1827,7.43,44.45,4.19,14.23,0.61,0.41,14.39,90.11,105.0,93.44,24.54,138.36
1828,10.19,32.04,5.14,24.22,1.55,1.73,18.82,90.23,84.0,94.06,21.25,240.74
1829,8.68,32.42,1.58,17.64,0.35,3.56,30.13,94.19,153.0,95.0,29.85,145.61
1830,4.03,35.39,3.1,9.92,0.98,1.07,21.27,95.74,312.0,86.32,28.5,99.17
1831,7.23,36.79,3.55,15.34,0.21,3.92,24.6,83.94,19.0,98.91,31.28,135.07
1832,9.36,35.37,3.82,19.7,0.41,1.78,29.17,88.55,208.0,89.17,31.76,158.7
1833,13.14,26.29,1.06,31.05,0.51,2.08,24.13,97.1,39.0,99.62,28.46,264.87
1834,16.07,35.88,3.93,30.8,0.48,3.3,12.57,96.33,181.0,90.36,21.28,260.83
1835,11.0,31.75,1.22,22.01,0.28,3.3,15.67,94.48,258.0,83.48,20.03,178.95
1836,1.94,30.51,5.05,8.87,1.37,1.3,17.66,88.58,296.0,84.06,20.4,92.55
1837,16.92,34.19,7.58,37.28,1.19,1.44,32.99,86.19,189.0,91.18,38.96,321.43
1838,11.05,28.23,5.23,28.71,0.28,4.8,3.87,80.56,208.0,89.0,7.47,274.91
1839,7.64,27.19,1.26,18.11,1.13,1.73,17.06,86.84,126.0,94.2,17.5,168.4
1840,8.0,20.0,2.4,26.42,1.03,4.44,17.57,93.45,162.0,92.62,22.33,297.83
1841,10.84,44.48,9.62,24.25,0.3,4.72,8.23,68.8,48.0,100.0,8.62,235.46
1842,4.88,37.33,5.47,13.32,0.83,1.61,14.61,76.88,268.0,86.52,21.92,119.87
1843,4.6,33.3,3.52,11.81,1.01,0.48,11.88,80.27,92.0,98.02,14.26,115.76
1844,8.65,30.0,3.83,21.12,0.56,5.2,28.88,86.53,116.0,95.25,23.35,196.6
1845,16.76,20.0,3.51,53.8,0.17,3.7,16.78,99.27,159.0,91.35,20.28,463.65
1846,10.79,29.63,10.88,32.73,0.59,2.21,7.89,98.19,30.0,100.0,12.63,331.74
1847,4.49,38.3,5.89,12.93,0.49,14.0,0.74,81.9,162.0,95.73,10.8,221.58
1848,1.51,39.65,7.15,9.43,0.73,8.85,14.31,87.16,156.0,91.52,13.32,118.35
1849,4.42,37.85,6.08,13.09,1.2,3.73,29.25,96.37,235.0,88.0,32.8,139.02
1850,9.61,34.95,1.61,18.11,0.11,5.24,10.76,79.81,369.0,83.52,10.04,165.43
1851,6.49,41.82,2.04,11.35,1.36,1.74,5.87,98.14,113.0,96.18,5.83,119.51
1852,12.86,32.03,3.62,27.71,0.84,2.0,23.9,77.87,59.0,96.4,17.12,239.02
1853,4.95,40.51,7.97,15.3,0.39,1.92,16.8,83.92,227.0,89.51,17.78,140.81
1854,8.09,31.69,5.87,21.18,0.35,0.6,20.75,85.21,141.0,92.52,23.06,171.0
1855,14.78,28.71,2.0,32.88,0.65,0.83,40.0,82.18,233.0,84.48,45.0,327.79
1856,4.94,27.97,2.72,13.33,1.3,1.07,29.58,97.96,12.0,100.0,39.91,129.64
1857,6.41,27.61,7.73,21.65,0.3,1.9,11.09,81.12,314.0,86.14,11.16,180.05
1858,7.37,37.95,3.29,14.94,0.37,1.04,8.52,94.82,305.0,80.71,12.08,138.18
1859,8.82,29.54,3.96,21.88,0.45,2.33,1.13,96.12,72.0,98.36,1.32,239.98
1860,8.49,27.8,4.35,22.68,1.19,3.32,16.66,68.56,187.0,89.38,24.26,210.42
1861,2.69,38.28,9.43,13.65,0.22,8.84,26.99,96.33,110.0,93.86,30.52,148.56
1862,4.54,35.97,5.86,13.43,0.12,1.39,2.55,77.45,198.0,88.68,7.5,134.57
1863,6.73,39.78,3.75,13.91,0.65,4.01,26.23,83.06,261.0,88.8,32.6,134.04
1864,6.64,37.08,0.91,11.66,0.2,4.69,24.39,67.93,176.0,91.27,34.41,107.87
1865,13.24,29.48,0.87,27.82,0.13,1.63,21.58,90.85,235.0,84.71,16.56,202.93
1866,15.1,34.46,2.26,28.55,0.5,3.85,12.29,87.74,163.0,91.13,12.91,238.47
1867,13.17,34.75,4.98,27.72,0.36,4.33,19.26,69.36,77.0,97.47,23.75,228.37
1868,4.44,28.49,4.13,13.48,0.38,7.92,24.79,89.62,179.0,92.58,23.48,164.3
1869,15.13,27.37,3.68,36.84,0.77,4.03,23.08,83.35,266.0,86.38,29.09,332.54
1870,10.0,29.92,9.64,29.7,0.74,5.47,19.17,89.88,260.0,86.66,19.6,295.51
1871,7.58,46.22,0.74,10.58,1.33,2.83,19.66,84.26,323.0,85.93,22.78,112.62
1872,7.75,31.52,4.93,19.68,0.92,5.28,28.65,73.14,220.0,89.05,36.33,191.01
1873,12.3,41.4,3.62,21.45,1.01,3.62,11.38,84.23,67.0,98.17,7.94,216.55
1874,13.76,31.19,8.18,34.66,0.19,6.82,23.51,79.87,81.0,93.45,30.75,297.64
1875,11.58,39.33,7.76,25.42,0.65,2.79,34.24,83.5,82.0,95.21,30.0,216.05
1876,1.82,39.41,0.61,3.38,0.42,4.17,11.45,72.39,119.0,93.95,16.7,46.39
1877,14.92,39.72,4.81,27.35,1.24,5.23,14.1,85.27,150.0,96.48,18.24,292.51
1878,2.89,36.33,4.27,9.05,0.64,0.95,0.12,81.23,119.0,93.18,-0.57,106.65
1879,10.25,42.26,1.58,16.13,0.58,0.82,17.47,87.86,63.0,96.11,24.28,143.28
1880,12.08,36.27,0.64,20.62,0.77,1.4,27.63,95.85,28.0,99.87,24.86,183.97
1881,11.86,44.28,4.69,20.76,0.88,1.38,23.85,93.2,167.0,92.96,30.92,201.02
1882,3.55,24.28,5.73,14.5,0.4,1.1,7.94,79.32,293.0,85.63,10.14,135.76
1883,13.04,36.09,10.59,32.27,0.75,2.8,11.31,99.38,132.0,94.86,10.61,292.07
1884,9.08,35.7,2.65,17.91,0.46,7.41,10.94,91.26,243.0,88.22,17.27,183.93
1885,7.31,28.38,2.57,18.02,1.36,6.89,27.53,89.48,293.0,88.42,29.62,207.72
1886,5.57,37.48,3.31,12.23,0.37,5.82,-2.97,78.83,84.0,98.39,-2.66,164.51
1887,11.22,25.06,1.92,28.79,0.36,5.24,7.98,85.31,178.0,92.84,12.8,271.06
1888,12.76,30.07,8.28,33.74,0.77,0.8,19.1,88.28,176.0,92.72,22.63,278.77
1889,4.43,22.01,1.92,14.0,0.53,6.14,17.82,93.67,147.0,96.61,24.66,149.0
1890,9.65,43.35,7.67,21.03,0.66,2.41,1.29,92.08,100.0,95.22,-0.85,230.31
1891,12.61,32.61,1.12,24.31,1.04,3.82,31.1,93.02,112.0,92.88,34.11,243.25
1892,3.42,47.0,3.12,7.48,1.5,5.17,8.51,93.74,45.0,98.62,17.63,127.59
1893,12.16,38.82,5.88,24.68,0.42,4.34,8.0,98.53,137.0,94.3,17.38,207.13
1894,13.44,36.69,1.41,23.38,0.11,3.86,11.22,73.52,125.0,93.18,17.3,193.77
1895,6.92,30.48,3.98,17.6,0.52,4.28,15.41,84.73,125.0,94.98,17.52,147.06
1896,15.88,27.72,3.38,37.75,0.81,0.54,27.07,88.94,252.0,85.08,37.54,345.59
1897,12.96,37.14,1.56,22.51,0.88,3.91,27.9,78.86,147.0,92.9,23.64,185.35
1898,6.14,33.57,6.36,17.33,0.09,1.48,29.95,91.13,187.0,95.33,31.52,138.19
1899,4.93,25.96,2.25,13.64,0.69,3.88,2.64,94.75,151.0,93.99,6.56,158.34
1900,4.47,24.9,7.03,17.81,1.39,3.4,17.25,83.14,190.0,91.92,19.37,204.27
1901,13.23,28.25,3.75,31.85,0.23,2.59,13.07,94.12,14.0,97.34,17.11,256.83
1902,14.17,44.93,3.52,22.45,1.7,4.58,21.34,92.92,38.0,95.41,25.29,248.44
1903,7.94,47.28,3.29,13.38,0.48,9.24,27.05,86.03,53.0,96.17,29.84,161.5
1904,5.59,35.23,5.05,14.57,0.59,1.99,12.29,90.19,137.0,95.16,15.97,126.3
1905,9.42,34.89,2.23,18.42,0.54,1.96,19.38,97.12,183.0,93.01,25.64,156.69
1906,12.63,31.98,4.22,27.91,0.87,3.05,13.96,91.14,146.0,95.01,16.53,244.53
1907,11.05,28.39,4.57,27.92,1.26,0.46,4.75,77.21,242.0,91.49,9.39,274.95
1908,18.35,42.25,2.93,28.99,1.26,2.53,4.53,87.41,60.0,98.96,2.55,311.76
1909,12.08,45.24,6.49,22.52,0.39,3.5,31.04,91.62,103.0,93.85,38.43,219.06
1910,3.21,28.64,1.25,7.97,0.17,4.56,38.03,78.22,62.0,96.12,44.32,86.45
1911,9.58,33.5,3.85,21.01,0.16,2.23,8.76,96.08,456.0,76.93,9.78,166.84
1912,12.02,31.3,6.9,29.95,0.5,4.63,23.33,65.69,132.0,89.61,29.17,249.95
1913,6.89,31.48,6.01,19.13,0.21,1.8,16.61,91.07,163.0,89.52,22.2,141.31
1914,9.21,41.12,2.2,15.64,0.91,2.68,3.07,81.25,297.0,85.39,6.66,174.78
1915,2.32,26.13,0.86,6.18,0.99,5.26,26.27,88.77,81.0,94.9,30.06,78.69
1916,7.1,36.8,3.63,15.22,1.01,8.97,17.76,63.22,256.0,87.72,24.23,187.23
1917,5.75,38.37,3.2,12.2,1.64,7.73,-0.78,94.71,226.0,88.55,3.1,178.8
1918,6.17,33.15,2.62,13.79,0.73,5.01,22.94,66.31,262.0,88.56,18.94,129.48
1919,8.77,39.36,2.44,15.81,1.39,4.14,33.82,88.65,184.0,93.05,42.3,167.29
1920,11.24,34.89,2.94,22.27,0.58,0.95,4.32,81.71,263.0,86.68,2.97,213.75
1921,2.57,41.3,5.07,8.81,1.03,0.85,6.09,92.87,118.0,92.18,4.58,115.07
1922,16.82,24.87,2.57,43.17,0.77,6.31,21.0,75.25,242.0,89.0,25.05,419.51
1923,12.33,31.91,4.56,27.75,0.61,5.84,29.04,89.56,53.0,100.0,34.23,264.33
1924,15.24,33.57,1.46,28.7,0.68,0.26,12.26,78.37,270.0,85.23,14.78,252.77
1925,5.76,20.0,2.88,20.16,0.38,1.07,21.74,85.89,257.0,86.31,23.17,207.37
1926,13.35,27.48,2.37,31.52,1.15,1.7,22.41,74.28,299.0,83.43,30.86,290.72
1927,11.22,29.12,0.46,23.57,0.89,2.93,32.79,85.08,159.0,90.5,35.56,217.58
1928,7.58,39.69,1.83,13.29,0.5,2.2,7.12,92.53,260.0,83.83,14.61,133.83
1929,6.17,29.76,4.9,17.34,0.24,2.79,22.37,84.31,357.0,82.33,30.77,152.7
1930,4.75,29.09,0.66,10.45,0.08,4.0,32.81,90.14,68.0,98.87,35.63,87.82
1931,10.95,38.9,3.95,20.84,0.12,1.92,23.69,93.29,43.0,100.0,18.44,162.04
1932,6.93,24.29,1.83,18.95,0.48,1.48,37.01,74.87,262.0,85.91,45.0,184.83
1933,17.87,21.57,5.88,55.59,0.08,2.42,17.7,99.13,221.0,90.04,22.51,449.11
1934,9.32,31.83,1.23,18.79,0.29,5.24,17.42,82.65,216.0,86.9,20.24,182.57
1935,2.0,25.31,1.73,6.48,0.81,10.88,7.8,73.62,151.0,93.05,10.44,79.8
1936,7.8,25.54,6.57,24.9,0.62,1.12,26.0,80.32,129.0,88.37,28.63,212.66
1937,6.83,37.44,0.9,11.85,0.12,6.92,36.13,67.48,94.0,95.91,35.65,122.24
1938,7.27,39.26,7.46,18.57,0.37,2.24,-5.33,94.56,86.0,95.21,1.35,219.88
1939,16.35,38.73,1.79,27.12,1.06,11.11,6.17,88.44,68.0,95.14,15.32,365.71
1940,11.37,40.65,7.66,24.45,0.14,1.8,26.4,77.91,221.0,91.98,23.07,197.61
1941,9.74,41.45,0.84,14.94,1.55,3.23,34.26,91.8,222.0,87.94,34.46,153.02
1942,9.22,21.23,5.66,31.71,0.3,7.78,34.05,89.88,292.0,85.11,40.81,345.81
1943,6.27,36.7,0.85,11.1,0.4,3.73,19.79,88.47,393.0,77.89,23.34,101.69
1944,12.19,30.82,6.93,30.66,0.46,2.8,29.86,80.78,185.0,89.8,37.95,272.84
1945,6.28,29.52,0.57,13.33,0.49,3.7,20.07,92.87,57.0,96.27,27.18,120.35
1946,13.03,37.36,0.43,21.35,0.99,2.37,-0.71,70.78,176.0,92.68,6.7,235.15
1947,4.68,23.62,5.4,17.28,0.49,4.25,20.4,93.33,365.0,85.03,24.87,185.67
1948,10.03,23.49,1.87,27.49,1.28,5.22,9.26,82.54,140.0,94.82,15.44,305.15
1949,4.76,37.8,8.04,15.6,1.24,1.42,18.61,92.55,93.0,98.13,23.38,153.93
1950,12.08,36.93,2.66,22.3,0.87,2.61,26.49,87.14,136.0,95.78,33.99,205.09
1951,14.83,34.82,5.79,31.35,1.04,1.43,10.67,87.07,315.0,83.73,14.36,291.49
1952,8.61,28.72,4.97,22.96,0.51,1.04,1.88,87.58,20.0,100.0,8.96,223.23
1953,10.33,38.46,1.49,17.61,0.53,2.72,20.86,79.41,52.0,97.37,18.77,159.24
1954,14.67,38.08,7.76,30.88,0.82,3.29,31.53,85.46,152.0,90.2,39.29,299.27
1955,12.2,34.51,3.06,24.27,0.81,5.79,8.01,78.4,143.0,92.35,12.15,252.85
1956,5.57,26.94,4.71,17.12,0.68,3.34,15.18,85.44,215.0,88.32,18.92,152.99
1957,7.5,31.45,3.72,18.02,0.61,1.07,26.28,76.56,38.0,99.81,32.89,167.06
1958,14.81,39.03,8.23,31.0,0.61,11.78,9.96,80.03,367.0,80.94,13.01,455.1
1959,7.58,41.96,8.56,19.4,0.31,2.01,28.14,92.74,99.0,95.95,35.27,182.55
1960,10.65,32.04,1.23,21.18,0.73,3.03,-4.79,89.79,25.0,99.42,-1.74,217.12
1961,7.24,32.5,2.07,15.43,0.34,2.27,21.32,85.05,101.0,94.98,22.33,131.56
1962,8.64,33.03,1.48,17.17,0.29,0.85,33.46,79.9,211.0,89.66,33.73,149.12
1963,15.59,35.65,0.65,26.89,0.75,0.24,11.47,87.0,159.0,92.04,11.46,229.64
1964,6.16,30.51,1.98,14.09,1.04,3.84,17.87,79.01,275.0,84.14,22.81,146.91
1965,8.71,20.0,0.91,27.03,0.21,0.85,-10.0,73.32,148.0,91.78,-5.0,343.34
1966,7.59,41.16,5.61,16.67,1.02,2.86,9.85,74.93,110.0,95.92,7.93,180.16
1967,14.1,44.77,0.19,19.09,0.24,0.57,16.59,94.5,127.0,91.57,17.07,160.69
1968,7.36,30.33,1.68,16.24,1.15,9.31,28.17,94.13,44.0,98.26,31.46,197.88
1969,15.08,27.6,3.89,36.68,0.93,3.79,30.79,86.26,214.0,89.89,37.07,347.87
1970,14.44,33.18,4.74,30.86,0.31,2.1,24.07,82.1,247.0,85.67,28.64,240.6
1971,4.2,32.87,3.39,11.05,0.73,4.89,1.08,79.3,234.0,90.2,7.25,132.07
1972,6.74,39.97,2.24,12.35,0.54,4.17,15.72,85.72,22.0,100.0,16.15,124.28
1973,6.84,34.34,3.82,15.77,0.19,0.87,15.14,91.1,334.0,81.75,14.8,119.97
1974,8.57,29.24,3.25,20.82,1.57,4.69,23.03,88.25,143.0,91.41,25.32,218.51
1975,5.78,26.09,6.32,19.62,1.2,8.57,23.44,81.72,185.0,91.24,26.84,235.9
1976,4.08,39.19,2.73,8.98,0.47,1.96,15.6,81.45,30.0,94.86,15.31,88.42
1977,14.18,37.6,3.71,26.34,0.52,6.54,21.52,95.23,351.0,81.55,13.49,244.47
1978,8.1,40.36,3.93,15.96,0.38,1.8,9.54,85.24,97.0,94.63,3.2,152.53
1979,14.61,28.19,1.22,32.31,0.44,4.22,28.3,93.51,147.0,92.45,32.09,267.4
1980,4.14,45.03,3.79,9.31,0.75,5.8,8.33,68.9,168.0,93.28,14.98,101.95
1981,14.26,23.54,6.01,42.36,1.78,0.33,14.78,87.78,75.0,95.77,13.48,440.59
1982,9.41,38.26,2.8,17.56,0.58,2.76,29.7,95.97,270.0,87.36,32.45,150.15
1983,5.97,22.54,2.74,18.64,0.35,3.89,22.66,91.3,139.0,92.92,32.42,186.26
1984,11.67,29.26,0.39,24.32,0.85,3.41,11.0,73.72,150.0,92.16,17.09,214.86
1985,6.29,43.37,2.09,10.8,0.23,3.09,19.57,97.69,344.0,82.54,22.21,92.8
1986,14.85,38.99,7.53,30.39,1.01,1.02,19.87,93.44,106.0,93.04,23.69,241.31
1987,10.46,30.72,1.57,22.0,0.29,3.47,35.89,78.23,222.0,87.68,39.73,209.29
1988,6.77,30.89,3.73,16.88,0.47,2.73,26.87,79.18,296.0,85.38,29.72,149.81
1989,7.53,34.6,2.64,15.7,0.39,1.75,25.07,76.53,57.0,97.15,22.25,133.99
1990,10.26,37.08,1.19,17.8,1.06,1.64,9.26,82.41,133.0,94.11,11.73,180.28
1991,7.58,41.51,0.32,11.27,0.49,1.52,9.69,83.93,65.0,94.46,11.66,115.1
1992,14.51,31.26,4.36,32.2,0.03,3.13,11.3,85.59,272.0,87.89,15.22,254.21
1993,13.05,24.33,3.21,35.39,0.39,2.45,35.01,81.22,162.0,90.96,39.7,308.29
1994,15.7,34.94,2.32,29.29,0.5,7.37,13.6,97.2,136.0,97.64,14.76,258.98
1995,8.54,31.26,3.16,19.56,1.05,5.27,14.6,90.85,115.0,93.56,20.26,192.2
1996,10.18,26.2,0.05,23.36,0.23,6.6,4.02,91.56,35.0,99.11,9.57,253.31
1997,1.81,35.79,4.05,7.08,0.82,5.23,5.05,67.16,199.0,89.46,10.74,77.89
1998,4.21,32.72,1.86,9.59,0.6,1.82,18.74,74.97,43.0,95.18,18.09,85.27
1999,9.82,35.84,8.07,24.51,0.55,1.69,29.12,79.69,170.0,88.92,38.75,213.82
2000,11.48,28.63,3.87,27.93,0.6,1.29,17.29,92.07,100.0,93.59,15.87,230.11
2001,7.49,36.92,2.35,14.52,0.57,5.79,18.24,73.77,117.0,92.48,21.29,139.4
2002,9.27,26.1,1.53,22.84,0.19,1.23,34.84,90.33,284.0,84.61,39.94,205.58
2003,6.33,29.03,6.0,19.08,0.77,1.79,18.15,72.12,37.0,98.33,25.72,162.84
2004,7.48,32.54,10.01,23.81,0.34,4.59,17.74,86.91,10.0,98.83,19.93,217.24
2005,4.43,44.45,8.03,14.01,1.01,3.9,28.28,77.86,418.0,78.49,25.23,151.99
2006,15.13,38.71,3.02,26.48,0.49,0.77,26.54,95.95,87.0,97.41,26.2,210.11
2007,10.41,40.46,3.26,18.7,0.55,2.47,12.32,68.22,52.0,100.0,15.29,170.01
2008,8.77,42.5,4.34,16.71,0.54,1.83,15.33,95.0,155.0,94.68,19.84,151.69
2009,4.41,50.0,1.78,7.07,0.57,2.02,22.14,79.69,27.0,98.12,28.36,88.39
2010,8.08,34.25,4.8,18.97,0.11,2.04,20.1,79.46,63.0,96.13,15.21,149.39
2011,3.92,42.52,5.06,10.59,1.31,4.24,33.51,86.56,52.0,96.91,36.78,125.54
2012,10.87,40.08,3.07,19.34,0.56,2.06,15.19,90.52,11.0,99.08,23.45,178.29
2013,10.47,39.98,5.1,20.81,0.28,3.56,24.98,92.49,135.0,92.37,37.85,183.17
2014,7.84,44.65,1.44,11.98,1.23,4.17,22.5,94.84,29.0,100.0,34.22,142.54
2015,5.76,31.48,7.07,18.05,1.5,1.21,22.05,86.79,176.0,92.93,32.73,189.83
2016,19.12,31.01,1.84,38.83,1.36,6.44,11.79,86.21,103.0,94.25,14.36,442.03
2017,5.79,35.92,0.7,10.38,0.26,4.18,17.21,71.63,247.0,87.62,21.81,99.16
2018,8.9,32.9,5.78,22.01,0.18,4.11,17.88,94.36,49.0,98.74,25.27,174.29
2019,13.21,35.91,10.53,32.6,0.35,9.26,31.81,88.41,154.0,90.6,38.86,355.46
2020,6.95,43.38,4.27,13.88,0.68,8.42,15.01,84.92,14.0,100.0,15.63,151.25
2021,15.6,31.13,0.48,30.55,1.09,3.23,17.74,82.27,252.0,87.28,19.75,236.23
2022,4.55,32.16,3.42,11.91,0.38,5.12,18.07,85.86,52.0,96.83,17.75,116.07
2023,3.4,35.05,5.22,11.03,0.38,6.47,36.47,90.79,152.0,88.0,41.68,110.51
2024,10.5,32.63,2.33,21.64,0.11,2.11,25.54,85.24,126.0,92.95,31.84,155.94
2025,6.73,22.52,7.13,25.06,0.35,5.43,24.0,76.91,84.0,97.06,26.64,249.03
2026,14.97,30.52,9.38,38.81,1.18,6.49,19.17,94.83,168.0,90.81,23.61,366.28
2027,4.16,38.12,3.94,10.48,0.64,0.85,13.64,80.4,60.0,99.65,21.41,95.02
2028,8.32,42.63,2.56,14.27,0.48,2.68,28.72,81.33,77.0,96.23,33.95,128.88
2029,14.17,27.07,3.44,34.86,1.05,3.36,14.24,87.8,103.0,92.58,9.68,350.0
2030,5.34,27.04,5.26,17.11,0.19,3.04,37.12,68.76,152.0,90.52,40.17,160.75
2031,9.82,34.18,2.56,19.8,0.41,7.08,19.83,82.33,149.0,90.97,21.72,189.13
2032,3.21,21.55,4.61,13.55,0.23,3.66,24.62,91.83,348.0,84.84,26.1,142.32
2033,4.37,31.33,2.22,10.59,1.3,1.69,16.74,90.78,207.0,90.38,19.79,111.93
2034,10.04,23.58,4.05,29.59,0.35,2.58,40.0,81.09,169.0,95.86,33.79,268.83
2035,4.45,42.21,1.98,8.3,0.33,3.01,7.75,92.34,81.0,95.2,15.69,82.73
2036,9.59,29.38,3.41,22.99,0.6,6.38,14.44,78.62,159.0,92.27,18.79,234.43
2037,4.9,43.92,4.33,11.03,0.05,0.51,8.97,98.23,97.0,92.78,18.52,112.49
2038,13.65,40.68,1.15,21.29,1.0,2.58,5.81,90.32,226.0,90.39,2.73,226.08
2039,8.25,30.12,1.96,18.4,0.67,3.76,21.54,94.06,80.0,98.77,21.98,167.28
2040,9.13,27.57,9.09,28.96,1.36,4.14,14.08,94.26,148.0,89.35,14.55,299.23
2041,9.6,32.84,1.88,19.41,0.23,2.08,14.8,80.48,186.0,88.99,18.11,156.9
2042,6.45,33.37,1.42,13.01,0.98,4.4,15.31,84.94,389.0,79.42,16.51,135.49
2043,12.1,36.08,6.88,27.01,0.31,0.54,18.53,93.5,3.0,100.0,23.5,209.67
2044,14.79,29.34,5.22,35.46,1.03,2.88,3.83,95.79,291.0,84.27,18.14,349.36
2045,6.39,38.48,6.19,16.16,0.49,4.71,6.51,88.92,50.0,93.55,9.38,161.72
2046,8.44,35.59,5.87,20.1,0.43,6.96,5.44,79.41,164.0,92.99,11.37,207.96
2047,5.48,31.96,5.95,16.24,0.24,5.33,18.97,81.86,360.0,81.26,19.99,149.1
2048,1.82,29.73,8.4,12.06,0.8,1.31,18.77,88.83,81.0,95.91,26.55,109.18
2049,6.54,32.89,5.03,16.97,0.39,2.03,18.16,87.85,116.0,96.02,23.79,128.13
2050,13.69,29.1,6.68,34.92,0.39,5.62,22.97,80.98,212.0,92.3,28.13,308.36
2051,8.95,34.35,7.46,23.08,0.57,2.46,21.42,99.94,212.0,90.11,24.22,202.15
2052,3.11,34.51,0.3,5.7,0.07,4.27,2.18,83.79,218.0,88.99,9.27,71.58
2053,10.9,35.57,4.33,22.72,1.03,6.6,16.77,75.58,37.0,98.7,22.38,230.62
2054,13.22,44.6,3.15,20.94,0.18,6.03,19.85,89.68,128.0,91.41,28.51,198.12
2055,6.05,33.21,0.96,11.89,0.57,2.65,7.82,92.36,143.0,91.14,6.97,114.72
2056,2.7,40.03,5.3,9.35,0.45,2.67,3.81,90.14,165.0,92.01,7.68,107.91
2057,6.7,35.38,3.48,14.84,0.39,2.85,25.32,83.23,211.0,88.32,28.59,126.32
2058,12.33,32.57,3.73,26.44,0.33,8.16,9.23,90.47,305.0,84.68,10.96,280.99
2059,5.66,33.29,3.83,14.03,0.73,4.87,26.62,90.06,163.0,91.29,30.65,142.53
2060,7.3,33.65,4.42,17.44,1.17,1.05,18.46,75.77,264.0,86.71,24.39,165.18
2061,10.38,35.68,3.99,21.45,1.32,2.61,15.08,77.97,148.0,92.36,20.62,186.8
2062,7.07,28.24,2.07,17.08,0.27,1.92,24.33,89.13,408.0,77.48,28.91,147.12
2063,8.18,25.21,0.96,20.44,0.73,7.22,19.37,90.54,183.0,90.93,18.97,216.12
2064,12.29,37.93,5.08,24.52,0.22,1.77,17.0,86.15,3.0,100.0,21.52,182.73
2065,4.6,39.39,2.28,9.29,0.22,0.84,9.58,89.91,124.0,89.68,7.56,93.12
2066,1.75,38.47,0.96,3.69,0.6,6.59,32.69,95.66,53.0,98.41,36.76,50.58
2067,6.79,34.93,0.12,11.78,0.28,2.64,8.01,95.69,212.0,91.55,9.06,104.16
2068,7.14,38.6,3.69,14.78,0.28,6.78,29.04,78.18,121.0,94.65,36.57,145.5
2069,10.91,38.28,7.18,24.28,0.24,3.8,3.38,80.2,64.0,95.94,6.09,249.92
2070,9.71,38.73,3.04,18.08,0.66,2.17,22.46,81.1,28.0,99.16,21.65,165.73
2071,5.73,28.84,5.55,17.46,0.8,7.54,25.82,88.73,282.0,85.89,31.62,189.81
2072,4.42,27.42,0.64,10.3,1.45,10.04,19.14,74.15,168.0,89.48,22.07,144.57
2073,10.8,31.67,2.2,22.66,0.16,11.34,24.82,87.11,239.0,86.61,27.06,247.29
2074,2.4,33.9,3.31,7.57,0.55,5.78,29.86,88.7,265.0,87.43,31.64,70.84
2075,6.06,32.55,2.68,13.84,0.36,1.22,24.09,72.83,150.0,95.13,24.78,111.63
2076,3.73,22.74,3.38,13.23,0.35,3.37,34.86,77.58,253.0,84.12,40.97,157.83
2077,5.34,44.33,5.59,12.81,1.29,1.51,39.3,99.64,204.0,90.94,42.35,156.14
2078,3.25,32.36,4.3,10.33,0.97,2.28,33.42,91.06,30.0,96.78,38.8,116.98
2079,3.88,35.04,1.18,7.84,0.77,5.63,24.89,59.78,166.0,89.46,29.79,64.24
2080,4.5,41.47,1.64,8.16,0.29,1.53,14.35,97.61,232.0,86.82,21.36,75.38
2081,11.99,20.0,1.58,37.55,1.7,1.92,21.24,81.48,350.0,82.88,24.57,415.15
2082,6.27,30.93,6.51,18.67,1.15,0.38,23.89,79.73,280.0,85.1,19.9,161.82
2083,5.84,31.68,4.32,15.38,0.11,4.17,6.54,90.99,292.0,84.74,12.55,145.63
2084,6.29,31.98,2.63,14.43,1.27,3.13,16.09,95.23,177.0,90.66,19.14,137.73
2085,12.46,32.96,1.58,24.27,0.82,1.95,8.19,96.37,165.0,93.69,10.04,219.19
2086,4.33,42.68,3.62,9.71,1.11,1.88,12.98,95.88,74.0,94.64,24.98,105.68
2087,11.7,38.04,2.53,20.98,1.42,2.32,21.53,74.55,106.0,97.15,28.85,206.4
2088,11.98,39.75,3.43,21.5,0.84,5.22,16.49,89.88,260.0,90.31,20.89,202.53
2089,12.76,34.28,4.9,27.23,1.07,2.86,12.23,80.29,86.0,95.54,14.16,252.82
2090,3.89,25.6,5.87,14.99,0.54,1.65,22.04,92.39,211.0,89.63,25.69,144.07
2091,3.25,21.52,4.71,13.79,1.13,3.4,17.14,68.69,297.0,87.74,11.25,143.37
2092,6.65,24.82,6.58,22.66,0.87,1.65,18.31,77.62,36.0,98.83,25.5,207.59
2093,10.69,36.16,0.64,18.39,0.8,3.13,18.23,92.16,96.0,96.49,17.82,163.1
2094,4.61,34.19,4.24,12.34,0.76,3.9,21.52,94.04,149.0,94.71,19.1,116.95
2095,2.44,32.74,6.15,10.62,0.4,1.12,1.82,96.63,276.0,86.06,0.66,102.11
2096,8.75,31.79,2.81,19.32,0.29,0.4,18.34,76.31,189.0,91.46,19.38,150.15
2097,4.7,46.07,0.3,6.42,0.22,4.87,34.06,92.81,222.0,87.42,38.69,88.51
2098,11.26,29.06,2.6,25.85,1.24,0.32,-7.8,67.68,64.0,97.42,-4.76,328.93
2099,13.32,39.57,5.96,26.15,0.52,3.78,14.27,82.77,178.0,89.59,13.69,232.41
2100,4.94,34.01,6.77,15.48,0.91,2.92,19.3,88.71,369.0,80.98,19.6,129.58
2101,5.84,33.63,1.95,12.37,1.36,4.14,6.67,91.82,215.0,91.02,4.81,140.35
2102,6.66,41.06,2.34,12.07,0.7,3.98,2.18,79.12,80.0,96.31,8.22,139.74
2103,10.65,42.78,5.82,20.76,0.3,7.04,13.62,87.65,140.0,95.48,19.87,215.37
2104,6.54,32.56,2.11,14.16,1.11,2.18,17.87,81.57,211.0,87.65,20.92,138.13
2105,15.06,38.8,4.77,28.06,0.32,1.22,24.92,94.14,113.0,95.0,27.53,216.61
2106,4.86,36.18,1.95,10.02,0.79,4.34,12.13,86.78,125.0,90.87,15.76,104.62
2107,10.47,34.04,1.53,19.98,0.25,3.13,23.12,79.76,130.0,91.02,27.87,146.21
2108,14.26,35.23,1.93,26.22,0.2,1.06,20.27,71.34,148.0,93.99,26.23,202.25
2109,9.53,29.87,1.02,20.16,1.23,2.36,25.14,99.08,145.0,91.95,21.07,187.44
2110,5.27,32.16,5.02,14.84,0.81,1.96,14.44,90.21,48.0,98.09,15.41,141.9
2111,2.07,30.52,0.21,4.29,0.39,7.78,16.43,93.57,296.0,87.32,18.03,51.64
2112,13.02,39.41,1.93,21.76,1.17,5.64,28.99,89.2,291.0,86.37,25.78,214.4
2113,7.59,33.43,4.63,18.26,0.13,1.74,30.77,76.64,115.0,96.3,38.23,158.57
2114,6.88,26.21,5.56,21.32,0.41,5.07,34.92,86.92,138.0,94.46,31.46,201.19
2115,18.17,29.66,6.42,43.19,0.36,0.73,7.09,88.52,107.0,97.16,4.48,366.81
2116,12.16,20.0,1.46,37.95,0.25,2.83,9.19,95.73,281.0,85.36,10.19,388.46
2117,9.47,31.03,6.54,24.86,1.2,7.16,21.37,74.16,258.0,89.0,23.3,262.9
2118,8.41,34.23,5.55,20.29,0.88,0.85,14.69,80.29,71.0,94.86,23.23,180.85
2119,10.32,33.18,5.82,24.48,0.73,3.69,-2.62,83.07,261.0,87.32,8.46,262.62
2120,6.3,45.88,9.76,17.99,0.39,8.41,22.28,69.59,189.0,89.52,26.03,203.91
2121,3.88,37.45,4.0,10.21,0.32,12.06,9.62,93.35,305.0,84.62,9.86,133.95
2122,12.74,37.18,4.84,25.4,0.76,4.69,18.2,91.04,217.0,90.59,16.46,236.21
2123,9.01,24.14,5.32,27.7,0.93,2.27,20.65,84.42,116.0,94.37,26.16,248.98
2124,4.98,31.81,2.08,11.47,0.04,3.76,13.97,82.36,198.0,89.77,12.18,106.63
2125,10.09,31.08,9.32,28.8,0.37,4.86,15.07,89.97,163.0,91.3,16.95,266.26
2126,3.1,29.28,2.87,9.21,1.05,4.56,24.55,82.48,82.0,97.43,31.81,110.59
2127,13.08,29.2,4.94,31.82,0.55,1.75,0.46,86.86,131.0,90.79,5.73,349.12
2128,13.79,23.15,1.86,37.6,0.95,5.49,5.38,94.3,389.0,78.55,5.57,466.56
2129,9.41,26.34,0.35,21.79,0.2,2.55,-7.57,92.48,93.0,94.78,-1.68,251.11
2130,4.65,39.24,5.88,12.99,0.32,1.94,11.77,96.61,153.0,91.18,12.02,120.41
2131,4.24,33.14,4.84,12.52,0.54,5.44,33.76,83.87,188.0,87.36,42.02,125.8
2132,11.68,30.96,0.74,23.38,0.02,4.28,6.79,83.08,128.0,90.6,6.89,214.88
2133,12.53,33.97,3.21,25.34,1.2,9.21,19.17,94.51,151.0,92.93,26.91,285.04
2134,16.87,41.0,0.79,25.48,1.1,2.14,17.4,85.55,123.0,91.31,17.14,242.95
2135,9.11,34.03,2.05,18.12,0.61,2.13,7.83,94.3,176.0,87.19,14.26,159.35
2136,6.88,37.24,3.66,14.75,0.47,3.31,11.18,89.21,39.0,99.42,16.62,137.13
2137,8.18,28.92,0.98,17.96,0.92,7.44,-2.04,95.21,92.0,93.3,-1.82,252.8
2138,6.86,30.29,1.27,14.85,0.9,10.06,22.3,95.03,152.0,94.16,32.77,182.18
2139,4.22,36.12,5.27,12.27,1.83,13.21,32.78,69.34,83.0,96.07,30.3,216.34
2140,10.46,45.36,3.39,17.23,0.39,1.25,5.16,75.29,339.0,83.48,6.86,184.6
2141,8.44,42.58,8.01,19.9,0.46,8.46,19.62,83.9,91.0,97.28,18.63,215.71
2142,11.56,37.5,6.18,24.67,0.36,14.0,29.05,87.33,97.0,94.86,33.23,310.79
2143,7.1,34.91,2.53,14.74,0.82,3.41,27.36,78.57,103.0,95.65,31.57,150.46
2144,6.53,42.41,10.34,19.58,0.35,0.53,25.0,87.09,75.0,94.57,23.87,177.29
2145,12.84,38.77,8.03,27.91,1.06,3.17,33.08,84.3,163.0,92.57,35.85,260.01
2146,7.21,20.24,4.14,25.52,0.51,3.95,4.13,93.69,25.0,95.64,13.02,306.9
2147,5.61,27.68,1.58,13.73,1.18,11.94,10.85,84.95,37.0,99.29,15.95,207.35
2148,11.03,36.03,6.06,24.43,1.05,2.63,16.82,93.14,65.0,93.74,26.33,222.61
2149,8.68,23.28,5.74,28.11,0.19,2.43,24.93,92.54,33.0,100.0,29.51,223.45
2150,14.6,28.61,2.85,33.48,0.43,5.08,27.21,96.5,175.0,88.38,24.28,289.12
2151,11.06,29.8,3.93,26.2,1.12,2.13,18.22,76.08,305.0,83.48,17.59,226.09
2152,6.83,32.46,3.45,16.07,0.73,12.8,22.99,79.36,12.0,100.0,26.09,216.47
2153,3.55,32.28,7.22,13.83,0.61,0.96,21.84,95.61,161.0,94.21,20.96,126.46
2154,7.84,32.27,6.48,21.05,0.53,6.86,0.04,70.2,44.0,99.5,3.52,263.6
2155,11.91,38.95,3.88,22.23,0.41,2.24,11.16,94.06,266.0,88.1,18.38,205.11
2156,7.38,32.41,5.62,19.28,0.72,3.73,-3.41,72.37,91.0,96.28,4.88,213.12
2157,10.18,31.69,2.68,21.95,0.3,6.48,14.29,87.48,347.0,82.09,17.06,194.01
2158,10.62,25.9,1.94,26.53,0.18,3.62,17.22,90.37,341.0,83.63,17.24,228.06
2159,9.45,40.15,3.29,17.42,0.3,2.03,18.66,73.72,175.0,90.65,25.3,145.27
2160,8.06,29.97,8.26,24.4,1.0,9.15,13.05,72.51,231.0,88.55,18.6,284.47
2161,9.03,27.48,1.18,20.9,0.54,0.49,21.31,93.34,249.0,87.26,24.16,163.49
2162,5.78,35.28,4.52,14.36,0.47,1.13,18.02,77.63,294.0,83.82,18.86,132.26
2163,8.21,29.4,2.45,19.2,1.13,0.69,10.4,84.07,18.0,98.91,5.92,183.0
2164,3.98,30.84,5.28,13.02,1.02,3.49,4.31,91.5,159.0,91.49,8.58,152.45
2165,14.59,35.55,0.18,24.8,0.71,9.08,10.31,86.46,381.0,82.96,14.9,233.29
2166,6.31,32.04,1.88,13.69,0.09,0.91,20.75,85.59,297.0,86.04,32.81,110.72
2167,13.3,47.87,3.76,20.43,0.68,7.36,17.07,74.31,25.0,97.62,18.59,248.79
2168,16.23,33.55,0.27,29.29,0.61,2.18,19.96,89.3,212.0,84.41,24.27,267.2
2169,14.69,37.71,9.69,33.07,0.55,3.41,19.92,93.33,3.0,99.79,24.08,257.55
2170,4.47,22.35,7.26,19.25,0.94,11.15,29.71,81.46,147.0,93.24,36.63,269.0
2171,7.25,28.84,2.06,17.14,0.53,1.23,11.15,79.13,73.0,94.73,17.57,157.64
2172,7.57,27.48,1.42,17.96,0.74,6.16,25.66,81.3,262.0,85.92,34.58,193.98
2173,8.72,28.27,0.52,19.04,0.21,2.03,35.97,84.91,183.0,89.72,40.96,170.09
2174,13.97,36.49,3.11,26.08,1.31,4.47,3.06,82.02,255.0,90.11,8.26,282.63
2175,7.11,40.21,5.28,15.89,1.22,7.06,21.17,92.13,93.0,97.1,28.89,189.51
2176,8.35,36.07,2.11,16.0,0.71,4.38,12.69,89.22,287.0,82.52,16.69,153.69
2177,11.23,32.64,0.46,21.09,1.3,7.48,9.71,92.96,152.0,93.48,12.78,241.4
2178,11.11,30.21,3.83,25.9,0.82,2.85,39.53,93.38,255.0,88.85,45.0,275.91
2179,10.64,40.68,1.94,17.63,0.79,6.16,23.51,85.09,275.0,86.49,31.09,176.82
2180,5.74,46.43,3.11,10.53,0.92,4.83,14.29,63.63,119.0,96.5,15.51,130.37
2181,4.18,34.81,2.95,10.15,1.03,3.08,28.2,80.04,383.0,80.42,30.62,99.91
2182,6.52,39.64,2.95,12.83,0.27,8.37,26.94,87.29,161.0,92.02,30.31,138.81
2183,11.22,36.06,7.04,25.71,0.5,2.66,18.61,73.67,84.0,98.22,24.73,238.13
2184,9.11,38.53,6.92,21.1,0.62,3.56,19.31,79.92,173.0,90.8,20.14,181.91
2185,8.66,27.01,7.59,26.83,0.72,1.14,16.65,81.99,255.0,89.96,12.62,210.36
2186,6.73,31.07,3.71,16.71,0.26,4.91,16.3,95.04,195.0,91.96,22.57,144.58
2187,15.64,36.37,0.56,26.36,0.35,2.39,9.66,77.38,182.0,91.67,11.74,237.54
2188,14.91,41.27,4.36,26.03,1.06,1.99,12.49,64.04,85.0,96.23,10.77,255.65
2189,7.96,29.09,7.23,23.65,0.49,2.33,17.69,95.73,201.0,91.13,14.83,194.85
2190,3.67,21.8,5.43,15.53,0.57,1.91,14.34,76.43,86.0,92.73,22.42,187.57
2191,18.18,31.01,4.35,39.52,1.04,5.58,10.68,97.25,82.0,95.25,18.61,380.59
2192,18.6,40.06,6.79,34.64,1.29,3.96,35.47,95.39,171.0,93.81,40.07,367.43
2193,14.08,24.5,6.41,40.89,0.11,1.02,22.38,87.26,163.0,90.02,23.64,299.09
2194,7.05,26.94,6.74,22.44,0.4,4.85,14.97,91.11,110.0,91.42,17.0,208.97
2195,8.4,34.94,3.84,18.27,0.58,0.67,29.03,83.84,58.0,94.65,29.83,142.87
2196,11.98,33.3,6.46,28.04,0.97,5.59,14.36,89.99,148.0,95.17,14.68,298.53
2197,7.55,37.57,1.48,13.54,0.35,2.72,11.7,74.71,217.0,89.22,14.75,112.92
2198,9.75,26.63,6.14,28.11,0.2,7.1,7.91,92.62,68.0,93.86,6.89,294.98
2199,4.29,32.05,3.52,11.55,0.0,2.05,16.19,90.37,377.0,82.47,15.02,99.33
2200,12.74,41.17,2.81,21.38,0.76,1.24,25.36,82.78,149.0,93.67,22.16,189.95
2201,11.42,26.84,2.27,27.8,0.83,3.5,24.36,70.3,104.0,94.19,22.16,261.53
2202,7.74,42.86,0.88,11.71,0.2,5.21,21.76,80.19,162.0,92.54,21.87,116.71
2203,3.77,27.6,1.88,10.09,0.61,0.36,20.11,87.55,165.0,92.74,17.99,93.78
2204,6.23,39.1,5.91,15.48,0.42,1.95,14.2,94.19,214.0,88.39,19.99,126.17
2205,4.45,31.76,7.72,16.13,0.85,3.81,34.34,72.77,164.0,94.25,36.54,155.1
2206,11.79,27.13,1.45,27.53,1.22,0.86,40.0,89.25,28.0,97.9,44.9,290.43
2207,7.89,31.02,4.71,19.97,0.54,4.9,17.13,93.32,8.0,96.87,19.11,183.19
2208,12.19,37.27,2.15,21.78,0.92,3.38,18.2,92.97,27.0,97.42,19.01,188.25
2209,2.91,33.96,8.45,13.59,1.19,3.79,-0.46,99.05,269.0,85.18,6.58,154.1
2210,12.07,40.71,7.66,25.45,1.18,9.69,18.29,96.29,170.0,92.03,18.96,361.1
2211,9.69,42.61,1.03,14.67,0.76,3.41,10.66,80.82,252.0,84.72,11.07,150.18
2212,10.76,26.9,4.89,28.89,0.77,1.94,30.39,91.35,186.0,85.0,35.63,262.82
2213,5.08,26.46,3.61,15.14,1.13,1.69,31.62,95.34,62.0,95.6,33.75,161.17
2214,8.06,26.17,4.92,23.4,0.38,2.53,5.34,87.12,43.0,99.01,10.87,228.87
2215,7.7,28.6,3.48,19.63,0.19,7.83,13.33,88.24,89.0,97.5,14.85,188.49
2216,11.89,40.63,1.63,19.18,0.49,2.78,19.7,89.72,253.0,88.3,15.85,174.19
2217,3.9,37.36,3.14,9.39,0.92,2.91,32.88,88.34,187.0,91.62,33.98,106.7
2218,4.31,30.73,8.48,16.91,1.19,3.41,29.88,89.68,241.0,90.26,36.2,174.36
2219,4.16,33.93,3.92,11.28,0.33,9.97,30.76,94.46,160.0,91.62,28.33,138.74
2220,3.8,42.43,3.49,8.86,0.96,7.96,16.35,72.34,87.0,94.99,18.45,116.35
2221,4.01,45.45,0.46,5.75,1.02,3.41,31.17,83.95,212.0,85.42,27.05,67.91
2222,8.1,35.56,4.0,17.67,0.53,1.24,0.94,98.74,122.0,94.89,3.85,178.48
2223,9.28,20.0,4.59,32.43,0.14,3.1,23.56,88.25,78.0,94.94,27.93,324.69
2224,3.84,35.78,0.31,6.75,0.38,4.77,18.53,86.61,116.0,94.84,18.77,73.44
2225,8.16,39.61,2.29,14.66,0.17,6.03,34.41,95.13,366.0,81.4,39.34,140.44
2226,9.42,35.35,6.85,22.84,0.38,3.14,12.27,80.99,227.0,89.47,6.61,199.99
2227,12.13,38.36,2.66,21.63,0.2,10.06,25.76,97.34,61.0,93.19,37.33,215.28
2228,2.44,36.14,3.53,7.59,0.62,3.97,38.72,83.0,47.0,98.05,45.0,81.5
2229,9.55,26.59,4.12,25.66,0.58,5.48,17.1,94.83,354.0,81.48,23.13,248.68
2230,9.49,28.68,4.1,23.96,1.27,5.57,22.35,85.56,65.0,97.46,29.11,253.53
2231,8.35,32.07,1.36,16.98,0.7,4.8,17.64,94.7,273.0,88.58,23.45,151.47
2232,5.53,40.39,2.69,10.9,0.38,10.09,11.68,90.76,84.0,92.99,17.02,133.98
2233,3.95,29.4,11.21,19.28,0.61,8.59,13.21,86.25,199.0,90.27,21.39,191.33
2234,3.21,36.74,4.89,10.13,0.45,2.64,23.17,83.77,38.0,97.19,24.32,100.17
2235,11.4,35.82,4.9,24.0,0.24,5.91,12.81,85.54,231.0,88.89,11.5,237.04
2236,3.48,43.52,6.63,11.42,0.79,4.65,19.88,93.78,30.0,98.69,15.62,131.35
2237,3.86,33.75,5.77,12.63,0.45,1.37,10.36,84.79,451.0,76.36,14.51,118.95
2238,8.96,23.47,0.61,23.52,0.4,0.84,28.42,70.78,98.0,95.54,34.07,214.29
2239,1.98,37.88,2.42,5.55,0.02,1.16,25.28,69.92,164.0,90.14,31.43,40.39
2240,10.59,46.83,5.33,18.9,0.3,13.11,6.95,73.23,251.0,89.66,5.19,293.09
2241,6.25,38.27,2.7,12.49,1.38,1.85,13.67,89.15,281.0,83.57,14.79,121.86
2242,11.33,29.27,2.89,26.12,0.23,3.32,11.69,93.97,210.0,89.69,11.97,237.09
2243,5.56,27.51,6.38,18.51,0.67,3.39,15.69,71.7,182.0,91.57,19.31,182.44
2244,7.47,28.28,2.73,18.57,1.5,8.64,25.73,66.46,278.0,90.92,27.2,240.64
2245,9.77,46.02,3.31,16.05,0.8,4.3,11.23,92.23,201.0,87.48,12.49,172.16
2246,14.06,32.04,3.61,29.94,0.62,4.46,12.11,90.23,172.0,92.55,16.69,257.6
2247,6.01,30.02,4.77,16.78,0.94,5.02,14.99,91.11,134.0,93.78,18.04,175.35
2248,5.35,33.05,9.05,18.77,0.03,3.52,22.27,72.18,101.0,94.3,27.25,146.21
2249,4.14,32.1,4.39,12.13,0.34,8.29,-2.37,88.77,319.0,85.83,1.62,149.64
2250,8.1,43.41,3.19,14.4,0.25,7.09,21.73,85.37,204.0,89.25,19.7,135.1
2251,11.85,27.91,1.69,27.16,1.19,2.82,-3.69,97.42,177.0,90.27,-5.0,372.23
2252,10.93,41.08,4.77,20.74,0.01,3.11,17.85,96.76,189.0,88.69,23.92,162.03
2253,11.57,34.73,2.24,22.22,0.4,4.07,11.99,88.5,150.0,91.34,15.16,201.92
2254,12.29,41.24,2.43,20.3,0.48,1.13,0.87,96.17,112.0,93.71,8.62,200.43
2255,5.83,43.5,7.48,15.53,0.45,6.04,27.47,87.89,101.0,98.85,34.37,159.18
2256,1.45,34.51,3.09,5.61,1.18,7.61,13.34,98.44,133.0,94.69,17.0,83.58
2257,5.93,32.11,10.3,21.39,0.45,1.94,5.66,95.5,242.0,88.5,12.74,202.02
2258,11.68,34.4,8.19,28.56,0.92,11.08,21.07,85.41,47.0,99.17,31.08,358.75
2259,4.53,33.43,2.26,10.39,1.28,2.01,28.37,75.98,246.0,89.15,31.85,111.11
2260,11.56,24.05,6.99,35.83,0.64,1.33,5.74,93.91,258.0,85.79,4.5,378.74
2261,7.93,43.31,2.96,13.94,0.73,4.66,27.88,61.12,21.0,99.18,31.67,139.87
2262,8.49,35.47,1.12,15.47,0.76,8.4,2.29,82.03,393.0,79.39,8.36,186.59
2263,11.57,27.02,3.19,28.89,0.37,4.88,-2.5,83.41,63.0,97.45,3.78,334.5
2264,6.32,21.59,7.52,25.09,0.22,2.83,14.67,87.89,159.0,96.62,15.52,256.28
2265,14.25,20.03,2.12,44.81,0.97,5.66,17.16,93.27,42.0,96.28,17.0,488.35
2266,8.69,38.62,2.94,16.45,0.79,2.53,28.23,67.78,145.0,88.93,30.74,168.37
2267,15.33,30.29,3.84,34.2,0.52,7.18,13.09,85.57,422.0,81.06,22.51,327.73
2268,8.66,31.27,5.58,22.2,0.31,0.65,17.53,81.65,151.0,94.7,20.12,175.48
2269,5.98,36.93,1.0,10.72,1.14,1.99,11.77,81.61,86.0,96.8,15.72,119.17
2270,11.94,30.9,6.43,29.62,0.04,0.9,39.35,90.19,180.0,92.31,44.78,255.33
2271,8.91,37.28,2.01,16.35,0.31,1.27,13.73,79.08,288.0,86.62,18.7,143.97
2272,3.4,34.57,7.63,13.53,0.83,4.33,12.09,89.73,53.0,97.68,17.76,147.2
2273,14.72,33.5,5.56,31.93,0.81,2.22,14.91,91.68,421.0,78.65,17.67,290.66
2274,9.58,24.56,7.48,30.88,0.4,7.84,15.57,95.67,458.0,76.87,18.1,313.76
2275,14.27,29.08,2.3,31.75,0.04,3.1,-1.79,96.04,164.0,91.61,-0.87,332.67
2276,9.07,37.62,3.0,17.47,0.25,5.91,8.67,83.12,169.0,91.04,13.17,179.29
2277,4.97,29.91,4.78,14.75,1.21,1.53,4.94,88.81,4.0,100.0,15.78,154.63
2278,9.56,41.23,6.57,20.48,0.51,4.61,10.65,66.34,121.0,94.52,17.73,202.19
2279,10.14,48.08,3.51,16.16,0.85,6.15,34.25,90.86,11.0,97.98,33.71,184.57
2280,5.57,37.94,7.2,16.02,0.12,2.21,-3.73,90.64,104.0,94.5,1.22,172.08
2281,6.52,42.96,1.54,10.66,0.7,3.36,4.79,90.07,202.0,94.55,6.4,112.28
2282,7.88,38.32,3.01,15.34,0.32,2.91,23.26,76.72,220.0,86.32,25.18,130.55
2283,14.33,30.79,4.43,32.35,0.09,3.83,9.6,95.01,98.0,93.51,14.07,273.19
2284,2.45,35.2,2.93,7.1,0.29,2.27,27.69,87.61,147.0,91.79,29.25,85.44
2285,7.45,46.08,0.4,10.1,0.98,3.39,29.48,80.76,304.0,81.58,31.54,96.7
2286,13.1,30.86,2.06,27.52,0.71,3.4,-0.49,75.29,86.0,95.96,-1.18,307.42
2287,3.57,27.76,2.31,10.04,1.16,9.67,4.73,72.02,269.0,87.98,7.61,143.68
2288,18.96,27.19,4.01,45.85,0.82,3.46,36.59,99.57,255.0,85.58,39.87,412.14
2289,12.14,32.69,3.26,25.53,0.77,6.13,22.56,71.92,321.0,86.86,28.21,236.55
2290,4.04,27.98,3.89,12.56,0.27,5.06,3.91,92.23,234.0,89.01,-0.08,134.85
2291,8.51,44.04,1.93,13.53,0.77,4.48,8.93,97.03,54.0,95.87,13.03,150.62
2292,5.42,35.3,5.37,14.59,0.76,2.12,25.08,80.79,86.0,95.52,24.09,130.33
2293,5.49,39.83,1.37,9.64,0.74,7.27,17.09,88.79,92.0,100.0,11.35,102.43
2294,8.9,32.21,6.03,22.62,0.42,2.61,20.32,79.03,417.0,78.79,27.68,186.99
2295,2.06,27.16,8.85,13.39,0.47,4.73,11.94,88.89,139.0,93.82,16.54,158.59
2296,2.34,26.14,6.97,12.33,1.08,1.99,13.42,95.37,96.0,97.75,23.79,124.35
2297,9.07,28.55,1.51,20.57,0.23,1.46,28.91,70.82,190.0,90.61,33.84,175.63
2298,6.61,36.09,3.9,14.89,0.89,6.4,25.99,88.75,148.0,95.2,31.93,166.06
2299,9.61,37.12,6.64,22.17,1.58,1.57,2.97,79.68,107.0,94.16,-1.05,262.52
2300,8.43,37.62,3.63,17.07,0.68,1.78,13.35,89.36,217.0,89.26,19.43,150.06
2301,5.16,25.07,9.13,21.49,0.61,1.14,27.08,95.65,130.0,93.2,29.75,230.12
2302,10.55,34.0,3.56,22.17,0.82,4.52,-10.0,96.11,63.0,97.18,-5.0,325.55
2303,9.32,27.84,6.34,26.41,0.13,1.16,-4.15,79.86,89.0,94.87,0.27,301.62
2304,17.76,36.41,2.74,32.01,0.81,7.93,34.98,79.04,291.0,88.41,38.97,340.1
2305,6.24,36.87,5.3,15.46,0.42,4.63,17.91,86.49,47.0,97.07,19.41,132.98
2306,4.23,26.97,2.71,12.11,0.48,1.42,16.47,92.17,93.0,96.52,23.5,98.3
2307,12.11,39.81,2.76,21.01,1.0,4.37,25.36,92.97,124.0,94.86,27.47,191.64
2308,7.93,48.03,6.67,16.57,0.19,1.27,-1.86,87.71,106.0,94.98,9.07,174.1
2309,4.62,39.01,0.21,7.33,0.5,5.94,19.76,94.78,7.0,95.77,22.17,80.66
2310,9.16,33.02,0.47,17.11,0.86,3.62,28.28,90.4,169.0,92.68,31.68,146.66
2311,9.72,32.1,0.91,19.08,0.62,0.79,13.72,82.11,159.0,90.15,17.73,152.03
2312,8.23,32.75,8.2,23.27,0.48,0.94,34.34,90.84,57.0,98.6,35.33,190.0
2313,10.32,29.44,1.61,22.64,0.37,2.3,35.49,84.66,157.0,93.89,42.34,202.45
2314,5.83,35.51,10.88,20.73,0.29,6.45,31.42,78.76,104.0,94.9,37.94,226.89
2315,12.22,27.17,0.63,27.6,0.72,1.6,21.49,75.11,319.0,80.43,17.44,238.7
2316,10.0,22.66,0.43,26.91,1.41,2.55,16.89,80.08,292.0,82.54,14.22,256.29
2317,3.92,35.32,2.21,8.87,0.61,13.41,13.3,80.1,168.0,93.82,8.12,130.6
2318,10.67,34.13,3.38,22.14,0.76,2.47,17.32,79.75,103.0,92.54,16.7,178.91
2319,6.36,30.57,5.82,18.31,0.11,0.88,28.15,80.37,69.0,98.01,25.86,134.4
2320,18.43,26.3,2.12,44.15,0.0,7.71,4.71,90.9,83.0,94.74,6.8,442.12
2321,6.2,35.74,7.9,18.31,0.24,0.88,20.16,88.77,106.0,95.46,25.27,151.07
2322,4.24,28.06,6.66,15.73,0.91,5.04,25.7,96.71,41.0,98.17,39.11,172.74
2323,5.64,33.17,2.78,12.98,0.32,2.24,9.68,77.09,32.0,97.99,8.58,127.35
2324,7.73,44.59,5.86,16.27,0.33,7.38,17.44,92.41,256.0,88.15,22.58,163.39
2325,6.96,37.91,2.82,13.83,0.28,2.63,26.29,85.87,220.0,91.0,35.7,127.24
2326,10.46,25.79,2.17,26.5,0.97,2.97,23.29,89.22,179.0,89.76,23.89,239.99
2327,3.33,26.35,5.97,13.54,0.77,4.53,13.12,85.91,286.0,85.99,26.61,146.43
2328,4.66,34.91,2.6,10.61,0.95,2.26,8.63,98.68,119.0,92.76,15.47,109.05
2329,8.32,25.75,5.53,24.92,1.63,5.98,6.45,85.5,128.0,95.04,6.19,341.51
2330,3.44,21.99,3.64,13.04,0.63,2.42,17.32,88.32,190.0,92.3,18.97,127.15
2331,11.66,37.19,6.75,25.55,1.14,7.62,22.52,93.64,138.0,92.06,30.21,278.17
2332,4.92,35.93,4.65,12.86,0.92,4.32,17.19,86.21,229.0,89.4,16.28,140.29
2333,6.73,36.7,5.99,16.99,0.97,11.2,10.05,84.69,373.0,83.34,8.09,235.36
2334,3.49,35.58,3.3,9.19,0.61,2.27,23.23,71.66,35.0,96.85,24.45,82.17
2335,3.13,33.61,7.52,13.1,1.79,5.49,16.76,80.23,207.0,88.2,16.31,155.82
2336,13.41,30.03,1.98,28.77,1.06,2.68,8.9,85.6,192.0,90.71,18.76,291.46
2337,6.93,37.1,5.81,17.02,0.94,5.07,6.48,82.38,47.0,95.25,8.15,174.01
2338,4.92,43.18,0.72,7.56,0.49,1.42,14.99,94.88,53.0,98.11,14.91,75.88
2339,11.71,30.99,5.3,27.97,0.67,2.55,14.09,75.8,104.0,95.39,10.9,259.81
2340,17.42,27.88,5.48,42.98,1.33,5.64,14.3,86.89,230.0,90.76,11.32,462.65
2341,7.26,27.19,8.9,24.93,0.82,1.52,33.63,69.2,279.0,88.84,29.84,248.74
2342,12.1,28.8,5.6,30.8,0.85,5.29,22.01,86.11,199.0,88.99,32.73,287.69
2343,12.48,35.22,1.36,22.62,0.68,2.3,20.3,75.1,120.0,94.23,26.16,191.8
2344,9.56,21.16,4.05,31.16,0.87,3.66,12.68,78.37,36.0,98.04,21.27,339.98
2345,7.12,36.64,2.2,13.87,0.65,14.0,22.49,80.92,76.0,96.82,31.87,208.95
2346,15.98,37.86,1.89,27.22,1.17,3.37,13.18,89.9,263.0,84.55,16.78,242.27
2347,4.22,23.21,3.41,14.32,0.81,2.52,36.97,76.81,239.0,89.3,38.64,167.12
2348,14.16,28.12,0.08,30.28,0.54,3.41,33.18,75.26,133.0,94.85,41.76,272.65
2349,6.87,34.48,8.38,20.33,1.23,5.06,5.04,91.77,31.0,97.94,13.12,218.66
2350,6.25,33.14,4.59,15.9,0.56,2.43,8.79,80.06,159.0,88.39,12.85,143.31
2351,3.28,37.12,1.4,6.71,0.89,5.6,34.0,91.53,269.0,85.43,31.78,73.61
2352,6.98,33.15,2.31,14.94,0.6,3.08,15.72,85.83,382.0,80.09,19.64,125.52
2353,4.36,41.59,3.55,9.84,0.37,5.11,22.07,85.51,232.0,88.22,23.5,106.99
2354,12.88,32.07,1.84,25.93,0.65,2.98,13.73,74.12,26.0,98.37,8.1,257.23
2355,9.56,28.1,2.07,22.48,0.38,2.51,-9.74,87.29,1.0,97.32,-5.0,282.52
2356,10.37,27.62,3.81,26.33,1.02,2.21,6.3,84.11,121.0,94.27,4.41,295.2
2357,6.47,38.41,7.62,17.73,0.31,1.47,21.33,94.05,119.0,95.53,17.8,159.49
2358,11.67,34.18,7.0,27.49,0.73,2.89,17.53,80.87,214.0,88.3,19.1,224.92
2359,4.7,37.8,5.65,13.11,0.85,6.3,14.95,83.55,72.0,96.1,17.14,139.72
2360,5.91,37.68,1.35,10.76,1.34,5.7,17.6,76.36,136.0,93.11,19.76,129.73
2361,5.27,21.88,2.36,16.82,0.33,2.95,5.92,97.44,39.0,100.0,10.77,185.69
2362,10.85,27.16,5.45,29.43,0.08,1.79,4.45,89.64,85.0,94.72,9.51,252.74
2363,5.46,27.88,1.96,13.71,1.03,3.47,-1.46,90.19,70.0,97.02,1.85,156.41
2364,10.73,29.1,4.83,26.96,1.0,6.36,18.88,97.07,116.0,95.25,21.38,283.22
2365,1.68,31.48,4.12,7.33,0.15,1.37,27.79,84.8,189.0,89.86,36.25,66.42
2366,15.45,39.99,1.68,24.86,0.79,3.77,27.0,93.18,65.0,94.92,26.09,224.99
2367,6.76,41.19,1.8,11.64,0.1,0.9,28.84,76.55,41.0,97.72,25.39,96.57
2368,11.53,32.24,1.49,22.94,1.03,5.02,-1.97,72.84,309.0,80.54,2.0,267.78
2369,1.65,32.49,0.98,4.03,0.6,5.68,13.37,94.53,85.0,96.23,10.05,51.66
2370,2.5,29.77,2.43,7.47,1.42,3.19,22.8,89.09,94.0,93.68,25.73,87.46
2371,15.5,34.54,3.17,30.11,0.61,2.99,18.32,73.85,252.0,86.12,24.58,273.11
2372,4.1,35.22,0.45,7.43,0.12,9.28,14.09,89.44,143.0,96.63,15.75,77.69
2373,10.09,38.84,4.09,19.68,0.81,2.09,26.37,90.49,21.0,99.36,28.35,169.06
2374,12.8,38.79,3.11,22.91,0.03,4.17,36.36,95.83,40.0,97.38,44.57,205.11
2375,4.52,20.19,10.47,23.91,0.48,4.23,1.41,98.34,210.0,89.13,3.14,297.01
2376,14.17,33.08,2.12,27.81,0.86,0.69,32.94,96.3,37.0,99.22,34.7,231.4
2377,9.55,42.3,3.55,17.09,0.13,0.4,14.33,81.41,241.0,87.83,17.02,149.21
2378,11.39,31.37,3.6,25.39,0.76,7.19,19.22,87.97,319.0,82.0,30.97,229.55
2379,6.82,40.84,7.06,17.09,0.61,0.52,16.16,85.24,6.0,99.4,15.96,140.95
2380,4.32,32.16,3.43,11.5,1.21,3.24,6.35,86.26,38.0,98.23,9.61,127.36
2381,11.0,35.05,2.67,21.5,1.0,9.71,19.65,70.98,151.0,93.47,16.68,244.25
2382,12.58,27.18,6.76,34.52,0.3,13.93,23.05,88.36,64.0,98.66,20.48,465.08
2383,9.98,27.4,8.5,30.35,0.29,10.73,11.89,92.36,150.0,91.07,18.52,342.16
2384,15.52,38.35,8.42,32.69,0.81,1.46,-3.03,94.03,55.0,98.47,-3.31,367.62
2385,11.93,39.29,0.75,18.97,1.14,8.04,19.47,78.06,319.0,83.74,23.78,212.25
2386,15.22,34.16,6.31,33.04,1.58,1.17,29.94,88.59,86.0,95.61,31.27,318.17
2387,15.81,26.63,0.79,36.41,0.59,0.18,16.95,89.22,260.0,84.75,30.15,313.43
2388,12.82,34.26,7.28,29.73,0.38,0.47,12.3,72.63,191.0,87.7,18.73,244.92
2389,10.61,41.54,8.2,23.52,0.46,5.13,26.3,91.73,39.0,97.43,29.66,225.93
2390,4.12,44.46,3.8,9.35,0.36,7.52,15.68,93.12,177.0,92.23,20.28,119.17
2391,17.61,32.1,1.21,34.13,0.33,4.26,14.02,83.39,126.0,93.26,11.76,269.26
2392,5.34,24.04,6.21,19.53,0.94,13.92,16.22,85.12,91.0,95.78,20.3,303.51
2393,7.57,39.04,0.73,12.36,0.69,5.25,14.02,81.1,233.0,83.72,15.4,123.83
2394,5.48,32.34,0.95,11.11,0.59,8.14,16.73,78.82,223.0,89.39,25.53,121.35
2395,7.84,39.66,7.17,19.04,0.47,9.46,21.2,92.76,105.0,96.74,24.05,205.12
2396,4.3,35.69,1.18,8.41,1.17,5.38,29.79,83.61,104.0,93.55,29.51,93.63
2397,10.24,28.7,9.07,30.48,0.12,2.57,-3.83,96.91,248.0,88.58,5.21,321.11
2398,7.49,34.35,8.01,21.1,0.52,1.71,13.23,89.25,130.0,93.72,13.68,192.8
2399,9.1,41.85,2.6,15.65,0.69,1.86,31.77,76.79,158.0,90.53,30.4,145.1
2400,11.56,33.11,0.75,21.71,1.13,5.23,14.06,95.45,201.0,89.37,17.96,202.93
2401,2.57,27.79,1.35,6.91,0.26,2.18,29.1,95.42,86.0,97.07,30.81,75.05
2402,10.89,24.47,6.91,33.62,0.49,1.36,19.91,97.43,349.0,80.58,21.73,279.56
2403,6.39,29.37,10.37,23.43,0.4,11.86,31.87,82.65,120.0,96.18,29.91,273.06
2404,7.07,31.54,2.4,15.85,0.65,1.32,20.91,80.78,39.0,100.0,20.21,138.49
2405,8.53,38.92,7.82,20.98,0.61,3.09,29.79,84.07,20.0,97.99,31.4,193.86
2406,4.92,27.27,5.01,15.83,0.97,8.6,21.16,80.16,403.0,80.41,17.58,200.97
2407,8.48,43.32,4.37,16.12,0.69,4.03,29.16,89.84,94.0,96.37,30.09,158.52
2408,9.73,25.98,5.16,27.63,0.62,6.16,35.5,81.37,363.0,78.81,42.17,300.46
2409,9.37,47.99,4.89,16.61,0.59,1.96,24.84,94.07,218.0,89.69,26.6,171.58
2410,6.03,44.35,1.38,9.54,0.48,1.04,27.51,63.76,104.0,89.68,23.14,90.78
2411,6.77,34.85,2.8,14.46,1.4,2.5,11.93,92.07,184.0,91.7,18.66,143.41
2412,2.33,24.11,0.24,6.03,1.08,4.12,18.02,91.66,203.0,87.51,14.72,80.92
2413,4.6,33.67,4.51,12.71,0.57,8.65,5.07,78.19,110.0,96.45,10.35,148.96
2414,3.27,31.68,2.0,8.2,0.63,1.41,23.11,92.4,59.0,95.98,27.67,73.95
2415,11.49,26.35,8.33,34.49,0.11,7.23,26.31,95.76,174.0,90.23,23.37,334.54
2416,5.45,35.75,8.76,17.9,0.65,7.23,6.62,90.04,137.0,93.37,7.82,189.96
2417,8.47,29.06,4.53,22.01,0.3,2.59,35.62,89.61,193.0,89.08,42.88,210.46
2418,8.38,29.71,5.99,22.9,0.37,3.41,14.19,75.08,167.0,90.2,15.26,209.35
2419,6.92,32.78,1.46,14.13,0.13,1.13,27.8,87.05,61.0,99.05,24.7,102.91
2420,4.06,30.55,2.54,10.51,0.19,4.5,15.15,92.83,201.0,90.8,22.21,91.58
2421,6.58,46.47,2.83,11.33,0.79,2.38,15.66,81.98,225.0,90.69,16.96,118.39
2422,13.3,30.79,5.03,30.94,0.13,3.82,-9.62,89.68,95.0,95.72,-0.93,380.99
2423,11.53,36.65,4.05,22.93,0.97,4.92,18.1,86.45,77.0,94.88,20.48,226.01
2424,14.08,34.87,3.03,27.25,0.51,1.99,7.21,85.12,90.0,95.89,9.56,258.47
2425,15.03,36.12,6.69,31.66,0.6,2.31,25.8,96.59,27.0,98.55,29.17,271.85
2426,7.35,36.57,7.03,19.08,1.12,4.08,10.28,93.69,70.0,95.68,13.79,192.37
2427,13.34,39.29,9.41,29.78,0.89,1.42,11.83,98.06,63.0,98.64,9.47,300.11
2428,6.66,35.6,4.28,15.51,0.28,5.72,17.92,80.98,16.0,99.93,15.56,135.29
2429,8.81,35.35,0.96,15.92,0.14,2.95,26.91,93.91,355.0,82.74,25.26,126.52
2430,8.04,34.35,3.43,17.47,0.15,7.02,19.54,84.71,139.0,92.29,29.43,157.35
2431,10.7,33.17,5.51,24.87,0.91,2.09,14.2,93.7,195.0,91.92,11.28,229.31
2432,13.14,28.53,4.08,31.7,0.61,2.89,23.45,84.63,122.0,93.2,23.73,286.71
2433,7.82,33.63,1.31,15.26,0.46,0.44,21.49,92.72,326.0,84.57,24.82,117.18
2434,8.58,35.45,5.41,19.93,0.87,0.79,13.68,86.94,157.0,94.03,13.28,180.49
2435,7.29,36.41,3.12,15.14,0.48,5.9,-4.46,72.68,166.0,91.85,1.23,187.53
2436,8.5,35.08,4.79,19.33,0.3,3.07,31.62,96.78,94.0,96.82,34.15,164.93
2437,9.22,32.6,1.38,18.34,0.47,3.27,12.01,85.07,31.0,99.76,14.29,162.55
2438,10.61,33.66,0.85,19.76,0.26,0.8,25.51,94.88,49.0,95.34,32.41,134.4
2439,4.8,30.68,1.5,10.9,0.55,3.05,23.43,94.23,194.0,91.37,18.67,100.3
2440,5.24,35.88,2.69,11.44,0.69,6.33,4.64,71.68,196.0,88.94,2.39,140.57
2441,12.48,32.67,5.3,28.23,0.88,4.64,12.73,89.81,197.0,90.78,20.18,262.82
2442,9.49,35.08,8.7,24.92,0.55,2.68,1.64,79.8,26.0,100.0,0.62,268.32
2443,6.95,40.0,1.32,11.75,0.75,0.65,3.8,68.85,293.0,86.49,2.81,126.02
2444,15.78,29.74,6.6,38.44,0.21,3.88,15.82,79.82,95.0,95.23,22.26,296.97
2445,2.11,37.58,5.73,9.11,0.29,2.93,22.68,87.13,183.0,90.49,20.99,83.7
2446,7.97,34.2,4.4,18.39,0.06,6.16,31.5,85.1,356.0,84.81,33.26,170.83
2447,7.55,46.13,1.65,11.47,0.6,7.35,17.2,93.66,210.0,92.65,18.12,128.75
2448,12.17,32.7,5.18,27.51,0.15,1.46,6.19,70.23,105.0,95.47,12.13,242.78
2449,8.48,38.17,0.18,13.51,0.57,3.41,18.64,84.37,256.0,83.47,24.65,137.35
2450,8.0,34.09,7.12,21.21,0.93,1.39,17.46,78.17,102.0,92.6,21.66,186.17
2451,11.12,25.67,5.8,31.79,1.11,3.21,17.19,70.4,10.0,98.88,24.99,282.3
2452,3.98,30.88,3.09,10.81,0.22,3.08,19.93,86.87,72.0,98.05,18.83,108.44
2453,8.83,39.28,5.31,18.79,0.78,5.85,39.01,93.83,207.0,89.76,39.87,228.43
2454,8.72,31.4,2.14,18.8,0.65,2.15,23.72,81.3,207.0,92.64,35.48,165.98
2455,13.68,20.68,2.44,42.13,0.46,3.87,3.15,80.18,172.0,92.33,8.74,484.7
2456,16.62,33.81,6.02,35.52,0.55,3.17,19.06,96.94,372.0,82.66,25.48,282.68
2457,13.46,27.45,6.66,36.09,1.0,3.78,2.43,81.34,21.0,95.79,8.97,394.05
2458,7.02,34.79,1.07,13.19,1.15,5.04,23.24,80.54,4.0,99.86,31.79,128.93
2459,4.78,43.31,2.59,9.21,1.72,6.13,18.21,94.38,306.0,85.66,25.47,126.21
2460,5.95,38.62,3.61,12.85,0.98,6.65,5.35,82.49,207.0,89.36,6.42,160.4
2461,5.46,43.22,5.52,13.1,0.65,0.5,15.2,67.1,296.0,84.08,12.82,120.94
2462,3.75,30.63,2.45,9.79,0.9,7.03,17.24,85.62,57.0,97.81,24.57,102.97
2463,13.15,33.14,5.6,29.4,0.6,6.87,36.46,87.4,390.0,79.65,45.0,301.68
2464,12.38,27.73,8.66,35.44,0.54,3.46,2.21,94.21,225.0,88.22,9.49,362.79
2465,8.27,29.9,1.15,17.74,1.15,4.37,19.32,83.67,16.0,98.56,24.77,175.36
2466,7.32,28.44,6.14,21.58,0.21,2.96,19.88,87.29,63.0,98.56,29.37,180.61
2467,11.3,26.16,1.15,27.06,1.1,1.12,14.88,87.68,99.0,97.35,19.57,254.49
2468,8.2,42.2,5.85,17.52,1.2,1.33,14.8,77.38,181.0,92.89,12.98,180.72
2469,6.93,21.45,1.94,21.32,1.27,4.96,7.98,87.86,393.0,75.53,13.93,261.26
2470,7.14,42.22,5.85,15.99,0.68,3.01,21.86,90.82,145.0,92.38,26.71,152.32
2471,13.09,41.48,2.16,21.11,0.94,2.0,13.53,96.74,75.0,97.47,15.68,191.43
2472,5.13,37.0,2.04,10.37,0.29,3.82,12.18,78.76,99.0,94.71,15.67,88.04
2473,12.28,27.31,4.08,31.06,0.64,4.22,26.23,75.97,272.0,87.2,36.17,290.66
2474,9.86,24.51,1.76,25.91,1.01,1.86,25.4,87.36,145.0,92.58,31.42,259.0
2475,15.41,30.71,0.74,30.85,0.55,2.43,29.92,96.78,51.0,96.22,36.43,257.9
2476,6.57,37.75,1.05,11.49,0.61,10.06,12.67,78.87,102.0,96.2,13.19,164.29
2477,3.81,34.02,0.96,7.69,0.75,2.75,34.49,91.55,248.0,85.93,30.87,77.28
2478,9.51,27.74,7.14,27.71,0.5,3.69,8.01,95.8,69.0,95.8,14.34,287.64
2479,4.59,40.86,4.1,10.84,0.7,1.55,12.67,97.96,114.0,94.64,11.09,109.8
2480,4.39,44.11,7.42,13.39,0.97,7.81,-1.26,87.33,165.0,89.61,5.68,202.8
2481,14.16,32.64,1.87,27.89,0.49,1.48,4.52,85.26,86.0,95.88,1.25,265.32
2482,14.09,34.66,2.22,26.61,0.43,0.95,30.82,88.55,119.0,93.96,36.32,210.51
2483,7.97,24.95,8.39,27.55,0.69,3.41,8.75,84.39,89.0,94.73,16.84,309.37
2484,8.07,31.51,1.17,16.54,0.88,2.6,22.09,96.37,152.0,92.16,28.56,153.14
2485,8.07,37.06,3.56,16.62,1.13,1.21,0.31,92.02,291.0,84.9,2.89,187.3
2486,11.51,36.13,6.25,25.37,1.34,9.0,16.73,95.66,307.0,83.07,25.0,286.88
2487,6.59,30.95,7.25,20.03,1.13,3.1,-10.0,87.1,303.0,84.03,-5.0,283.67
2488,1.45,32.35,1.33,4.02,0.93,0.9,9.96,87.02,6.0,99.75,11.31,62.41
2489,3.89,31.32,5.33,12.79,0.67,1.59,23.08,82.02,104.0,97.07,31.48,116.49
2490,5.47,32.33,1.7,11.85,0.87,1.47,26.91,77.15,112.0,92.94,25.22,110.74
2491,6.76,36.54,10.4,21.51,0.96,1.58,23.01,81.65,197.0,88.97,23.54,176.89
2492,11.44,22.19,1.9,32.82,0.59,1.78,37.05,85.28,137.0,92.6,38.26,345.11
2493,13.75,33.55,3.54,28.13,0.55,13.88,15.19,75.59,221.0,91.59,19.91,382.6
2494,5.49,36.1,1.84,10.97,1.14,10.88,21.28,89.21,218.0,87.68,27.54,155.49
2495,8.25,30.58,6.95,23.15,0.84,6.17,18.65,93.38,64.0,94.21,17.87,227.13
2496,12.24,31.12,7.47,31.06,0.8,2.13,29.32,79.15,207.0,90.39,31.51,272.03
2497,5.65,31.3,6.17,17.0,0.91,0.93,22.1,91.02,152.0,92.67,26.35,148.12
2498,13.38,31.13,1.47,27.26,0.21,1.78,19.07,69.68,154.0,92.27,23.9,183.05
2499,3.67,34.04,6.26,12.73,0.46,8.49,36.23,73.3,243.0,87.85,45.0,153.36
2500,7.98,34.77,0.92,14.69,0.31,2.66,9.81,95.98,175.0,88.96,19.62,126.62
2501,7.85,21.4,0.59,22.6,1.02,6.32,25.63,91.43,129.0,94.02,26.91,263.47
2502,10.97,37.92,3.64,20.99,1.05,3.8,18.39,80.22,230.0,90.65,20.26,185.86
2503,4.21,32.26,5.36,13.2,0.87,6.22,1.09,90.1,199.0,91.74,6.3,159.48
2504,12.86,45.6,8.48,25.41,0.42,4.75,17.14,87.95,407.0,81.01,24.34,240.62
2505,10.43,26.85,0.33,23.64,0.66,3.07,26.51,97.18,230.0,92.06,31.09,184.19
2506,9.68,28.8,0.99,21.17,0.97,6.11,17.65,82.91,143.0,91.92,21.81,210.61
2507,7.05,32.78,2.26,15.16,0.67,6.65,6.24,89.6,80.0,95.47,13.05,172.03
2508,9.43,36.48,2.82,18.33,0.06,1.13,18.02,76.89,63.0,95.17,22.71,134.42
2509,11.67,22.3,9.07,40.47,1.1,3.53,-4.42,94.9,126.0,96.89,-3.92,550.2
2510,11.71,29.03,4.02,28.22,0.43,5.31,26.3,82.77,168.0,91.74,30.2,253.39
2511,6.94,37.55,4.65,15.74,1.1,0.22,5.58,90.19,34.0,99.34,11.17,161.73
2512,5.02,28.31,6.85,17.49,0.32,0.87,25.19,89.46,234.0,88.22,31.7,143.66
2513,5.61,42.22,6.49,14.46,0.7,4.44,19.89,93.43,33.0,96.84,23.6,148.23
2514,11.84,31.28,4.66,27.36,0.41,4.67,-2.21,93.36,56.0,96.19,4.71,293.23
2515,7.44,28.6,5.54,21.16,0.44,5.9,15.5,81.73,217.0,88.23,18.2,189.75
2516,4.23,37.66,5.44,12.18,0.32,1.89,14.71,74.69,202.0,87.75,12.26,114.59
2517,10.97,43.65,0.01,15.09,0.38,1.26,9.28,96.52,119.0,90.56,11.84,151.47
2518,10.75,36.5,4.41,22.08,0.23,2.32,16.31,90.66,182.0,91.48,19.36,168.65
2519,6.93,41.56,5.37,15.37,1.28,6.97,-2.9,78.22,231.0,89.18,1.93,225.99
2520,3.59,44.06,6.77,11.66,0.89,4.02,6.06,86.43,148.0,93.93,5.42,159.62
2521,17.53,28.47,6.18,43.14,0.72,2.69,16.14,93.64,328.0,85.19,12.2,397.8
2522,8.11,39.63,2.06,14.35,0.48,4.7,35.44,92.96,208.0,88.19,32.98,145.49
2523,10.23,24.86,2.25,26.93,0.77,4.48,29.18,94.01,209.0,92.73,33.89,268.32
2524,7.59,36.55,0.66,13.11,0.29,13.78,13.02,92.58,49.0,98.86,11.45,173.82
2525,5.25,33.57,1.06,10.43,0.49,8.67,10.97,97.51,358.0,82.51,11.52,115.4
2526,9.98,41.46,5.41,19.86,0.13,2.83,31.39,87.37,282.0,86.75,35.33,177.54
2527,4.18,41.03,2.93,9.04,1.19,3.98,27.18,85.24,129.0,91.02,26.42,100.54
2528,10.26,37.42,7.35,23.8,0.47,1.93,16.12,83.62,6.0,99.18,20.18,216.18
2529,15.42,35.79,1.14,27.0,0.15,2.72,27.03,93.62,39.0,99.7,34.36,197.1
2530,7.72,37.05,2.32,14.82,0.57,2.12,29.06,86.26,280.0,84.32,31.09,122.92
2531,5.94,34.37,2.25,12.62,1.14,2.28,12.3,70.39,118.0,93.51,15.79,114.5
2532,4.57,33.63,3.73,11.88,0.87,3.82,21.03,87.38,307.0,83.05,31.23,127.46
2533,6.67,42.66,8.21,17.58,0.94,4.5,0.59,77.46,69.0,99.36,4.88,198.04
2534,7.39,43.38,6.7,16.92,0.42,3.86,23.29,91.88,358.0,85.45,27.62,157.56
2535,13.97,33.15,1.37,26.65,0.94,7.24,20.2,73.1,150.0,91.29,32.0,264.9
2536,9.9,35.43,8.07,24.84,0.34,0.45,14.05,84.22,277.0,89.71,17.46,176.74
2537,11.52,34.49,2.62,22.67,0.83,6.35,7.15,83.92,24.0,97.91,10.54,225.67
2538,5.99,24.33,5.32,20.09,0.85,2.68,6.83,86.2,110.0,94.46,13.4,206.06
2539,8.56,31.98,3.94,20.0,0.75,2.21,31.97,84.97,183.0,90.44,33.6,178.17
2540,10.1,43.6,0.92,14.82,0.4,3.1,29.75,90.09,237.0,89.42,28.57,143.17
2541,2.1,29.5,3.69,7.95,1.34,3.45,40.0,76.69,95.0,91.67,31.96,95.58
2542,2.37,46.69,7.77,10.81,0.58,6.83,5.95,94.85,177.0,94.07,16.56,132.94
2543,2.39,41.03,6.25,9.74,0.74,2.22,19.91,71.91,183.0,90.54,19.84,104.41
2544,7.12,36.41,7.73,19.46,0.8,7.18,12.7,73.02,107.0,92.84,14.67,225.48
2545,12.1,37.37,3.19,22.62,0.11,6.0,5.79,90.07,293.0,83.94,1.98,215.36
2546,4.96,28.5,9.23,19.67,0.61,1.85,22.03,76.34,85.0,94.19,27.18,170.09
2547,4.03,32.41,2.19,9.65,1.1,2.38,34.75,89.62,152.0,91.03,42.82,116.45
2548,6.23,42.65,3.77,12.54,0.3,3.13,19.49,95.71,248.0,89.79,29.61,111.99
2549,7.52,30.31,2.0,16.89,0.17,3.93,24.34,87.26,154.0,90.27,32.21,137.24
2550,5.57,40.37,1.22,9.51,0.68,1.4,33.36,85.04,77.0,94.81,36.57,115.2
2551,4.22,25.74,5.16,15.0,0.22,3.33,14.04,97.19,62.0,97.72,23.33,139.32
2552,3.92,26.81,5.11,13.88,0.86,4.21,10.54,85.09,164.0,94.56,12.05,148.13
2553,16.99,45.41,3.71,26.16,0.75,0.08,31.44,86.31,67.0,95.79,36.62,265.96
2554,3.16,33.93,8.08,13.67,0.89,7.15,13.61,87.4,223.0,89.6,16.26,161.12
2555,10.51,30.77,3.89,24.37,0.38,0.79,34.97,85.01,163.0,94.16,39.96,240.93
2556,15.95,42.18,1.77,24.46,0.13,5.35,21.19,88.97,387.0,82.28,21.31,224.48
2557,12.74,41.47,7.56,25.98,0.52,1.27,19.99,91.57,313.0,85.15,12.96,217.43
2558,3.98,39.52,7.94,13.97,0.97,2.98,24.79,97.33,70.0,99.93,34.14,134.87
2559,14.69,30.58,4.45,33.27,1.29,3.54,12.54,96.77,57.0,97.71,8.9,345.16
2560,3.38,32.28,7.53,13.82,0.65,6.83,14.02,78.61,172.0,92.99,20.56,154.79
2561,5.92,35.87,7.07,16.97,1.1,8.48,8.76,91.28,171.0,89.59,23.13,217.38
2562,7.48,38.17,1.25,13.02,0.27,1.45,8.74,70.44,128.0,89.86,8.69,126.37
2563,4.17,30.95,8.7,16.78,0.34,3.18,8.89,88.48,229.0,88.7,14.16,156.3
2564,8.69,35.02,3.97,18.85,1.13,2.01,22.35,95.12,222.0,91.66,25.55,179.63
2565,5.26,35.6,5.02,13.89,0.23,3.0,17.25,95.66,38.0,98.66,20.26,134.88
2566,16.35,41.72,9.44,32.95,0.74,3.22,17.9,86.24,150.0,92.73,22.21,303.45
2567,7.49,38.53,7.25,18.92,0.28,5.39,8.64,78.65,63.0,95.52,17.86,184.59
2568,12.2,24.96,2.73,32.07,0.93,3.06,31.47,76.69,36.0,97.33,31.73,310.85
2569,15.81,32.72,3.07,32.06,0.15,4.95,34.02,73.76,206.0,90.53,43.92,284.94
2570,9.99,28.43,4.41,25.5,1.27,1.01,16.78,95.99,160.0,93.48,20.33,241.18
2571,16.21,37.41,3.71,29.71,0.13,6.69,18.52,86.92,31.0,100.0,18.84,269.83
2572,12.01,39.54,2.85,21.08,0.32,3.44,29.29,88.11,73.0,95.16,23.16,174.77
2573,10.42,34.61,2.41,20.48,0.24,2.16,30.88,92.42,220.0,88.68,34.82,163.02
2574,7.82,32.39,2.89,17.38,0.59,2.95,26.17,80.46,319.0,83.77,26.67,155.55
2575,3.1,34.42,1.81,7.21,1.58,1.05,27.98,94.09,74.0,98.86,29.22,77.44
2576,7.51,35.25,5.44,18.23,0.7,3.32,7.66,97.22,145.0,92.06,12.41,200.6
2577,4.63,30.16,2.96,12.17,0.64,6.35,10.66,89.18,75.0,92.21,10.56,138.18
2578,13.2,26.69,4.34,34.01,0.85,11.49,37.81,66.76,194.0,91.77,41.37,472.75
2579,4.93,21.7,8.64,22.26,0.71,3.06,18.46,78.93,78.0,92.71,20.81,239.97
2580,8.88,41.6,1.8,14.6,0.32,3.53,17.85,95.98,272.0,88.07,26.58,125.21
2581,11.35,36.98,3.65,22.06,0.33,3.7,31.96,87.2,194.0,84.45,36.03,211.04
2582,4.54,36.18,4.82,12.34,0.66,5.42,11.57,92.4,296.0,86.74,15.83,144.88
2583,8.52,41.59,3.1,15.39,0.31,1.41,22.86,69.83,62.0,97.02,24.0,133.25
2584,6.2,26.47,4.31,18.37,1.31,1.02,37.35,79.85,52.0,98.93,40.7,199.97
2585,9.79,23.59,0.76,25.67,0.27,7.31,12.49,97.44,27.0,96.35,21.27,251.95
2586,3.85,36.31,1.6,7.95,0.12,5.69,4.19,87.43,177.0,92.95,9.23,71.36
2587,16.59,35.76,0.53,28.37,0.16,2.45,8.48,96.17,249.0,87.85,16.62,236.85
2588,9.91,23.61,1.9,27.08,0.31,5.98,13.67,81.28,257.0,87.06,21.82,229.68
2589,16.3,36.16,4.62,31.66,0.44,2.71,10.31,83.39,174.0,88.5,14.0,272.67
2590,12.16,31.6,4.65,27.75,0.45,2.74,21.9,89.73,52.0,98.93,31.18,225.64
2591,6.27,29.16,1.59,14.48,0.2,2.84,18.41,88.65,240.0,88.31,18.44,127.45
2592,12.07,32.0,3.86,26.49,0.62,1.63,35.91,83.74,2.0,98.68,41.75,221.19
2593,13.78,20.0,2.57,43.92,0.64,5.38,17.47,79.82,21.0,100.0,27.37,497.89
2594,12.46,30.45,7.86,32.4,0.11,2.8,21.72,85.54,66.0,94.52,20.68,256.42
2595,8.91,29.77,4.61,22.57,0.16,2.12,19.01,91.46,214.0,92.06,23.96,173.84
2596,5.16,37.34,1.61,9.91,1.28,5.45,25.08,74.88,216.0,88.04,25.62,112.07
2597,12.3,33.05,0.63,22.96,0.39,5.35,10.36,93.32,88.0,96.26,19.67,213.95
2598,11.48,37.83,4.95,23.15,1.17,5.95,14.2,78.35,304.0,84.32,19.54,218.88
2599,6.9,20.0,1.64,22.33,0.92,8.02,31.07,85.58,213.0,87.47,37.77,279.81
2600,4.21,28.97,0.65,9.36,0.43,4.48,25.47,93.51,254.0,87.06,25.82,85.96
2601,10.79,37.34,3.48,20.82,0.58,1.61,28.44,92.21,148.0,93.39,30.5,166.24
2602,5.0,32.15,2.48,11.82,0.15,5.8,14.6,87.1,155.0,92.12,8.63,112.41
2603,6.71,39.07,1.65,11.96,0.74,3.68,33.26,75.7,75.0,95.92,30.75,117.33
2604,11.85,23.17,4.13,34.81,1.75,0.29,12.34,81.39,119.0,96.57,17.68,369.1
2605,4.54,38.39,1.23,8.33,0.76,14.0,12.57,76.84,227.0,87.7,17.3,135.41
2606,3.24,30.17,2.13,8.56,0.71,3.75,17.42,79.34,58.0,100.0,15.01,89.22
2607,2.72,29.58,9.33,14.84,0.12,1.43,32.17,95.11,291.0,85.8,35.71,124.47
2608,11.03,39.95,4.74,21.31,0.35,5.86,11.8,93.03,254.0,87.52,15.04,203.32
2609,11.1,40.97,0.61,16.86,0.08,2.43,5.26,91.75,55.0,97.45,16.08,136.39
2610,7.35,40.21,5.08,16.05,0.98,3.5,31.29,92.64,182.0,90.65,40.08,165.26
2611,12.67,46.23,1.21,17.66,0.51,4.99,11.3,85.24,381.0,80.04,19.83,175.14
2612,7.13,41.6,6.28,16.57,0.98,3.62,29.61,95.22,48.0,99.66,30.94,182.16
2613,7.5,29.23,3.18,18.57,0.61,0.29,11.32,97.79,181.0,88.28,14.37,172.06
2614,6.84,34.85,1.67,13.44,0.46,4.44,16.08,84.19,250.0,84.22,21.5,128.2
2615,2.57,31.84,5.93,10.77,0.94,5.98,34.45,85.6,105.0,96.59,33.5,120.87
2616,6.13,46.17,3.48,11.44,1.16,1.33,30.42,86.36,36.0,94.91,33.47,133.96
2617,3.07,40.63,1.27,5.8,0.37,3.46,33.19,81.99,338.0,87.93,39.1,68.28
2618,5.71,32.87,7.84,18.26,0.91,5.22,13.97,83.57,240.0,88.92,18.18,189.19
2619,11.59,39.27,1.79,19.5,0.37,8.35,21.5,80.98,99.0,97.96,18.19,202.79
2620,2.27,26.61,7.77,12.9,0.35,4.45,23.26,60.36,90.0,97.01,28.17,136.16
2621,6.01,35.5,1.73,11.88,0.89,4.67,25.24,90.27,211.0,87.82,24.76,120.82
2622,5.9,28.37,8.06,20.54,0.26,3.91,18.74,82.0,19.0,97.97,18.49,172.13
2623,10.26,23.87,6.67,32.46,0.27,3.23,33.46,90.81,175.0,86.68,32.38,294.51
2624,4.75,38.71,2.31,9.68,0.1,2.27,6.23,90.95,17.0,100.0,6.67,106.18
2625,11.2,39.45,0.85,17.89,0.32,1.47,29.68,93.58,40.0,99.0,26.97,149.5
2626,5.17,36.74,0.46,8.9,0.75,2.04,20.57,79.3,200.0,93.07,25.08,80.14
2627,12.21,32.9,1.91,24.17,0.85,4.0,40.0,91.57,279.0,84.32,36.84,235.92
2628,10.73,26.4,0.4,24.78,0.47,4.4,17.77,91.32,306.0,85.79,22.54,214.49
2629,8.76,27.03,3.45,22.88,0.69,7.15,6.75,87.77,289.0,88.33,12.62,264.0
2630,6.45,28.18,7.33,21.06,0.43,8.55,16.55,97.89,110.0,93.2,20.92,214.39
2631,3.63,32.6,0.49,7.17,1.18,2.56,8.09,90.2,75.0,98.02,11.84,87.65
2632,7.85,40.46,2.88,14.52,1.54,3.47,31.18,81.62,68.0,96.97,29.27,163.37
2633,12.41,40.36,2.54,20.98,0.39,4.34,14.79,87.17,111.0,93.63,22.22,211.74
2634,4.48,24.11,4.01,15.17,0.72,1.74,17.0,82.29,241.0,88.02,18.22,156.96
2635,12.61,29.84,2.04,27.41,1.13,7.2,18.27,87.88,89.0,97.28,21.66,279.14
2636,13.0,29.68,3.56,29.83,0.97,3.95,9.8,86.25,12.0,99.37,11.88,321.86
2637,5.0,20.0,1.53,16.53,0.39,3.66,11.09,80.44,35.0,96.72,18.91,177.96
2638,8.74,37.4,9.6,23.63,1.04,4.33,4.38,90.41,3.0,97.8,9.88,255.47
2639,15.46,32.52,2.95,31.47,0.22,4.62,-8.05,77.28,193.0,90.23,-5.0,365.91
2640,5.84,33.32,6.8,17.32,0.49,1.3,16.76,83.16,71.0,96.58,27.3,160.86
2641,11.33,42.08,2.62,18.78,1.17,1.73,12.93,90.62,122.0,94.21,18.08,190.64
2642,4.51,34.53,1.55,9.39,0.25,1.7,8.16,80.57,232.0,85.75,9.76,81.47
2643,7.99,31.42,9.98,25.24,0.34,2.84,22.96,87.31,68.0,95.42,25.93,227.02
2644,5.47,37.43,3.34,12.11,0.85,5.3,26.9,84.01,181.0,89.79,33.81,116.18
2645,8.35,40.35,6.19,18.61,0.84,5.1,21.88,90.97,367.0,84.06,26.43,195.01
2646,12.29,35.78,6.4,27.01,0.91,3.34,19.41,91.16,356.0,78.6,24.15,250.97
2647,8.14,38.14,3.13,15.93,0.04,4.11,36.13,93.14,22.0,98.09,41.09,156.95
2648,7.98,33.13,0.96,15.41,0.48,4.01,14.04,91.88,149.0,92.99,21.34,128.75
2649,4.74,33.51,3.84,12.33,0.56,2.65,28.46,83.67,157.0,90.26,36.33,122.83
2650,14.76,34.68,3.3,28.84,0.9,3.64,40.0,84.09,87.0,96.04,43.99,305.64
2651,15.89,29.48,0.52,32.85,0.03,0.68,28.82,86.1,157.0,90.36,29.7,230.76
2652,10.01,30.59,0.59,20.22,0.37,0.75,8.91,89.16,413.0,80.43,15.92,168.5
2653,16.7,42.27,7.66,31.36,1.67,10.26,9.3,91.74,281.0,87.03,11.42,476.09
2654,11.52,46.05,2.27,17.28,1.09,7.3,7.9,81.76,258.0,86.27,10.0,232.5
2655,1.89,43.55,2.95,5.55,0.31,9.47,23.7,70.57,45.0,99.36,28.43,70.9
2656,3.78,26.06,5.77,14.46,0.64,5.36,9.49,82.48,123.0,92.95,15.1,161.13
2657,6.1,25.48,5.75,20.11,0.32,4.24,19.62,93.01,56.0,95.8,23.49,185.82
2658,10.69,26.86,2.94,26.82,1.28,5.41,-0.41,74.82,252.0,89.41,4.64,341.03
2659,2.78,34.81,3.68,8.47,0.5,3.15,36.8,82.21,220.0,91.21,39.09,87.81
2660,9.3,20.0,4.91,32.82,0.23,0.58,15.68,94.9,243.0,88.35,11.3,305.45
2661,12.79,30.47,4.36,29.55,0.49,2.33,24.08,87.29,84.0,96.46,27.42,238.43
2662,6.75,42.44,1.6,11.15,0.86,11.62,13.22,84.57,259.0,88.96,15.09,143.34
2663,9.04,39.89,0.68,14.27,0.95,2.51,9.73,90.5,291.0,85.81,11.76,140.01
2664,10.09,30.95,2.45,22.01,0.48,4.75,30.5,84.88,68.0,96.49,24.95,189.51
2665,10.05,31.4,4.99,24.19,0.95,1.69,18.13,82.11,3.0,100.0,16.57,208.87
2666,6.61,37.4,3.12,13.73,0.41,2.33,7.51,97.15,42.0,96.81,0.27,138.2
2667,12.0,39.61,6.32,24.51,1.47,2.93,22.77,92.14,85.0,95.67,25.96,260.81
2668,6.55,30.8,6.76,19.52,0.78,3.24,26.24,88.01,429.0,77.21,32.73,167.41
2669,9.01,32.59,4.08,20.67,0.57,3.69,17.0,95.5,155.0,92.47,25.15,164.18
2670,7.92,30.6,1.11,16.63,0.17,3.97,4.57,79.17,263.0,84.94,11.07,142.76
2671,6.83,26.01,5.64,21.4,1.13,2.72,32.6,88.11,149.0,94.29,33.67,212.55
2672,9.3,32.68,8.41,25.49,1.71,2.35,27.48,66.63,168.0,90.9,32.05,255.55
2673,13.82,32.22,4.07,29.79,0.61,4.21,10.23,74.55,357.0,82.32,12.7,258.23
2674,2.81,26.44,3.03,9.41,0.28,4.84,14.49,85.49,32.0,97.52,16.03,82.69
2675,7.87,37.88,6.78,19.24,0.54,9.49,18.09,88.67,282.0,87.29,22.15,211.37
2676,3.65,36.9,1.45,7.38,0.47,0.29,31.1,79.33,290.0,85.76,32.26,65.71
2677,2.79,38.17,2.41,6.79,0.58,1.33,22.66,97.19,234.0,89.01,26.76,76.53
2678,5.09,29.39,2.21,12.6,0.74,9.07,30.57,80.1,130.0,92.49,37.87,148.62
2679,14.65,22.1,3.25,43.02,1.44,2.75,14.76,87.4,219.0,89.27,12.6,454.86
2680,9.31,36.8,1.82,17.0,0.16,3.11,28.94,76.88,32.0,100.0,27.84,145.42
2681,6.63,30.02,2.97,16.22,1.27,1.84,28.44,72.12,121.0,92.74,35.71,156.04
2682,5.93,28.66,7.89,20.3,0.32,3.41,23.96,95.78,240.0,85.88,27.14,163.64
2683,10.73,26.46,2.79,27.12,1.21,0.85,1.53,81.94,164.0,90.4,6.12,283.33
2684,8.56,32.35,0.74,16.62,0.48,4.15,24.74,94.95,160.0,97.66,25.89,140.96
2685,6.59,43.46,4.1,13.2,0.78,5.57,20.22,71.07,87.0,93.76,20.4,136.29
2686,3.52,30.97,3.67,10.48,0.44,5.69,40.0,88.14,355.0,83.8,40.23,109.04
2687,4.76,27.46,2.2,12.6,0.19,2.77,23.89,84.71,178.0,92.11,25.4,106.52
2688,14.47,37.91,2.36,25.27,0.65,3.47,11.07,90.07,195.0,89.74,12.73,253.8
2689,9.3,35.04,3.45,19.37,0.6,5.62,25.49,96.31,401.0,78.55,27.42,194.84
2690,5.32,21.28,3.95,18.96,0.87,6.16,12.75,90.0,110.0,96.84,14.16,243.36
2691,10.18,37.97,7.82,23.91,0.85,4.93,18.12,79.1,186.0,89.0,18.81,229.65
2692,12.04,46.77,1.15,16.59,0.95,5.1,3.04,81.16,201.0,89.26,3.38,217.27
2693,5.93,20.0,5.48,23.27,1.34,10.66,26.09,92.11,136.0,94.16,34.11,362.89
2694,7.09,26.59,6.59,22.59,0.56,2.24,4.33,70.58,178.0,87.98,10.32,229.49
2695,7.78,20.0,0.04,23.37,0.24,1.27,21.28,79.91,76.0,96.77,24.72,203.17
2696,4.31,33.55,3.16,10.87,1.0,5.65,14.44,66.34,132.0,93.58,25.56,118.72
2697,9.2,39.94,8.39,22.22,0.95,4.35,16.42,83.37,100.0,92.21,22.2,203.93
2698,4.64,34.63,2.05,10.09,1.12,3.71,22.87,95.01,309.0,86.03,24.12,98.02
2699,3.03,42.35,4.6,8.9,0.67,6.08,5.58,93.87,100.0,94.08,13.7,113.62
2700,4.63,38.98,0.34,7.48,0.47,6.7,29.22,70.84,94.0,97.66,32.82,63.3
2701,8.95,44.21,0.84,12.98,0.94,6.32,14.36,93.92,96.0,95.68,23.27,139.02
2702,5.1,40.96,3.02,10.5,0.27,1.56,31.08,73.67,64.0,95.11,36.61,93.27
2703,7.24,31.58,6.55,20.3,0.22,4.11,7.2,74.03,201.0,89.11,7.35,175.55
2704,7.87,34.4,1.63,15.35,0.62,5.06,19.62,93.68,51.0,97.53,24.37,147.74
2705,3.68,28.79,2.5,10.18,1.36,3.33,17.42,92.96,194.0,89.64,13.84,112.66
2706,17.43,32.62,6.94,38.99,0.97,9.15,29.89,88.54,181.0,90.38,31.7,431.26
2707,6.65,34.37,2.13,13.74,1.06,2.17,31.95,92.64,173.0,91.49,41.1,147.79
2708,11.56,33.49,0.13,20.84,0.18,7.4,29.57,95.34,396.0,80.18,34.76,180.25
2709,7.54,42.05,0.1,10.86,0.79,4.89,26.66,77.47,35.0,96.81,22.35,115.19
2710,12.2,32.02,0.87,23.72,0.51,2.96,11.37,86.38,123.0,95.79,18.5,201.46
2711,12.46,28.41,0.53,26.85,0.49,2.21,18.6,80.35,225.0,88.83,20.41,216.6
2712,9.2,28.78,4.45,23.62,0.33,8.96,30.72,96.7,110.0,95.64,33.01,243.63
2713,2.77,37.93,1.6,5.98,1.02,0.7,12.6,95.5,154.0,93.14,14.74,60.22
2714,14.65,25.58,7.41,41.77,1.23,3.38,16.99,98.47,203.0,90.64,13.85,403.39
2715,5.22,32.79,2.57,12.13,1.08,2.32,-5.93,82.28,5.0,99.25,-2.23,158.15
2716,3.69,41.97,3.67,8.95,0.16,2.89,7.1,86.63,276.0,86.74,6.44,107.81
2717,11.79,35.76,0.33,20.12,0.73,3.24,15.23,95.67,184.0,89.09,23.45,156.33
2718,8.74,33.55,2.18,17.81,1.21,1.12,19.15,69.5,51.0,97.69,19.82,149.48
2719,8.46,33.78,1.95,16.97,0.01,1.86,22.84,85.55,22.0,97.27,28.48,137.49
2720,5.72,27.82,6.43,18.77,0.09,4.34,-3.41,86.47,278.0,85.34,-0.78,219.18
2721,12.82,28.86,8.48,35.13,0.04,3.31,40.0,95.4,152.0,93.07,44.95,341.02
2722,4.1,32.83,1.64,9.13,0.22,2.73,15.52,88.7,304.0,86.83,10.65,87.85
2723,8.55,35.63,2.86,17.26,0.47,1.91,15.19,86.3,129.0,94.27,14.73,140.57
2724,3.69,39.69,3.09,8.66,0.19,2.15,7.59,97.14,95.0,94.63,13.45,86.57
2725,11.84,34.56,10.31,30.87,0.39,1.63,3.75,63.06,330.0,82.35,3.49,303.0
2726,16.45,42.12,2.37,25.81,0.44,5.93,27.6,77.46,88.0,95.99,28.61,241.59
2727,10.24,43.63,8.42,22.5,0.74,2.45,22.66,87.02,41.0,96.53,18.71,220.52
2728,4.68,38.77,0.33,7.58,0.69,0.92,19.15,90.17,35.0,97.54,27.22,79.61
2729,11.69,41.35,3.64,20.6,0.41,6.1,19.57,95.2,151.0,92.94,26.2,203.42
2730,6.66,28.06,3.87,18.11,0.44,3.45,21.0,80.82,317.0,83.04,19.89,151.31
2731,5.36,27.1,3.39,15.26,1.33,2.56,23.15,97.64,31.0,96.91,26.26,149.25
2732,7.14,37.11,3.98,15.53,0.38,2.77,12.16,96.05,178.0,88.61,17.2,138.89
2733,2.83,25.95,7.46,14.01,0.93,11.32,24.11,63.9,171.0,93.74,29.34,190.64
2734,14.66,32.26,1.92,29.19,1.43,5.18,17.28,65.98,191.0,91.89,22.09,291.18
2735,7.63,38.63,2.49,14.35,0.96,8.29,4.86,77.04,59.0,95.34,13.09,194.31
2736,9.5,42.48,2.88,16.3,0.49,1.5,23.19,73.96,58.0,96.84,12.44,138.87
2737,14.88,32.47,6.44,33.93,0.56,3.59,6.79,80.0,49.0,99.45,11.31,287.82
2738,14.14,30.1,4.47,32.65,0.68,3.46,6.38,87.68,161.0,92.65,10.16,326.15
2739,5.92,35.92,6.93,16.82,0.14,0.3,27.15,85.13,19.0,100.0,32.31,135.71
2740,8.39,27.56,1.92,20.2,0.46,2.48,10.47,66.85,118.0,95.55,15.89,171.49
2741,5.15,32.96,5.3,14.68,0.63,0.74,7.28,74.9,300.0,84.04,9.62,140.46
2742,12.83,33.95,6.03,28.7,0.58,2.59,12.25,86.85,169.0,92.21,21.36,264.0
2743,14.1,33.83,3.97,28.96,0.79,5.34,9.33,84.48,91.0,95.83,10.85,299.37
2744,2.9,34.53,3.45,8.5,0.65,9.1,40.0,78.78,194.0,88.47,45.0,118.7
2745,14.89,28.99,5.71,36.52,0.39,1.76,18.0,92.02,157.0,92.94,16.96,284.99
2746,4.31,29.64,2.56,11.29,0.93,9.32,24.42,89.76,308.0,83.68,28.62,142.11
2747,7.46,29.52,5.17,20.34,0.76,4.72,29.78,83.57,155.0,92.03,37.82,194.75
2748,3.28,24.28,5.33,13.44,0.41,6.55,19.99,88.59,212.0,89.78,26.01,161.65
2749,9.82,36.05,4.63,20.97,1.18,2.81,30.57,69.3,178.0,92.94,35.02,209.25
2750,4.27,39.37,6.87,13.37,0.93,0.93,26.02,90.88,1.0,99.99,18.65,126.4
2751,6.42,38.78,3.9,13.84,0.55,2.34,23.76,96.38,180.0,91.7,29.12,116.98
2752,7.87,32.43,2.69,17.25,0.26,4.29,19.66,90.83,191.0,91.05,25.83,161.09
2753,2.32,29.13,2.95,7.73,1.38,10.31,28.86,90.77,297.0,83.02,31.77,109.7
2754,10.26,38.47,2.26,18.27,1.02,8.69,-3.21,85.05,98.0,93.28,0.88,275.29
2755,1.83,37.83,4.59,7.5,0.58,11.71,17.23,75.03,148.0,92.89,21.69,104.34
2756,6.19,35.3,9.51,20.03,0.1,9.46,15.57,94.17,48.0,100.0,21.65,207.5
2757,11.02,44.47,7.13,22.0,0.4,4.23,18.07,77.66,267.0,87.34,22.79,209.22
2758,12.29,33.84,6.63,28.42,1.17,4.1,29.32,96.43,357.0,83.2,37.2,269.12
2759,6.32,32.46,7.47,19.16,0.16,2.11,16.83,89.66,303.0,86.73,20.08,146.21
2760,4.03,31.6,6.79,14.44,1.01,1.88,9.58,96.72,181.0,90.08,12.63,154.52
2761,8.9,24.63,3.01,24.69,0.29,7.68,-4.96,72.47,40.0,100.0,2.06,326.56
2762,10.67,37.97,4.91,21.76,0.92,10.37,16.73,86.35,334.0,85.61,24.58,277.36
2763,10.2,33.37,6.59,24.93,0.85,1.63,27.69,73.26,228.0,89.32,34.78,217.29
2764,7.88,37.06,2.4,15.16,0.41,1.28,16.87,76.42,72.0,95.71,27.76,121.41
2765,13.3,45.05,3.05,20.77,1.13,3.63,20.16,92.94,67.0,94.67,24.22,230.75
2766,6.77,31.66,5.8,18.64,0.15,1.15,17.17,97.5,120.0,94.87,21.7,147.35
2767,7.18,20.0,3.13,24.67,0.33,4.28,24.58,85.16,280.0,88.89,24.94,216.75
2768,6.9,36.89,2.83,14.06,0.23,2.81,21.11,96.22,84.0,98.22,30.52,125.4
2769,10.09,35.0,1.84,19.13,0.48,5.97,17.59,94.0,206.0,93.18,11.1,179.9
2770,7.55,29.61,0.43,15.73,0.58,5.99,-2.35,83.46,232.0,83.9,0.7,173.06
2771,15.02,36.38,0.45,25.22,0.28,2.04,9.74,80.62,45.0,98.86,12.46,224.08
2772,13.92,38.72,4.32,25.89,0.89,5.64,19.3,74.09,19.0,99.58,18.42,260.47
2773,8.48,28.32,3.4,21.37,0.26,4.88,29.41,79.01,64.0,97.59,28.78,184.37
2774,2.64,32.19,0.5,5.41,1.16,2.92,17.8,82.49,108.0,95.95,16.57,42.47
2775,14.27,42.86,3.4,23.38,1.45,2.34,19.51,95.34,53.0,97.99,29.53,228.5
2776,11.12,29.67,4.74,27.23,1.08,7.34,13.25,94.46,20.0,100.0,20.17,314.43
2777,3.18,34.4,4.14,9.7,0.25,2.68,18.16,88.32,235.0,89.14,22.03,85.65
2778,11.91,20.0,3.11,38.82,1.26,1.67,20.91,87.48,180.0,91.58,17.33,415.75
2779,2.57,25.11,3.91,10.05,0.17,3.42,25.3,88.17,287.0,85.96,27.67,95.48
2780,3.16,34.95,7.53,12.96,0.38,7.06,1.1,75.55,314.0,84.68,-1.48,163.74
2781,6.99,41.37,5.09,15.24,0.35,14.0,8.45,79.42,129.0,91.12,14.46,222.49
2782,18.69,25.83,2.98,46.4,0.59,0.89,19.0,97.1,88.0,95.98,25.1,406.58
2783,5.15,34.45,2.58,11.54,0.54,9.71,24.52,95.1,75.0,97.11,24.75,133.48
2784,14.2,31.75,4.83,31.67,0.25,4.75,7.0,87.24,182.0,92.03,12.58,280.92
2785,13.79,39.72,7.18,28.01,0.45,1.37,0.68,71.28,238.0,87.29,10.5,284.72
2786,4.85,26.69,2.59,13.5,0.77,3.08,28.3,93.2,258.0,87.69,28.72,125.68
2787,10.05,36.58,10.01,26.49,0.63,2.94,18.06,80.3,59.0,97.68,19.85,235.63
2788,14.45,30.08,1.22,30.06,0.5,1.95,18.2,85.14,116.0,94.95,18.31,252.97
2789,11.09,35.34,1.48,20.31,0.53,12.52,16.33,77.49,95.0,94.36,20.57,244.34
2790,3.48,34.41,4.28,10.34,1.33,2.95,2.42,74.5,15.0,94.85,15.22,118.05
2791,2.65,32.49,1.3,6.19,0.51,1.2,27.82,90.48,314.0,84.71,31.58,56.98
2792,12.76,36.87,9.73,30.49,0.47,6.81,30.08,87.42,374.0,80.83,33.13,303.5
2793,5.94,34.26,1.45,11.85,0.49,2.98,25.35,85.42,24.0,97.79,30.8,104.2
2794,9.7,33.2,7.62,25.14,0.46,2.41,5.39,70.95,70.0,96.75,7.68,250.22
2795,5.96,31.86,2.87,14.1,0.64,3.35,12.91,82.29,85.0,94.19,17.34,152.38
2796,6.43,34.47,2.96,14.15,0.72,5.13,-2.0,93.38,196.0,92.98,3.24,168.23
2797,6.84,35.33,5.9,17.52,0.7,3.74,26.55,88.27,145.0,90.02,32.26,158.5
2798,5.18,28.07,5.51,16.59,1.05,3.71,35.86,92.92,144.0,92.38,34.39,191.74
2799,10.31,31.9,2.24,21.63,0.29,8.02,9.76,77.25,198.0,89.6,14.05,222.81
2800,11.34,27.67,3.6,28.2,0.18,7.0,32.84,98.09,121.0,91.71,31.45,275.29
2801,4.88,33.76,0.88,9.55,0.89,1.2,20.52,97.28,136.0,90.7,19.31,85.35
2802,5.05,30.45,3.78,13.73,0.38,6.21,11.57,95.98,153.0,93.09,19.48,140.04
2803,13.26,38.62,9.43,30.02,0.36,4.4,4.2,82.34,11.0,100.0,13.37,288.6
2804,4.65,38.04,7.91,15.25,0.1,0.76,6.4,80.91,321.0,81.82,12.23,140.68
2805,9.89,28.46,6.2,27.04,0.47,0.75,15.67,97.49,294.0,80.14,20.71,220.01
2806,14.43,33.99,3.7,29.18,0.59,0.93,15.04,69.91,310.0,81.78,18.31,248.37
2807,4.21,37.83,2.26,8.93,1.21,6.37,4.85,81.35,105.0,93.64,10.56,113.94
2808,5.99,32.95,0.9,11.8,0.38,2.02,29.9,77.68,77.0,95.54,32.67,102.26
2809,5.86,29.63,3.98,15.84,0.88,0.57,30.41,87.69,160.0,92.15,27.65,137.04
2810,6.73,27.45,4.81,19.53,0.27,3.41,4.5,90.98,146.0,94.06,8.91,188.24
2811,8.71,39.13,2.35,15.71,0.15,7.39,23.81,90.44,74.0,94.77,19.51,147.1
2812,5.65,39.42,4.59,13.2,0.66,5.0,24.07,80.87,161.0,89.81,19.01,127.14
2813,10.46,32.75,4.09,23.26,0.16,0.18,31.89,86.02,47.0,100.0,35.15,176.81
2814,10.87,38.6,5.09,21.99,1.01,4.83,0.85,92.79,24.0,100.0,7.92,246.53
2815,7.91,20.0,3.05,26.78,1.19,1.9,11.42,92.45,146.0,90.77,16.3,296.97
2816,5.0,41.97,2.4,9.55,0.79,1.25,4.97,84.23,40.0,98.86,9.81,98.45
2817,12.91,33.06,4.69,28.11,0.89,2.34,17.55,76.89,107.0,95.11,16.78,274.84
2818,7.83,34.85,5.58,19.05,0.63,0.69,15.13,90.04,140.0,94.57,18.2,158.49
2819,3.05,32.08,7.54,13.23,0.56,1.31,9.75,74.19,141.0,93.52,14.29,132.33
2820,4.46,42.37,4.06,10.36,0.34,0.46,40.0,97.37,75.0,98.02,43.64,115.91
2821,7.27,27.64,4.4,20.18,1.02,13.86,6.82,96.67,48.0,96.19,9.52,332.29
2822,6.29,42.85,1.49,10.29,0.85,2.79,11.92,77.67,217.0,88.82,11.58,104.64
2823,4.89,36.38,4.59,12.66,1.46,8.33,28.76,73.58,278.0,84.41,35.26,177.95
2824,7.0,37.74,1.23,12.36,1.1,5.64,16.67,83.94,163.0,90.77,22.11,131.61
2825,4.39,32.0,2.45,10.68,0.13,6.01,17.43,92.6,45.0,97.57,19.84,99.29
2826,8.62,26.15,3.35,23.13,0.97,1.86,22.11,92.68,48.0,98.43,25.06,216.65
2827,6.74,39.58,10.39,20.61,1.06,1.42,30.34,62.14,107.0,94.15,40.51,223.71
2828,8.99,35.87,6.3,21.34,0.11,2.26,22.6,91.9,63.0,98.05,26.68,152.04
2829,8.28,42.17,2.28,14.07,0.44,1.73,6.13,84.69,178.0,91.47,5.83,145.86
2830,11.12,32.84,5.78,26.11,0.52,7.96,12.28,92.46,94.0,94.86,19.98,268.51
2831,9.17,31.48,1.03,18.5,0.4,4.71,25.51,72.11,139.0,95.17,28.23,160.64
2832,9.83,42.33,7.21,21.15,1.33,0.61,12.97,96.81,120.0,93.81,9.8,234.19
2833,9.34,45.47,3.49,15.82,0.96,3.42,24.15,95.44,85.0,94.13,31.52,159.14
2834,9.38,34.06,2.73,19.26,1.09,3.2,23.21,96.53,13.0,99.62,26.17,181.31
2835,10.12,29.48,1.65,22.24,0.22,3.33,7.37,82.03,108.0,93.05,9.57,210.99
2836,8.07,38.86,8.53,20.99,0.32,10.97,21.14,64.13,230.0,85.44,25.01,238.04
2837,16.12,32.48,1.73,31.5,1.47,4.17,14.41,90.26,19.0,100.0,17.02,320.96
2838,8.47,37.6,4.79,18.32,1.01,2.03,3.34,92.96,117.0,93.12,3.36,194.85
2839,2.7,32.44,3.6,8.59,0.34,4.42,8.75,87.38,137.0,95.35,14.47,89.54
2840,4.95,43.38,1.96,8.8,0.34,1.82,17.95,88.25,100.0,92.59,21.47,87.89
2841,9.34,29.8,3.88,22.69,0.45,9.42,12.58,92.37,124.0,96.56,16.17,254.67
2842,8.01,36.88,4.88,17.92,0.66,0.79,21.91,80.95,262.0,87.44,25.63,154.05
2843,7.87,31.07,4.74,19.94,1.15,3.64,11.71,95.38,34.0,98.26,15.1,208.08
2844,2.71,32.31,3.39,8.43,0.27,2.77,38.28,92.93,224.0,89.09,42.14,83.74
2845,9.8,31.53,2.41,21.05,0.88,3.44,12.03,89.38,162.0,90.83,19.09,208.98
2846,3.24,38.43,0.13,5.19,0.36,10.2,27.08,81.46,215.0,88.71,33.11,68.66
2847,14.01,39.51,3.76,25.04,0.68,2.26,12.98,75.07,271.0,85.27,21.22,222.52
2848,5.98,37.35,3.28,12.89,0.5,2.57,24.82,93.54,197.0,91.98,28.66,118.51
2849,9.65,33.35,2.53,19.89,0.79,1.24,12.95,90.79,155.0,93.28,17.14,169.51
2850,5.36,34.84,3.62,12.85,0.22,6.68,40.0,93.92,250.0,87.37,40.65,137.9
2851,1.89,39.39,3.62,6.51,0.37,1.29,8.62,96.01,123.0,94.08,6.28,64.21
2852,4.5,39.58,4.49,11.32,0.48,2.01,15.49,79.92,119.0,94.58,17.33,107.05
2853,7.19,20.0,3.98,25.56,0.56,6.43,25.2,71.46,218.0,88.88,32.36,283.19
2854,2.63,32.37,1.56,6.43,0.54,4.39,7.49,87.15,48.0,95.91,10.54,78.73
2855,15.89,32.65,2.79,32.0,0.22,5.8,27.74,77.98,126.0,93.72,33.34,264.16
2856,8.07,38.02,0.84,13.58,0.36,1.98,40.0,92.0,84.0,97.42,38.03,118.02
2857,6.36,33.6,0.09,11.45,0.75,4.2,7.93,79.04,136.0,90.95,7.94,124.13
2858,12.54,38.32,3.61,23.25,0.15,1.27,19.7,95.4,266.0,87.41,27.27,176.4
2859,7.16,27.53,6.25,21.85,0.68,2.81,19.58,85.96,163.0,91.65,26.15,206.72
2860,10.75,35.56,2.08,20.22,0.59,0.55,5.59,89.64,174.0,90.08,4.19,187.13
2861,3.79,39.4,2.15,7.91,0.98,11.3,8.68,96.87,4.0,100.0,12.16,104.68
2862,12.38,25.15,1.95,31.47,0.5,4.42,-5.59,81.51,188.0,87.31,-5.0,410.26
2863,4.41,49.08,1.15,6.53,1.65,1.96,16.46,73.16,124.0,92.22,20.51,85.69
2864,7.5,41.15,1.43,12.36,0.46,4.32,19.85,71.49,171.0,90.13,26.66,121.99
2865,8.36,34.01,0.97,15.71,1.02,5.83,20.66,80.89,231.0,92.13,28.88,151.39
2866,13.05,29.03,2.0,28.98,1.5,6.79,25.55,86.17,77.0,100.0,26.15,310.89
2867,9.26,32.95,3.62,20.49,1.31,1.65,29.29,82.72,394.0,79.03,26.97,204.23
2868,11.12,34.5,3.41,22.75,0.74,4.49,17.11,87.82,239.0,87.69,17.23,220.83
2869,5.75,36.64,0.94,10.35,0.8,4.2,15.13,98.5,108.0,94.58,16.49,99.61
2870,11.69,43.0,6.42,22.73,0.83,9.77,24.1,94.46,237.0,86.91,35.85,272.18
2871,10.59,31.14,3.51,23.92,0.72,2.1,38.45,91.76,69.0,97.55,37.38,228.18
2872,4.15,37.38,4.13,10.8,0.17,1.33,2.09,78.16,60.0,98.85,6.83,92.53
2873,9.66,26.25,2.01,24.09,1.17,1.52,4.68,84.03,250.0,88.29,11.15,260.12
2874,4.8,31.52,10.62,19.74,0.74,4.81,6.7,86.66,40.0,96.31,9.06,208.13
2875,8.67,36.26,9.05,23.4,0.82,2.82,5.91,83.62,189.0,89.34,7.35,248.27
2876,14.93,38.15,2.28,25.76,0.56,8.39,-0.94,87.99,212.0,88.96,7.07,318.64
2877,9.75,29.48,9.44,29.28,0.4,2.8,16.21,73.86,243.0,89.56,18.08,246.05
2878,9.4,31.36,10.81,28.79,0.54,6.14,1.4,86.16,115.0,93.64,1.82,343.76
2879,7.71,42.76,1.26,12.08,0.47,1.45,23.73,92.42,398.0,80.03,24.41,99.06
2880,8.25,40.97,1.79,13.87,0.33,4.41,30.83,87.58,74.0,93.69,36.57,140.21
2881,2.89,35.25,4.75,9.67,0.87,9.42,7.37,83.43,241.0,89.99,9.6,135.12
2882,6.18,20.58,3.84,21.86,0.12,6.07,14.28,88.17,42.0,96.88,19.72,233.41
2883,9.48,49.07,8.49,20.08,0.27,1.67,18.46,82.05,101.0,92.16,20.53,182.98
2884,3.65,33.88,3.3,9.77,0.84,1.27,31.15,71.8,14.0,100.0,38.64,99.28
2885,9.81,32.12,4.72,23.04,0.75,4.19,15.99,89.63,20.0,100.0,24.71,204.3
2886,9.4,30.87,6.61,24.88,1.59,4.25,10.67,96.04,173.0,91.09,14.31,277.12
2887,3.28,36.26,6.04,11.46,0.77,5.4,25.42,85.67,234.0,87.75,26.71,132.08
2888,12.55,36.32,6.55,27.29,0.38,5.86,9.1,89.97,109.0,94.23,7.61,267.3
2889,3.08,39.7,4.63,9.29,1.32,1.07,11.18,86.86,71.0,96.31,16.12,104.01
2890,5.39,28.44,0.11,11.48,0.25,0.75,22.59,85.92,68.0,98.71,25.35,92.92
2891,4.68,32.13,1.48,10.22,0.66,4.32,21.56,81.68,26.0,96.26,25.85,100.87
2892,6.08,46.18,8.33,16.23,0.62,3.41,8.3,97.02,209.0,90.81,9.1,191.08
2893,6.45,35.35,3.52,14.48,0.26,0.7,22.01,92.67,219.0,87.13,21.73,123.91
2894,11.85,32.96,8.76,30.32,1.15,2.08,7.73,92.4,339.0,84.69,13.52,307.66
2895,10.66,28.35,1.16,23.72,0.92,0.4,8.59,87.01,330.0,80.61,12.13,219.7
2896,13.55,37.04,5.03,26.98,0.46,9.47,9.64,90.93,273.0,84.19,15.04,288.23
2897,4.98,40.19,5.95,13.4,1.11,3.59,16.28,89.29,252.0,86.57,27.21,131.56
2898,6.55,39.25,2.67,12.69,0.36,8.61,20.39,88.42,129.0,94.07,26.2,136.52
2899,1.82,32.45,6.07,9.44,0.7,0.93,13.88,65.25,280.0,86.95,26.83,87.81
2900,2.52,36.17,6.96,11.13,0.57,2.14,25.64,78.72,27.0,98.13,31.08,101.52
2901,9.1,44.03,3.65,16.04,0.48,5.62,19.8,94.97,110.0,93.79,27.56,174.73
2902,14.41,40.43,7.16,28.55,0.91,5.76,19.61,94.69,320.0,86.04,23.94,292.71
2903,5.25,29.3,2.89,13.64,0.77,1.12,22.48,84.59,269.0,84.33,20.47,125.26
2904,15.25,20.0,2.15,47.9,1.27,5.98,29.16,90.36,130.0,96.89,35.75,559.69
2905,3.43,35.78,0.26,6.02,0.93,5.53,22.86,83.11,53.0,99.32,25.39,72.63
2906,6.31,38.79,5.49,15.25,1.28,0.64,29.71,84.7,165.0,90.21,30.49,145.55
2907,5.42,27.46,7.82,19.66,1.31,2.04,25.8,82.22,34.0,98.23,24.06,206.25
2908,7.6,33.95,1.66,15.09,0.76,3.62,17.05,74.91,44.0,98.46,22.7,146.05
2909,10.04,32.42,0.66,19.24,0.24,3.89,14.36,96.66,166.0,87.93,19.49,167.43
2910,5.45,34.63,3.51,12.96,0.41,4.03,29.92,66.03,201.0,92.95,32.71,116.23
2911,17.68,30.73,2.06,36.58,0.38,6.15,24.74,86.3,171.0,94.35,30.93,311.21
2912,10.57,41.74,5.99,21.18,0.84,2.07,12.24,98.46,116.0,94.23,20.22,222.73
2913,3.87,34.89,2.61,9.26,0.43,4.32,10.37,82.83,181.0,94.45,16.48,77.03
2914,3.62,28.73,8.04,15.59,0.32,3.77,17.4,84.68,245.0,87.93,24.82,150.28
2915,9.04,39.5,0.97,14.7,1.16,0.36,27.65,76.59,199.0,89.53,29.72,134.77
2916,2.07,26.41,6.89,11.6,0.56,1.9,7.35,85.02,76.0,95.32,11.81,130.8
2917,14.64,41.71,5.4,26.46,0.68,6.33,10.64,90.99,35.0,97.55,18.23,283.28
2918,10.12,39.95,9.12,24.31,0.66,1.03,15.76,93.05,206.0,87.76,19.36,210.74
2919,8.36,42.34,6.83,18.68,1.05,3.81,21.43,86.53,62.0,95.94,22.21,177.6
2920,6.09,33.05,7.54,18.59,0.88,0.36,-7.31,88.8,246.0,86.82,-5.0,225.98
2921,8.12,31.02,3.09,18.79,0.19,0.52,11.04,75.58,123.0,94.76,10.77,158.26
2922,7.72,34.5,8.59,22.01,1.18,7.88,12.72,95.92,158.0,92.9,15.77,242.62
2923,13.99,33.49,4.36,29.42,0.39,2.42,9.09,76.92,134.0,94.44,19.32,251.29
2924,6.27,30.08,1.08,13.6,0.38,2.63,21.68,77.55,303.0,85.49,23.3,123.42
2925,3.72,30.68,6.7,13.98,0.68,2.1,4.61,86.18,255.0,87.4,5.88,163.7
2926,5.17,31.8,1.37,11.12,1.47,0.56,20.02,94.2,208.0,89.8,29.3,121.31
2927,8.57,26.98,4.49,23.56,1.18,2.99,1.65,71.25,124.0,95.99,-2.98,271.58
2928,6.9,38.07,9.29,20.16,0.41,7.85,3.53,83.94,231.0,89.65,6.58,226.15
2929,4.74,33.69,1.44,9.89,0.11,1.91,7.47,92.18,267.0,85.17,11.59,94.18
2930,3.82,32.15,1.14,8.28,1.03,1.31,13.05,73.79,36.0,100.0,17.33,93.92
2931,7.85,27.34,5.17,22.4,0.64,11.01,18.22,66.47,138.0,94.11,25.12,259.05
2932,5.42,27.04,1.07,13.11,0.17,0.81,20.3,89.48,364.0,81.76,28.56,111.79
2933,5.8,45.62,4.35,11.99,1.37,3.17,13.71,87.44,220.0,88.82,17.56,134.33
2934,9.98,30.24,0.8,20.6,0.61,4.6,21.98,71.56,122.0,92.28,17.82,182.38
2935,5.03,37.66,0.27,8.29,0.76,1.55,27.21,78.69,11.0,100.0,33.74,84.7
2936,10.1,34.98,3.46,20.79,0.3,2.48,2.93,86.56,214.0,90.18,-1.39,219.85
2937,11.82,20.0,2.94,38.39,1.04,6.13,18.0,81.89,253.0,89.4,21.42,426.12
2938,9.16,44.75,2.5,14.78,0.67,2.88,4.73,95.95,66.0,97.81,11.09,156.36
2939,3.25,38.1,3.59,8.71,0.59,4.54,20.45,94.26,92.0,92.28,23.45,97.31
2940,7.41,29.39,2.65,17.78,0.15,1.69,-4.05,90.58,98.0,96.87,-0.51,194.35
2941,8.1,33.83,4.31,18.68,0.82,5.26,3.48,92.53,187.0,92.29,7.61,205.45
2942,8.68,27.1,6.67,25.89,1.03,2.74,18.98,91.09,319.0,85.0,17.12,230.24
2943,3.49,44.96,1.33,5.99,0.22,6.02,15.35,94.99,172.0,89.52,17.86,67.31
2944,11.56,28.55,2.42,26.71,0.16,7.29,29.46,84.47,96.0,97.13,39.55,267.27
2945,13.98,30.86,4.5,31.68,0.85,2.93,28.22,89.25,212.0,89.9,31.71,281.1
2946,3.52,29.62,1.55,8.69,0.23,2.83,22.05,80.37,79.0,95.35,23.32,58.81
2947,4.52,34.48,4.18,12.05,0.85,6.75,25.12,73.95,131.0,93.22,33.72,121.69
2948,6.37,42.22,1.32,10.37,0.41,5.13,0.57,95.78,185.0,92.16,10.52,128.04
2949,3.81,44.74,5.47,10.58,0.24,4.62,21.72,81.73,68.0,93.14,19.2,119.64
2950,2.42,31.61,1.46,6.05,1.31,0.71,8.69,82.62,325.0,86.25,8.08,69.24
2951,12.2,36.27,2.51,22.7,1.11,1.48,26.43,96.45,282.0,86.88,25.7,219.35
2952,3.47,34.49,1.65,7.68,0.47,3.41,10.05,94.27,33.0,99.06,17.16,69.32
2953,14.86,28.11,4.43,36.14,0.04,4.96,25.49,81.84,269.0,86.04,28.27,295.46
2954,3.28,48.54,2.8,6.86,0.71,0.74,24.88,82.08,139.0,97.43,29.58,78.56
2955,11.36,42.18,1.07,17.23,1.2,0.85,19.0,89.64,297.0,84.05,22.05,164.89
2956,1.92,35.13,8.13,11.41,0.43,5.59,6.97,95.29,127.0,96.71,15.09,113.35
2957,6.9,43.49,5.3,14.83,0.17,5.99,6.35,83.44,304.0,85.32,6.85,158.52
2958,10.4,41.27,3.96,19.09,0.61,1.73,29.77,94.57,279.0,90.34,29.53,189.09
2959,5.58,34.49,1.02,10.73,1.04,8.57,25.76,76.86,243.0,87.17,28.81,136.99
2960,3.88,35.96,2.56,9.02,0.66,0.25,8.25,93.79,174.0,89.16,9.53,101.35
2961,3.45,43.07,5.04,9.85,0.32,0.7,5.37,90.32,434.0,76.71,7.75,105.01
2962,5.25,28.32,4.34,15.46,0.54,5.53,10.52,94.51,115.0,92.53,10.43,169.06
2963,14.66,44.04,0.63,20.61,0.21,1.77,38.24,71.23,155.0,91.87,45.0,203.15
2964,15.75,32.65,2.45,31.4,0.69,1.23,28.57,84.53,189.0,90.85,27.27,256.77
2965,4.73,43.15,2.37,8.95,0.29,2.55,23.13,92.7,48.0,96.64,19.09,86.68
2966,5.78,33.97,3.02,13.23,0.53,8.14,11.98,98.78,154.0,94.36,17.4,138.68
2967,6.19,36.03,1.77,12.08,0.18,2.31,31.86,89.63,363.0,81.88,33.32,103.89
2968,9.21,33.79,1.78,18.13,0.66,1.45,19.44,95.53,252.0,88.96,25.57,138.28
2969,11.86,30.81,3.91,27.0,0.71,3.85,0.34,86.51,321.0,84.05,-3.6,304.76
2970,16.77,32.38,8.63,39.71,0.01,3.47,-4.38,91.04,15.0,98.37,1.68,411.8
2971,6.31,42.27,3.36,12.31,0.11,6.45,32.97,97.13,22.0,98.36,36.63,112.98
2972,10.88,20.12,5.81,38.25,0.57,12.17,8.42,91.72,274.0,83.18,13.36,490.04
2973,8.23,26.57,3.66,22.24,1.19,7.58,0.74,86.95,105.0,98.54,-0.4,298.24
2974,8.76,29.65,1.92,19.65,1.04,5.99,32.52,93.33,144.0,92.95,33.17,207.66
2975,4.87,27.53,4.3,14.91,0.32,3.17,33.24,93.52,3.0,99.36,41.98,134.95
2976,7.22,43.06,3.3,13.36,0.53,2.62,22.08,76.05,148.0,90.62,24.67,123.39
2977,11.36,41.55,4.54,20.94,0.85,1.89,-4.96,74.97,73.0,96.24,-3.88,257.23
2978,10.21,37.55,1.51,17.82,0.85,1.2,6.46,90.07,217.0,85.86,13.63,167.58
2979,10.47,30.17,3.79,24.6,0.46,2.35,12.44,89.97,141.0,94.16,10.74,185.95
2980,10.48,42.01,0.48,15.45,0.46,5.14,33.73,88.02,111.0,92.8,37.07,158.07
2981,7.13,24.47,2.24,19.72,0.96,2.9,23.03,85.43,185.0,93.55,22.02,215.17
2982,12.4,46.85,5.83,21.71,0.25,2.17,8.42,75.09,253.0,89.79,21.46,201.98
2983,5.03,29.89,3.01,13.1,0.35,3.31,26.93,87.9,271.0,84.82,29.63,111.93
2984,7.98,32.43,7.95,22.72,0.44,2.01,14.02,87.23,46.0,98.94,20.58,201.63
2985,6.96,31.42,2.45,15.75,0.52,3.41,3.76,80.62,185.0,93.86,1.26,159.46
2986,7.71,27.56,4.98,21.76,0.52,2.58,22.54,88.14,74.0,99.87,31.19,202.37
2987,7.99,45.55,3.02,13.55,1.61,4.68,32.06,87.04,237.0,90.24,32.41,163.06
2988,4.37,38.73,1.6,8.37,0.66,2.51,8.91,91.25,210.0,90.66,10.36,83.85
2989,7.51,41.29,4.16,15.07,0.89,6.24,24.36,95.52,334.0,82.75,27.41,164.47
2990,9.16,26.66,2.24,22.86,0.77,1.88,9.63,86.9,346.0,84.08,14.32,197.53
2991,4.13,35.09,2.82,9.88,0.19,3.63,12.41,73.77,19.0,96.98,20.05,90.68
2992,7.45,37.13,0.18,12.22,0.68,14.0,17.21,99.49,129.0,96.13,11.86,174.57
2993,13.1,35.62,4.34,26.4,0.1,3.8,17.46,89.53,128.0,97.77,16.55,205.58
2994,9.22,27.04,7.56,28.02,0.43,0.35,18.34,85.57,146.0,91.87,22.25,225.68
2995,5.08,40.45,3.76,11.29,0.32,2.82,9.04,90.77,155.0,90.74,14.62,111.55
2996,4.69,34.73,9.37,17.47,0.2,1.61,27.16,92.75,87.0,95.36,28.46,134.79
2997,8.94,28.27,2.14,21.12,0.84,4.84,-5.3,67.68,152.0,94.13,-5.0,273.09
2998,17.71,22.87,6.1,52.57,0.05,4.07,7.58,90.08,337.0,83.5,9.64,503.2
2999,5.59,37.64,5.62,14.53,1.14,1.92,9.5,85.08,333.0,84.97,12.57,149.13
3000,6.06,48.7,5.44,12.91,0.36,5.18,9.42,92.48,241.0,88.01,9.28,148.14
3001,7.59,27.91,1.93,18.24,0.62,3.37,16.83,63.21,5.0,100.0,23.48,156.58
3002,7.38,35.02,2.91,15.54,0.32,0.71,20.69,73.48,294.0,86.8,31.52,108.58
3003,6.9,40.66,2.59,12.77,0.99,2.38,12.27,85.02,53.0,95.96,12.49,130.0
3004,4.47,26.38,2.59,12.75,0.36,10.58,10.72,89.29,143.0,89.72,17.33,152.49
3005,6.32,31.12,3.27,15.45,0.61,2.03,7.12,90.53,194.0,92.61,10.55,154.02
3006,13.9,28.84,8.43,37.35,0.34,2.03,29.11,94.68,78.0,96.94,29.71,299.75
3007,8.34,39.91,5.55,18.09,0.32,6.42,14.86,89.08,90.0,97.15,15.24,173.76
3008,2.93,41.95,3.71,7.9,0.3,0.14,5.95,75.45,459.0,79.37,6.73,80.95
3009,9.76,34.95,3.58,20.33,0.99,2.95,15.52,93.23,169.0,91.24,20.45,189.09
3010,16.7,28.95,1.95,36.55,0.69,2.94,8.65,82.31,105.0,96.44,20.14,323.5
3011,14.03,31.34,5.89,32.75,0.56,5.0,14.6,83.32,405.0,79.78,19.22,295.83
3012,6.84,30.22,6.59,20.18,0.28,1.73,27.7,79.78,74.0,96.47,32.82,161.55
3013,3.78,28.14,6.13,14.19,0.47,2.72,32.77,80.12,134.0,97.0,28.26,132.87
3014,12.63,33.39,0.01,22.71,1.13,3.68,18.72,72.58,292.0,85.52,19.85,217.21
3015,11.79,37.45,3.52,22.42,0.22,4.56,11.71,83.97,279.0,83.85,14.83,208.34
3016,1.36,36.94,0.71,2.92,1.02,2.18,18.22,77.15,119.0,92.06,21.92,49.31
3017,11.64,33.95,0.67,21.24,1.11,10.09,20.67,97.26,10.0,100.0,26.62,265.02
3018,4.56,34.34,2.08,10.05,0.81,0.2,16.07,87.81,16.0,99.5,14.53,97.38
3019,4.11,33.51,0.84,8.19,0.57,1.86,24.2,88.91,84.0,95.61,28.2,68.59
3020,6.31,26.22,5.61,20.06,0.52,2.93,28.13,68.2,243.0,88.4,31.18,183.63
3021,9.13,34.96,5.9,21.57,1.18,3.66,-2.64,74.64,331.0,83.38,-5.0,294.69
3022,5.11,30.5,8.53,18.59,0.98,7.36,24.68,88.32,34.0,99.87,26.95,211.92
3023,13.66,25.92,4.74,36.36,0.38,4.84,28.59,74.88,223.0,87.94,27.72,335.37
3024,10.13,36.22,1.72,18.51,1.1,1.14,30.6,82.56,98.0,96.58,38.13,167.58
3025,4.52,30.33,2.37,11.31,0.11,4.08,18.58,73.42,104.0,96.02,29.08,107.13
3026,12.59,35.37,4.91,26.26,0.74,7.68,40.0,80.52,158.0,92.76,40.13,280.44
3027,10.56,39.09,6.27,22.49,0.83,3.21,13.67,82.22,112.0,93.39,27.88,200.93
3028,7.69,28.3,5.36,21.67,0.62,7.49,1.88,90.26,362.0,83.96,2.54,273.59
3029,7.38,34.55,5.03,17.84,0.14,0.26,2.98,91.89,284.0,88.17,6.03,155.5
3030,12.76,23.14,0.48,33.57,0.43,5.03,18.64,90.83,187.0,87.61,19.57,310.86
3031,6.07,43.2,5.37,13.8,0.87,6.62,25.03,92.7,138.0,93.77,26.86,166.42
3032,15.44,25.85,8.6,44.44,0.18,2.27,11.5,67.49,82.0,94.25,13.25,375.75
3033,7.09,30.91,4.61,18.37,0.17,0.64,38.27,75.11,99.0,94.88,41.81,177.59
3034,7.71,42.03,1.47,12.48,0.54,5.83,6.15,96.5,83.0,95.99,8.0,145.36
3035,8.4,32.58,2.89,18.36,0.56,1.13,-10.0,80.61,141.0,93.87,-5.0,253.76
3036,5.99,26.82,0.32,13.72,0.44,2.13,38.25,84.48,10.0,99.64,36.74,135.69
3037,4.65,38.28,2.73,10.02,0.46,6.04,5.03,93.75,112.0,93.95,11.42,103.44
3038,2.4,38.14,0.97,4.74,1.29,4.21,8.65,94.58,64.0,97.61,5.99,66.7
3039,10.95,30.2,1.19,22.95,0.52,14.0,24.12,88.11,18.0,96.94,27.49,329.42
3040,12.15,30.85,2.14,25.77,0.61,3.03,15.42,87.7,165.0,91.47,16.37,212.31
3041,14.75,31.39,1.32,29.51,0.33,3.83,16.26,78.86,162.0,91.75,17.01,230.67
3042,14.13,32.76,2.24,28.12,0.58,5.8,14.54,76.0,210.0,88.18,17.79,264.9
3043,4.61,22.64,4.55,16.78,0.85,1.13,9.28,78.85,76.0,93.19,15.05,165.95
3044,6.23,32.91,7.03,18.39,1.11,2.76,25.94,82.4,356.0,82.67,28.12,175.13
3045,8.1,44.7,2.91,13.79,0.37,0.95,13.1,82.85,329.0,82.14,12.42,139.97
3046,6.7,28.62,7.14,21.18,0.42,0.72,27.6,95.15,83.0,93.9,34.12,188.68
3047,10.93,30.5,3.83,25.33,1.05,6.78,18.5,78.07,287.0,88.58,21.41,256.66
3048,13.29,26.9,4.88,34.53,1.2,3.28,7.9,69.58,323.0,82.72,10.35,364.01
3049,4.72,37.67,3.54,11.06,0.58,3.43,12.3,95.13,399.0,78.92,11.73,101.72
3050,2.0,41.22,2.59,5.5,0.59,4.44,18.14,75.89,127.0,95.78,22.04,56.55
3051,13.22,41.08,6.29,25.6,0.32,1.38,10.83,89.32,183.0,89.32,16.96,229.13
3052,11.72,26.51,2.71,29.22,1.58,5.77,22.36,77.22,65.0,96.0,28.35,344.79
3053,4.37,37.0,7.02,14.11,0.13,4.22,21.11,77.76,212.0,87.42,29.06,111.02
3054,5.59,42.6,1.51,9.39,0.2,4.57,3.73,99.26,247.0,88.86,10.5,93.2
3055,2.6,37.06,9.04,13.24,1.74,1.45,23.48,86.53,272.0,86.01,23.18,135.1
3056,11.43,36.87,2.0,20.61,0.16,3.79,24.97,84.15,253.0,87.5,26.64,161.74
3057,9.19,31.17,1.37,19.06,0.55,5.24,14.0,98.21,71.0,96.29,15.37,183.92
3058,13.3,35.32,3.52,26.12,1.01,2.4,7.33,84.82,153.0,89.73,7.13,238.78
3059,13.2,41.42,2.82,21.95,0.34,2.93,21.21,74.5,138.0,92.09,27.25,172.13
3060,7.96,35.97,7.7,20.97,0.61,2.87,12.7,74.02,61.0,97.77,14.76,191.53
3061,3.82,26.51,1.79,10.44,0.76,2.22,-0.07,82.25,378.0,82.0,-1.24,124.31
3062,2.68,31.26,4.68,9.82,0.5,4.01,15.57,80.74,181.0,88.6,10.53,92.16
3063,3.78,41.26,7.02,12.52,0.54,2.9,23.41,73.51,199.0,90.51,32.98,110.72
3064,5.96,35.95,1.94,11.88,0.88,2.26,10.02,88.27,344.0,85.14,11.0,113.7
3065,7.01,34.71,0.61,12.72,0.85,10.1,2.59,79.83,289.0,85.93,5.39,174.69
3066,6.05,30.68,0.51,12.35,0.48,3.01,14.42,95.92,150.0,92.59,15.57,103.93
3067,13.35,41.13,4.24,23.72,0.88,1.12,18.91,68.29,255.0,86.89,19.44,192.25
3068,10.45,43.97,4.53,18.79,0.56,3.79,24.59,91.35,61.0,99.53,33.59,188.7
3069,14.78,41.58,7.14,28.47,0.96,3.66,31.28,68.82,77.0,95.6,32.86,279.19
3070,7.11,42.66,3.16,13.16,0.7,3.96,9.12,89.17,211.0,91.8,11.26,143.9
3071,9.77,31.85,1.51,19.92,0.58,10.2,15.24,95.5,214.0,90.45,22.88,227.07
3072,15.12,31.0,0.79,30.06,1.05,0.3,17.98,78.32,100.0,96.52,20.74,258.5
3073,14.99,33.06,3.08,30.28,0.35,5.46,15.22,80.33,161.0,91.02,18.99,264.26
3074,1.69,34.23,9.32,12.28,0.47,1.78,0.79,95.56,90.0,94.64,-4.91,155.8
3075,5.0,42.59,2.68,9.72,0.26,2.8,15.9,94.87,54.0,97.86,15.11,82.59
3076,2.47,41.0,1.01,4.62,0.35,0.98,34.18,74.49,125.0,96.36,30.47,57.72
3077,9.27,37.23,4.56,19.5,0.61,5.88,10.05,89.71,104.0,91.06,14.75,189.01
3078,11.79,25.41,4.85,32.68,1.15,3.02,14.52,94.56,359.0,80.5,14.35,324.19
3079,6.53,23.87,5.29,21.72,0.6,4.24,40.0,95.96,125.0,92.5,37.17,231.56
3080,12.41,35.44,2.72,23.73,0.4,7.72,25.32,90.32,192.0,93.23,25.36,226.53
3081,7.02,39.28,0.48,11.19,0.67,1.27,10.81,74.59,189.0,90.11,17.24,114.66
3082,4.92,33.52,5.79,14.6,0.35,4.19,6.44,90.86,209.0,90.92,10.2,144.75
3083,8.0,45.49,3.48,14.03,0.47,13.09,11.75,63.96,118.0,93.78,14.8,198.39
3084,3.14,27.51,4.3,11.15,0.46,7.06,-0.35,88.51,94.0,95.14,2.7,154.48
3085,12.81,26.75,7.46,36.18,0.75,1.36,11.97,86.58,81.0,95.21,14.15,316.68
3086,15.65,30.01,3.72,35.01,0.89,8.45,28.75,85.22,184.0,89.97,31.08,345.53
3087,12.67,29.79,3.47,28.98,0.74,3.34,25.45,87.09,99.0,93.81,24.7,242.53
3088,11.66,37.16,4.89,23.72,0.83,9.75,13.01,82.21,350.0,83.1,9.12,285.58
3089,11.76,31.47,3.19,25.61,0.98,6.37,23.43,86.54,147.0,90.79,22.48,253.59
3090,7.24,24.71,5.61,23.19,0.32,2.72,23.76,86.45,110.0,96.58,19.83,197.24
3091,11.61,39.35,4.17,21.87,0.32,6.35,23.01,84.48,83.0,98.28,26.65,197.88
3092,6.05,23.44,3.25,18.75,0.18,0.79,21.13,96.24,275.0,86.35,24.85,158.39
3093,7.37,27.57,5.97,22.01,0.85,1.48,9.77,89.35,346.0,80.59,14.71,204.32
3094,11.17,24.26,5.16,32.77,0.48,5.89,23.31,93.44,147.0,92.3,29.72,322.04
3095,7.5,35.24,3.87,16.65,0.4,1.01,13.01,93.34,141.0,92.38,18.59,139.32
3096,8.52,35.12,1.84,16.39,0.98,2.78,16.49,76.27,73.0,94.56,15.26,160.34
3097,6.52,45.5,6.28,14.88,0.7,4.28,25.04,83.83,134.0,94.0,27.15,143.47
3098,12.58,39.48,1.29,20.42,0.26,4.53,30.8,94.55,348.0,80.75,33.22,183.31
3099,9.32,42.65,0.64,13.76,1.38,7.19,12.87,92.33,283.0,88.72,13.44,170.87
3100,12.93,35.73,3.29,25.01,0.7,2.07,20.77,96.92,111.0,95.75,21.02,204.58
3101,4.16,28.14,7.18,16.05,0.8,6.53,13.29,88.12,331.0,80.49,13.71,165.09
3102,5.84,34.77,7.13,17.21,0.79,6.01,-1.89,77.35,83.0,98.04,0.4,221.75
3103,9.95,37.55,7.45,23.35,0.14,1.98,30.67,87.21,366.0,83.55,38.97,200.18
3104,12.71,38.22,2.68,22.63,0.61,0.53,22.29,69.9,76.0,96.69,26.81,199.5
3105,7.23,31.17,2.93,16.84,0.23,2.39,8.79,91.95,24.0,99.09,14.25,146.31
3106,15.02,36.93,6.98,31.38,0.69,1.99,21.57,86.67,62.0,97.63,26.51,251.29
3107,4.38,28.4,2.12,11.37,0.37,1.16,28.09,86.88,261.0,86.53,31.34,98.75
3108,8.59,27.74,2.63,21.21,1.22,3.58,10.58,93.46,92.0,96.52,3.09,224.15
3109,13.76,27.31,0.32,30.55,0.42,13.03,18.11,98.32,106.0,92.41,30.08,352.67
3110,15.11,34.15,5.44,32.0,0.82,3.67,20.04,88.33,359.0,78.3,22.93,280.16
3111,8.03,26.93,1.54,19.43,0.03,11.39,6.18,96.72,128.0,95.1,12.34,229.34
3112,2.97,31.45,2.71,8.38,1.18,14.0,11.92,90.11,80.0,96.35,11.97,127.47
3113,7.61,39.42,7.87,19.46,1.29,1.85,19.98,99.55,186.0,90.28,24.43,197.27
3114,4.65,27.83,6.95,16.98,0.87,2.17,19.38,79.48,159.0,94.03,20.13,162.12
3115,8.51,30.97,1.03,17.52,0.04,6.35,18.33,82.18,77.0,94.53,27.94,137.6
3116,8.96,34.43,6.09,21.71,1.01,2.97,30.0,86.08,350.0,83.54,27.92,206.0
3117,6.1,35.48,7.08,17.4,1.44,1.44,29.63,69.65,74.0,97.1,29.69,166.97
3118,11.06,31.0,2.51,23.92,0.36,3.54,21.08,66.74,38.0,96.54,22.65,191.88
3119,11.32,38.72,5.32,22.85,0.94,5.37,8.32,88.77,288.0,88.82,11.39,230.54
3120,10.46,37.54,0.69,17.42,0.2,6.42,23.96,93.68,22.0,97.85,29.86,158.47
3121,10.13,40.84,5.44,20.33,0.13,4.91,6.81,81.62,39.0,97.38,13.49,194.93
3122,7.8,33.51,1.13,15.1,0.48,4.23,9.05,90.11,62.0,99.34,6.16,146.43
3123,7.53,30.92,6.04,20.66,0.17,3.05,12.62,86.63,277.0,86.3,12.9,182.44
3124,7.07,29.9,5.96,20.15,0.51,1.71,10.95,83.32,84.0,93.82,15.94,181.73
3125,8.56,35.84,1.03,15.37,0.71,8.58,21.49,88.26,256.0,89.04,23.73,150.75
3126,5.46,31.74,5.35,15.68,0.47,2.4,22.77,93.2,100.0,94.86,25.02,137.86
3127,11.37,30.58,3.98,26.28,0.17,3.03,6.0,96.0,268.0,85.3,2.72,244.8
3128,9.56,31.31,1.81,20.14,0.71,5.98,23.48,85.34,257.0,83.28,15.9,210.82
3129,6.55,29.9,1.55,14.7,0.45,1.77,17.91,88.54,189.0,90.8,15.13,116.41
3130,4.71,35.19,1.44,9.47,0.43,11.01,2.13,95.98,101.0,96.79,6.77,129.84
3131,3.15,25.52,5.5,12.91,0.71,3.47,40.0,89.48,137.0,91.46,44.58,153.33
3132,7.25,35.82,7.12,19.26,0.46,1.87,16.14,89.1,223.0,89.29,16.84,167.76
3133,6.93,38.06,0.99,11.91,0.24,4.48,12.75,82.9,88.0,95.62,15.71,99.88
3134,14.11,30.51,3.53,31.27,0.71,5.38,10.66,88.63,51.0,94.1,9.73,302.43
3135,5.12,45.53,3.57,10.32,0.2,2.69,10.09,71.16,218.0,88.56,16.84,113.43
3136,6.02,34.11,4.54,15.13,0.46,3.26,20.44,97.38,361.0,83.94,18.18,127.62
3137,2.63,24.63,5.5,11.9,0.24,4.0,8.47,94.66,186.0,91.06,12.56,134.9
3138,9.88,32.31,2.85,21.19,1.0,3.41,16.5,95.51,120.0,94.88,15.14,184.83
3139,6.03,34.38,3.36,13.88,0.71,0.83,6.72,71.18,162.0,92.28,2.05,146.62
3140,10.01,36.69,3.49,19.85,0.61,1.28,30.04,69.49,127.0,91.42,38.71,170.06
3141,8.03,32.46,0.53,15.38,1.01,3.47,19.57,95.83,101.0,91.52,17.86,141.62
3142,11.17,27.93,7.48,31.48,0.73,1.55,10.79,80.81,46.0,95.95,13.55,310.86
3143,12.7,27.43,4.37,32.15,1.09,7.46,-4.1,74.52,112.0,93.03,0.57,453.4
3144,5.98,30.08,1.32,13.25,0.38,12.08,7.05,87.76,257.0,87.81,14.98,182.34
3145,9.47,30.65,0.21,18.74,0.97,5.18,8.74,92.5,98.0,92.21,7.26,200.45
3146,6.35,27.19,6.63,20.64,0.29,0.73,11.7,61.72,246.0,85.11,16.37,187.34
3147,14.68,29.6,5.62,35.38,0.46,0.2,33.18,77.1,238.0,88.64,33.49,296.63
3148,10.4,37.96,4.92,21.35,0.69,2.1,20.75,92.96,122.0,93.68,21.24,194.82
3149,5.43,43.89,3.67,11.1,1.32,4.49,16.33,80.77,369.0,79.5,16.58,123.66
3150,8.45,38.53,2.49,15.65,1.25,5.91,21.66,71.3,120.0,96.95,22.06,172.07
3151,6.9,41.84,1.31,11.21,0.45,0.7,27.66,88.2,62.0,95.31,32.9,94.9
3152,15.06,39.84,3.25,25.94,0.1,3.31,24.81,87.01,260.0,87.96,33.83,201.69
3153,3.67,39.0,0.98,6.63,0.66,1.02,26.24,83.08,28.0,99.02,36.26,68.28
3154,10.01,31.97,2.54,21.32,0.59,0.31,17.57,83.91,134.0,93.47,30.25,164.39
3155,10.94,34.85,8.1,26.93,1.38,3.93,25.3,70.24,167.0,91.11,25.28,259.54
3156,12.78,31.48,1.72,26.07,0.25,3.6,-9.89,91.65,99.0,98.03,4.71,287.18
3157,2.53,32.69,2.2,6.85,0.42,4.65,26.78,90.49,204.0,88.15,30.36,86.56
3158,12.65,34.41,3.9,25.96,1.07,3.42,15.82,98.43,268.0,87.31,21.0,231.15
3159,8.6,38.28,1.58,15.06,0.15,0.47,11.37,88.1,38.0,99.5,18.89,120.29
3160,3.82,36.54,5.36,11.63,0.93,4.45,21.75,85.7,102.0,90.67,24.24,115.21
3161,5.81,33.03,2.63,13.18,1.03,2.41,23.89,77.12,51.0,98.76,27.89,130.19
3162,9.23,34.33,8.72,24.85,0.28,2.13,40.0,81.69,265.0,83.36,44.43,244.54
3163,9.68,36.6,10.27,26.13,1.34,2.7,20.06,77.65,42.0,98.73,20.88,259.05
3164,8.64,38.0,4.4,18.04,0.12,0.27,13.5,88.04,192.0,89.44,16.85,138.86
3165,11.29,24.89,4.28,31.51,0.76,5.61,17.51,78.86,123.0,91.58,17.38,321.53
3166,10.13,27.54,6.5,28.58,1.31,3.06,23.41,80.49,75.0,95.18,26.07,260.7
3167,14.47,40.64,7.97,29.33,0.27,7.23,-5.94,84.75,101.0,99.47,2.95,345.77
3168,8.31,33.63,1.09,15.92,0.61,5.54,20.87,76.61,318.0,83.87,29.55,148.73
3169,13.71,31.46,3.22,29.37,0.29,2.1,26.92,89.72,127.0,92.3,21.84,233.37
3170,4.9,32.42,5.28,14.34,1.07,9.64,15.65,81.4,244.0,87.82,20.09,163.75
3171,5.65,32.42,1.4,11.86,0.98,7.39,15.97,91.5,180.0,89.01,19.41,146.91
3172,6.02,37.35,4.81,14.48,0.74,1.84,3.78,80.58,82.0,94.74,3.77,159.98
3173,13.68,27.35,4.54,34.55,0.6,2.87,9.88,69.39,112.0,95.39,10.32,302.93
3174,4.16,34.15,5.64,12.94,1.02,5.51,10.7,73.84,106.0,95.09,12.51,138.38
3175,7.6,35.46,4.95,17.81,0.56,1.61,22.4,95.37,359.0,82.99,27.62,160.42
3176,1.31,36.38,3.84,6.01,0.24,2.05,25.34,81.97,337.0,84.65,25.98,68.86
3178,6.49,37.1,0.83,11.32,0.87,3.41,21.57,93.67,72.0,94.36,27.3,101.19
3179,2.03,30.56,0.57,4.55,0.6,1.11,0.73,90.71,325.0,84.93,4.77,56.11
3180,10.94,28.35,1.67,24.83,0.21,3.16,31.14,83.17,202.0,88.63,33.61,192.87
3181,11.33,48.74,6.17,20.11,0.62,6.08,6.46,88.26,51.0,98.95,9.08,243.57
3182,8.7,32.19,0.31,16.54,0.85,1.72,17.84,98.52,188.0,91.86,20.97,136.15
3183,3.35,32.89,0.38,6.49,1.56,5.31,9.83,94.5,193.0,89.35,17.86,86.25
3184,10.73,38.07,3.02,19.93,0.59,1.67,16.12,83.61,274.0,86.3,19.17,173.04
3185,9.69,43.58,7.8,21.14,0.91,4.36,24.5,91.7,154.0,91.9,28.14,232.08
3186,7.48,30.73,0.88,15.48,1.09,2.52,20.53,79.21,7.0,97.75,21.02,163.6
3187,12.64,28.01,0.19,27.27,0.58,0.88,9.86,74.18,142.0,94.33,8.75,251.28
3188,6.12,26.55,4.35,18.17,1.12,5.59,24.69,83.0,158.0,93.06,25.23,187.58
3189,6.99,43.56,1.22,10.85,0.15,5.62,36.51,83.08,54.0,98.49,45.0,124.13
3190,10.0,27.77,1.72,23.33,0.36,0.22,18.62,98.4,94.0,97.07,22.17,187.53
3191,10.28,33.83,2.07,20.3,0.98,3.76,11.79,86.9,380.0,81.48,12.4,208.3
3192,8.38,28.14,7.46,25.33,0.42,4.08,26.75,89.27,13.0,100.0,31.79,241.47
3193,12.67,25.31,0.42,30.45,0.88,3.44,8.38,75.63,287.0,85.66,6.17,326.46
3194,2.44,32.25,7.91,12.45,1.33,2.14,17.44,82.31,121.0,95.98,15.24,117.42
3195,16.85,28.37,3.05,38.68,0.15,1.12,13.19,87.19,157.0,93.83,16.13,284.83
3196,16.3,29.85,2.16,34.93,0.68,3.18,34.67,80.44,273.0,86.9,42.93,342.06
3197,11.46,46.04,6.08,21.02,0.42,0.2,18.37,81.49,256.0,87.76,26.15,193.98
3198,10.31,36.55,3.89,20.82,0.27,1.28,12.18,84.26,333.0,84.27,13.23,169.9
3199,8.0,39.59,3.43,15.56,1.05,3.98,13.3,94.56,342.0,82.17,15.01,138.14
3200,4.48,38.95,3.04,9.94,0.87,6.21,-7.07,78.11,400.0,79.58,-1.21,142.84
3201,12.83,33.39,7.01,30.06,0.54,8.12,14.75,83.37,271.0,88.98,17.85,315.48
3202,5.19,31.36,6.97,16.91,0.25,0.97,20.93,88.36,141.0,92.99,25.24,144.6
3203,4.63,35.49,4.15,11.98,0.43,1.56,14.58,92.84,89.0,96.72,16.89,104.19
3204,16.12,35.01,2.7,30.31,0.58,4.77,7.76,64.85,12.0,98.6,8.5,289.23
3205,3.7,30.59,5.62,12.88,0.54,5.68,25.11,78.18,176.0,92.94,33.23,122.15
3206,5.12,34.78,1.5,10.33,0.5,9.61,17.94,88.77,195.0,90.59,21.63,114.55
3207,9.54,29.76,5.26,24.49,0.4,4.67,37.68,80.62,156.0,95.02,37.01,239.22
3208,6.74,32.97,4.87,17.13,0.45,3.73,11.24,93.64,220.0,86.97,16.79,160.83
3209,12.14,31.99,3.67,26.44,0.61,3.51,17.87,62.8,147.0,96.17,17.34,266.8
3210,6.64,26.39,5.91,21.0,0.61,1.19,15.79,78.05,129.0,94.38,18.12,196.49
3211,5.56,20.0,3.96,20.63,0.53,0.51,12.93,69.6,214.0,86.39,19.39,206.29
3212,2.58,28.37,2.02,7.48,0.17,4.62,26.08,76.52,380.0,80.19,25.93,65.93
3213,11.44,44.82,2.75,18.05,0.6,4.34,17.96,97.58,36.0,99.26,18.14,166.89
3214,14.7,32.14,3.86,31.31,0.82,0.49,19.6,89.31,183.0,87.96,30.57,258.91
3215,11.02,38.66,3.81,20.9,1.29,1.27,18.59,94.17,70.0,97.54,19.88,208.44
3216,13.76,21.25,5.47,44.33,1.11,10.15,26.61,94.75,237.0,88.81,26.39,553.15
3217,2.09,27.95,1.94,6.42,1.4,0.73,33.68,91.82,306.0,85.42,39.78,78.48
3218,9.44,25.87,5.96,27.84,0.22,0.6,10.36,90.55,164.0,92.55,12.34,257.0
3219,6.79,32.79,9.24,21.67,0.84,0.82,16.81,81.4,65.0,93.25,29.68,187.23
3220,13.73,48.53,1.96,18.93,1.48,4.0,22.4,94.81,18.0,99.5,23.39,229.1
3221,18.94,36.76,6.19,37.11,0.35,4.16,21.82,95.68,23.0,96.83,24.52,310.39
3222,3.53,44.17,1.64,6.44,0.92,7.66,26.74,93.93,41.0,97.9,32.47,84.51
3223,9.59,32.47,2.21,19.93,0.99,4.69,12.49,85.93,53.0,95.66,12.13,220.56
3224,14.52,42.19,3.64,24.3,0.79,1.8,16.49,76.55,334.0,83.07,20.18,227.44
3225,1.92,46.44,3.37,5.85,0.15,0.34,27.05,87.75,76.0,96.7,31.01,68.85
3226,4.51,33.34,0.85,8.97,0.78,2.93,12.85,88.81,77.0,93.69,11.68,86.74
3227,13.92,30.76,7.26,34.4,0.97,9.89,19.55,98.69,138.0,94.81,21.58,418.8
3228,15.62,26.09,1.49,37.4,0.7,1.76,9.3,86.39,79.0,97.64,10.86,346.16
3229,3.03,32.15,4.69,10.34,0.42,4.74,39.17,87.22,111.0,93.62,41.15,109.33
3230,11.28,34.49,0.76,20.38,1.28,1.99,19.55,76.88,94.0,94.91,20.86,160.94
3231,6.81,46.19,1.39,10.24,0.74,4.39,30.86,82.64,41.0,99.94,31.66,115.2
3232,5.42,26.23,0.81,13.21,0.56,3.54,18.41,79.32,102.0,95.13,27.64,125.53
3233,11.91,34.36,2.46,23.27,0.58,4.33,28.77,92.98,259.0,84.03,31.82,215.55
3234,3.81,23.11,1.31,11.2,0.24,1.75,21.13,89.46,236.0,88.72,27.03,108.01
3235,3.95,31.44,4.6,12.15,0.41,1.66,27.36,77.64,96.0,96.64,33.21,112.91
3236,8.25,35.87,3.92,17.72,0.66,1.09,26.3,95.44,221.0,92.39,28.06,156.28
3237,9.5,37.08,2.17,17.54,0.51,2.57,14.98,79.28,289.0,83.29,16.97,146.97
3238,14.86,37.53,2.31,26.05,0.89,4.29,15.04,89.47,89.0,95.13,22.27,240.92
3239,5.66,36.38,6.97,16.3,0.17,3.58,26.29,89.71,233.0,87.14,27.27,151.58
3240,5.06,37.48,3.04,11.13,1.06,2.34,36.67,78.97,198.0,91.4,43.7,128.13
3241,6.57,34.27,2.97,14.46,0.26,4.47,14.05,85.63,214.0,92.49,19.79,127.3
3242,6.34,27.71,3.36,17.09,1.0,4.8,11.97,94.57,299.0,86.63,7.86,186.95
3243,11.84,22.89,3.12,34.16,0.4,5.61,6.21,60.01,74.0,95.59,9.04,366.49
3244,8.97,30.72,1.63,19.15,0.18,2.07,23.7,97.31,58.0,97.94,17.67,156.4
3245,3.67,33.19,5.62,12.26,0.53,2.23,19.16,88.11,66.0,96.77,20.71,106.29
3246,9.87,41.52,6.98,21.25,0.85,7.45,18.39,81.3,94.0,97.58,15.69,231.87
3247,4.06,33.4,0.9,8.19,0.7,6.66,21.22,95.02,272.0,87.72,18.79,89.51
3248,11.35,32.82,3.75,24.5,0.7,5.39,21.91,90.83,79.0,96.14,29.95,224.89
3249,2.08,36.31,6.92,10.36,1.06,0.77,19.35,87.4,189.0,89.94,18.43,107.57
3250,13.99,32.38,11.08,37.0,0.31,2.73,23.38,89.74,47.0,97.5,21.48,290.28
3251,4.2,38.86,7.1,13.58,0.93,6.25,25.34,92.67,252.0,88.98,24.81,145.37
3252,11.42,45.88,3.91,18.85,1.34,3.41,25.2,90.33,235.0,86.86,26.26,225.58
3253,11.61,47.14,4.44,19.21,0.68,3.46,18.47,83.92,67.0,96.67,24.32,185.95
3254,4.58,34.58,6.94,14.88,0.89,3.31,19.52,74.32,44.0,99.95,16.77,133.61
3255,10.73,36.02,0.17,18.05,0.33,1.4,9.59,95.13,56.0,93.35,15.62,174.82
3256,11.42,43.47,2.55,18.31,0.63,1.16,11.73,69.2,380.0,80.13,7.73,179.76
3257,5.9,33.1,0.74,11.44,0.98,1.52,28.54,88.69,385.0,80.19,30.3,97.52
3258,13.51,38.08,5.81,27.09,1.0,1.45,10.21,91.23,208.0,91.77,12.63,258.87
3259,7.6,27.19,1.21,17.99,0.56,2.41,6.65,84.03,454.0,78.8,9.7,170.74
3260,3.15,32.13,6.92,12.8,0.39,5.84,24.47,94.92,319.0,82.36,27.52,126.26
3261,5.44,40.94,1.79,9.77,1.27,0.9,23.83,82.74,349.0,81.07,26.4,91.37
3262,6.78,29.69,6.88,20.58,1.42,0.95,19.7,81.61,306.0,84.76,16.08,203.17
3263,4.52,33.23,6.26,14.42,0.65,2.86,25.83,79.42,230.0,86.97,28.61,130.63
3264,3.3,24.55,4.4,12.47,0.72,3.41,0.85,89.86,126.0,96.79,9.27,178.74
3265,6.01,46.03,9.12,16.95,0.34,1.54,22.15,79.4,109.0,93.89,23.35,169.68
3266,10.5,41.58,0.73,15.88,0.56,2.67,15.03,79.86,285.0,87.51,15.71,139.07
3267,10.45,35.13,7.72,25.56,0.53,4.32,14.64,86.78,41.0,96.51,18.18,202.19
3268,5.15,37.01,2.21,10.56,0.64,2.45,27.17,81.44,155.0,91.08,27.45,95.34
3269,3.93,36.38,3.65,10.13,0.12,3.8,28.6,73.52,265.0,88.15,36.6,87.21
3270,6.03,42.31,3.59,12.14,0.83,5.1,11.12,89.13,16.0,100.0,7.98,130.64
3271,8.64,30.89,3.94,20.71,0.62,5.15,26.39,70.41,250.0,84.22,34.24,191.26
3272,3.58,38.39,2.62,8.22,0.49,1.22,31.06,94.92,23.0,100.0,28.57,78.24
3273,7.03,40.46,2.9,13.32,0.09,2.92,17.78,96.86,60.0,96.11,19.62,112.92
3274,8.04,41.29,1.41,13.09,0.19,1.16,18.96,95.63,79.0,98.59,18.22,129.6
3275,8.93,20.44,0.71,26.92,1.5,4.45,21.83,84.0,217.0,85.61,22.24,301.14
3276,8.06,30.4,5.18,21.09,0.17,7.78,9.48,70.69,43.0,96.73,12.46,234.89
3277,15.05,27.88,7.79,40.16,1.09,2.83,7.44,74.77,81.0,94.05,15.06,410.27
3278,13.36,34.9,3.46,26.42,1.22,4.92,40.0,93.18,141.0,92.79,45.0,303.4
3279,17.94,21.9,3.35,52.5,0.78,3.23,16.4,92.51,65.0,97.04,21.2,501.05
3280,4.04,21.73,4.77,15.93,1.11,3.07,0.81,84.21,52.0,97.89,2.37,198.65
3281,3.47,47.02,5.84,10.27,0.85,0.65,22.0,77.3,187.0,92.59,25.85,104.65
3282,8.5,37.71,5.47,18.99,0.38,7.1,24.55,84.78,120.0,94.33,31.84,177.77
3283,4.4,34.73,2.9,10.5,0.33,4.4,-0.92,83.41,47.0,96.6,6.66,121.9
3284,9.49,36.18,7.57,23.31,0.86,2.99,13.47,84.05,36.0,100.0,18.93,209.3
3285,6.25,34.88,6.16,16.91,0.43,3.81,26.23,82.52,101.0,96.13,29.77,151.03
3286,2.9,39.98,2.86,7.21,0.59,2.63,24.34,92.69,170.0,92.62,19.75,76.89
3287,10.84,30.21,3.36,24.9,1.18,1.98,15.52,94.26,32.0,97.94,23.44,227.16
3288,15.28,35.12,5.1,31.21,0.37,6.4,8.37,87.63,416.0,80.23,12.08,294.72
3289,7.21,35.36,2.78,15.01,0.91,2.03,29.38,88.7,291.0,85.41,22.72,139.84
3290,8.05,27.72,4.39,21.81,1.22,4.07,6.29,75.5,134.0,92.11,5.41,227.93
3291,9.37,41.66,3.12,16.61,0.61,1.0,38.29,81.57,132.0,93.46,44.59,161.13
3292,9.63,31.33,8.41,26.86,0.7,3.41,24.09,85.13,117.0,92.63,25.83,212.44
3293,13.95,40.1,2.59,23.47,1.08,9.99,9.57,78.38,209.0,89.74,11.66,297.3
3294,8.88,34.69,4.1,19.45,0.06,1.22,15.22,95.35,78.0,98.06,22.74,160.67
3295,17.8,43.8,4.51,28.9,0.49,2.22,13.1,81.12,312.0,83.39,10.98,261.63
3296,11.51,27.75,2.82,27.71,0.25,3.78,19.31,94.62,110.0,93.34,20.92,229.41
3297,3.72,27.49,2.33,10.46,0.36,2.74,17.28,95.59,239.0,90.89,11.75,103.18
3298,6.46,28.57,5.2,18.77,1.19,1.07,26.02,83.95,167.0,91.25,29.19,180.6
3299,5.29,34.8,6.26,15.38,0.73,4.64,17.9,84.75,16.0,98.09,15.76,149.17
3300,18.15,43.25,1.15,26.33,0.68,14.0,16.75,89.42,113.0,93.07,18.16,383.35
3301,6.94,43.56,2.9,12.46,1.47,1.23,15.18,74.19,115.0,90.74,13.71,139.37
3302,13.71,20.14,7.53,48.36,0.93,6.32,26.55,84.64,248.0,91.63,37.63,550.18
3303,4.32,35.5,4.55,11.85,0.47,5.3,29.84,94.75,130.0,94.28,32.21,111.66
3304,8.53,20.0,2.35,27.94,1.03,0.54,6.72,83.74,314.0,82.9,13.16,311.7
3305,6.45,38.77,1.05,11.03,0.54,3.94,27.53,86.75,41.0,99.48,32.29,106.73
3306,14.76,40.71,2.96,24.72,1.13,6.76,31.65,83.57,104.0,95.09,40.02,283.68
3307,4.14,33.76,5.19,12.55,0.86,0.88,12.29,92.28,352.0,82.22,14.02,122.09
3308,4.26,34.5,0.72,8.12,1.4,1.69,16.21,90.66,127.0,94.4,16.97,87.19
3309,4.47,34.44,1.53,9.32,0.07,4.07,15.73,94.21,125.0,95.6,20.44,76.24
3310,5.74,29.29,2.96,14.71,0.17,3.02,23.25,90.35,149.0,91.94,27.02,113.2
3311,6.67,36.59,1.55,12.49,0.31,6.03,12.23,84.84,138.0,96.7,14.09,119.6
3312,10.04,32.61,4.53,22.99,0.86,1.29,29.49,92.5,232.0,86.88,33.03,206.01
3313,10.85,39.58,1.15,17.59,0.02,2.69,-5.43,88.52,72.0,96.99,-3.02,191.11
3314,5.16,33.32,2.07,11.37,0.26,5.73,17.03,78.79,416.0,80.14,19.61,105.14
3315,7.62,28.83,0.73,16.58,0.04,2.6,15.61,92.26,124.0,93.41,22.72,136.05
3316,15.25,24.78,7.25,44.18,0.6,3.32,12.12,82.55,261.0,89.85,16.0,433.41
3317,13.89,22.82,3.05,39.58,0.06,0.6,22.79,65.82,374.0,83.87,21.64,303.17
3318,2.79,41.88,8.04,12.04,1.06,0.86,18.57,82.32,74.0,98.95,23.73,131.3
3319,3.28,31.25,4.17,10.48,0.01,4.47,20.39,74.03,67.0,96.62,17.15,96.82
3320,4.82,36.03,2.9,10.93,0.33,5.38,22.15,88.74,35.0,98.77,24.71,114.54
3321,9.19,44.7,4.7,17.04,0.52,4.6,36.43,70.46,132.0,96.2,45.0,178.89
3322,6.92,30.62,1.23,14.8,0.69,5.59,40.0,76.51,257.0,85.75,45.0,172.01
3323,4.61,30.24,1.85,10.99,1.34,3.2,8.9,76.57,312.0,85.98,7.75,126.2
3324,3.52,33.21,7.11,13.48,1.32,7.44,6.6,69.64,296.0,88.14,7.8,164.78
3325,10.47,34.18,6.05,24.43,0.94,1.68,14.8,93.65,123.0,91.91,13.87,223.58
3326,10.09,45.33,2.35,15.7,0.78,0.33,9.48,72.61,194.0,86.5,16.73,137.01
3327,10.5,43.39,1.69,16.22,0.76,2.23,22.2,98.63,171.0,90.0,24.52,159.39
3328,6.49,37.73,8.22,18.54,0.5,7.41,16.81,87.49,228.0,87.22,22.55,180.49
3329,14.31,42.7,1.63,21.74,0.28,3.7,25.17,93.31,148.0,91.95,28.25,198.86
3330,7.15,32.93,4.99,18.02,1.06,2.07,17.04,87.37,227.0,89.48,19.16,183.05
3331,11.42,35.79,4.99,24.13,0.6,3.41,24.05,93.45,236.0,87.62,18.22,217.33
3332,5.62,32.19,1.27,11.74,0.5,4.17,25.92,86.16,121.0,94.58,29.55,113.49
3333,9.48,26.26,3.1,24.76,0.29,2.35,10.1,91.45,231.0,85.79,14.63,206.26
3334,14.46,41.22,4.0,25.05,0.44,4.48,-0.34,89.6,34.0,100.0,-0.53,287.25
3335,9.87,37.19,4.97,20.89,1.39,8.0,16.74,67.26,49.0,98.3,19.22,240.71
3336,10.2,34.11,0.77,18.71,0.23,7.58,13.34,84.5,75.0,96.76,16.39,175.68
3337,5.39,33.99,2.09,11.6,0.84,5.83,21.25,81.45,96.0,94.66,23.92,132.12
3338,13.64,24.96,5.29,38.07,0.63,9.01,22.28,88.93,204.0,86.85,24.95,419.1
3339,9.66,28.14,6.58,27.18,1.26,1.06,12.23,90.43,73.0,95.42,12.1,270.37
3340,5.61,36.02,5.23,14.57,1.06,4.04,24.39,67.44,291.0,83.57,24.37,143.68
3341,7.63,30.83,0.25,15.11,0.7,1.76,24.26,90.08,140.0,90.02,28.84,140.41
3342,11.61,32.69,5.88,27.18,0.66,2.6,6.88,87.83,110.0,93.68,7.72,263.05
3343,13.06,33.37,2.51,25.99,0.49,9.08,6.88,90.85,190.0,89.98,10.95,266.85
3344,13.54,29.91,0.53,27.7,0.33,5.96,23.52,92.15,53.0,95.98,25.16,232.89
3345,4.12,28.19,4.88,13.63,0.2,1.16,9.87,84.9,87.0,96.18,7.04,140.24
3346,7.96,24.33,7.04,26.66,0.31,8.78,32.41,92.41,218.0,90.11,36.06,296.15
3347,7.04,33.12,7.3,20.06,1.1,5.3,15.05,81.41,334.0,84.17,20.76,199.16
3348,5.54,37.71,4.58,13.4,0.72,6.5,26.42,83.59,31.0,98.65,32.67,150.71
3349,10.67,24.14,4.11,30.62,0.48,2.86,11.2,92.04,355.0,80.78,12.56,282.95
3350,15.29,33.86,3.04,30.13,0.2,4.22,11.97,72.76,172.0,88.77,15.86,245.36
3351,6.92,35.69,7.44,19.07,1.01,1.05,2.89,93.45,153.0,91.55,3.62,208.42
3352,5.35,28.06,6.45,17.89,0.19,2.48,13.68,89.98,277.0,88.22,22.49,150.98
3353,11.28,42.53,4.07,19.98,1.06,7.28,10.03,98.08,41.0,97.03,12.23,243.77
3354,7.83,31.69,0.1,14.92,0.16,2.05,3.07,90.8,137.0,93.22,0.14,138.72
3355,2.65,33.39,7.03,11.79,0.09,1.82,17.08,89.99,174.0,90.03,22.96,105.55
3356,3.18,33.03,0.57,6.35,0.37,4.33,31.58,83.5,108.0,94.2,33.02,62.58
3357,7.52,23.38,2.68,21.98,0.45,3.34,10.61,90.15,157.0,92.26,21.28,216.71
3358,5.78,40.05,3.47,12.13,0.95,2.31,15.56,90.45,145.0,92.18,19.18,123.27
3359,5.28,28.27,0.38,11.59,0.82,2.11,34.19,92.73,140.0,89.97,36.17,132.25
3360,7.19,32.58,2.82,16.06,0.28,2.74,21.86,89.42,97.0,92.25,22.58,120.88
3361,5.63,37.59,1.37,10.35,0.33,0.33,13.48,88.55,434.0,79.82,11.92,91.08
3362,5.72,42.77,3.43,11.45,0.9,1.47,5.61,75.88,296.0,83.01,8.66,122.33
3363,3.29,27.52,5.67,12.83,1.03,5.43,12.91,84.59,177.0,90.85,9.31,144.55
3364,9.43,31.32,5.52,23.59,0.45,4.11,9.23,83.96,121.0,93.34,14.46,221.27
3365,15.43,42.29,1.91,23.8,0.56,3.2,10.61,88.63,60.0,95.84,10.35,218.49
3366,1.51,36.78,6.55,9.02,1.14,1.3,14.09,95.36,211.0,90.02,14.24,101.43
3367,7.19,38.03,6.87,18.21,0.1,3.59,12.19,78.5,234.0,90.05,18.19,157.15
3368,8.14,27.69,4.93,22.57,0.2,3.96,0.97,77.83,118.0,95.33,0.68,239.87
3369,10.13,31.72,4.01,23.17,0.61,2.11,16.8,96.31,273.0,88.23,18.73,192.62
3370,3.91,32.99,2.36,9.48,1.09,0.63,12.43,88.6,194.0,91.73,17.9,92.22
3371,7.93,28.85,1.29,17.78,0.65,3.83,12.16,90.05,114.0,94.09,20.2,159.78
3372,9.39,23.95,7.21,30.72,0.37,1.83,17.96,84.64,230.0,90.82,18.85,270.46
3373,12.7,30.94,2.68,27.32,1.05,3.06,12.32,83.07,217.0,91.74,14.65,229.17
3374,8.08,42.13,9.77,21.28,0.95,2.28,20.35,75.84,176.0,89.07,19.63,205.0
3375,11.23,34.36,1.85,21.47,1.16,0.83,17.07,89.78,212.0,92.41,14.99,196.96
3376,10.64,42.25,9.33,24.44,0.59,0.66,16.21,91.47,249.0,88.71,19.2,207.31
3377,12.73,35.07,5.38,27.15,0.84,4.81,14.74,93.25,232.0,91.21,20.91,253.39
3378,7.99,29.41,2.94,19.23,0.18,3.25,8.75,87.77,180.0,94.12,8.93,178.35
3379,2.43,41.67,4.63,8.13,0.11,6.6,22.89,82.91,236.0,88.94,31.03,89.29
3380,13.46,35.27,3.95,26.85,0.11,6.26,26.7,73.48,57.0,97.61,27.74,230.36
3381,3.19,39.77,3.0,7.82,0.13,1.2,11.65,83.05,242.0,88.5,11.84,78.56
3382,7.16,27.59,1.33,16.91,0.68,1.68,21.64,76.71,54.0,96.89,30.1,143.76
3383,11.62,40.23,0.4,17.72,0.85,2.76,10.88,81.23,99.0,93.58,15.37,159.97
3384,6.88,40.41,6.24,16.46,0.84,0.51,4.85,86.36,45.0,99.2,12.19,158.52
3385,15.29,35.74,6.15,31.83,0.4,1.83,8.75,75.38,194.0,92.59,16.05,281.02
3386,6.37,29.16,2.82,15.93,0.95,8.35,6.17,81.64,300.0,87.11,13.07,189.4
3387,8.91,33.72,2.76,18.61,0.68,5.94,31.46,79.81,170.0,89.57,34.2,176.61
3388,7.94,37.67,6.98,19.63,0.41,3.41,13.37,85.39,102.0,92.18,21.77,188.4
3389,8.94,35.41,6.18,21.33,1.58,8.8,16.93,85.76,183.0,90.95,24.83,256.01
3390,4.43,37.61,0.99,8.06,0.55,0.18,25.64,88.32,78.0,94.53,23.77,80.43
3391,11.25,40.07,6.55,23.39,0.4,5.27,7.6,72.97,74.0,95.87,13.78,249.7
3392,7.9,30.11,5.49,21.23,0.81,5.28,9.97,94.23,227.0,88.75,15.87,202.56
3393,12.04,27.07,4.15,30.84,0.86,3.52,10.29,78.66,246.0,87.88,6.45,322.54
3394,5.35,33.77,1.04,10.54,0.36,0.87,8.01,84.61,248.0,86.62,11.57,104.02
3395,12.72,32.02,0.66,24.48,0.62,11.45,20.64,80.56,59.0,98.58,23.63,279.85
3396,2.65,38.72,4.73,8.84,0.19,6.17,33.01,80.01,334.0,86.08,32.41,106.09
3397,12.72,27.55,3.78,31.49,0.42,8.37,27.68,97.7,188.0,93.43,32.73,310.61
3398,7.21,40.12,1.64,12.42,0.66,4.84,1.17,80.72,194.0,90.32,3.34,153.47
3399,8.23,42.12,9.27,21.0,0.21,1.47,22.95,96.29,221.0,90.65,25.94,173.6
3400,5.94,34.0,7.22,17.69,0.59,1.17,30.98,87.26,292.0,86.71,37.28,152.54
3401,8.68,34.36,1.07,16.22,0.18,6.66,9.13,85.79,143.0,93.02,8.65,169.75
3402,4.38,29.39,0.81,9.75,0.83,1.62,4.15,80.32,65.0,95.71,9.42,95.34
3403,9.15,30.74,3.87,21.73,0.5,3.39,27.54,84.36,297.0,87.3,34.01,184.02
3404,6.85,31.55,5.42,18.45,1.1,2.12,17.29,86.66,266.0,86.75,23.6,163.51
3405,9.76,42.66,6.32,20.05,0.48,4.82,21.05,79.08,85.0,94.61,24.38,174.45
3406,6.02,33.57,5.21,15.96,0.91,2.95,18.11,77.69,281.0,87.87,19.35,155.3
3407,11.57,26.07,4.4,31.04,0.22,11.36,24.58,90.71,264.0,86.01,32.55,339.91
3408,16.02,35.53,7.74,34.78,0.1,12.14,21.41,94.53,48.0,96.38,27.08,379.61
3409,8.95,38.96,9.65,23.43,1.15,4.24,17.73,75.12,243.0,87.42,19.04,237.84
3410,9.89,33.85,4.93,22.47,0.82,1.29,22.6,85.38,74.0,97.8,26.21,185.11
3411,5.25,42.82,6.24,13.59,0.17,1.51,25.11,81.93,47.0,97.34,33.38,130.13
3412,7.84,38.67,0.61,12.78,0.15,1.7,20.29,84.57,208.0,90.8,22.96,109.45
3413,6.8,27.71,9.63,24.36,0.64,1.22,11.84,64.8,54.0,94.16,10.47,210.07
3414,11.82,30.69,5.97,29.07,1.25,3.6,19.04,76.31,114.0,92.93,23.29,274.59
3415,8.78,35.36,1.23,16.13,0.55,1.05,21.85,73.79,321.0,83.9,22.77,132.68
3416,3.13,24.0,3.98,11.79,0.18,2.79,19.74,80.93,8.0,99.92,19.08,111.61
3417,5.99,36.02,3.47,13.45,0.88,3.34,24.61,91.96,66.0,95.95,19.34,116.54
3418,17.51,23.43,7.35,52.19,0.34,2.71,24.38,81.34,134.0,93.98,27.43,423.89
3419,11.31,40.14,6.49,23.4,1.18,12.97,19.82,91.93,334.0,86.09,24.58,344.07
3420,2.33,39.44,0.54,4.08,0.11,3.38,14.77,88.5,101.0,93.63,12.87,41.07
3421,11.98,37.03,6.51,25.92,0.86,2.88,21.83,83.22,148.0,94.92,26.49,233.46
3422,5.97,29.94,5.23,17.2,0.22,6.5,-0.71,90.09,174.0,90.72,6.97,194.85
3423,11.71,35.02,3.28,23.34,0.29,3.8,32.97,80.67,103.0,97.52,37.22,195.72
3424,12.09,30.92,6.72,30.18,1.34,6.98,38.78,78.98,214.0,90.64,42.02,364.41
3425,6.76,27.82,5.31,19.9,0.6,2.3,20.02,77.61,139.0,91.87,24.73,164.68
3426,12.85,31.97,2.79,26.92,0.06,4.83,17.64,98.69,16.0,100.0,15.75,212.78
3427,8.58,38.19,4.64,18.12,0.77,3.91,20.56,79.73,109.0,92.09,28.6,184.82
3428,6.98,34.26,6.71,18.94,0.66,2.33,26.98,75.15,221.0,87.0,29.55,169.32
3429,9.72,42.7,2.28,15.94,1.0,1.69,31.3,95.9,66.0,95.74,33.92,168.1
3430,8.43,38.59,2.16,15.26,0.29,4.36,27.17,91.38,123.0,94.1,27.47,131.04
3431,13.14,37.95,3.24,24.01,0.84,10.45,33.68,96.51,63.0,94.81,32.54,283.02
3432,6.59,24.35,2.44,18.67,1.3,9.52,25.83,80.88,177.0,87.45,25.6,255.2
3433,4.75,32.29,4.71,13.53,1.39,6.57,36.02,91.26,322.0,83.15,39.07,167.98
3434,13.48,27.62,4.37,33.65,1.39,5.9,25.49,92.17,463.0,76.11,31.11,350.66
3435,11.22,32.9,2.21,22.66,0.71,3.34,16.2,88.26,277.0,83.36,22.45,203.69
3436,8.56,29.84,0.9,18.11,0.67,1.42,0.74,82.32,48.0,96.8,2.61,195.54
3437,6.21,31.73,4.08,15.82,0.64,0.68,17.05,80.28,278.0,87.28,22.96,122.36
3438,9.95,40.37,4.26,19.04,0.57,4.41,19.7,95.46,186.0,89.01,27.12,180.88
3439,7.91,36.85,7.37,20.24,1.01,10.02,24.09,91.58,254.0,87.35,32.86,247.18
3440,11.13,40.04,0.52,17.19,0.89,3.69,15.27,89.39,140.0,92.41,13.51,166.89
3441,3.96,24.4,3.19,12.93,0.26,6.8,17.85,96.1,115.0,93.22,22.38,132.17
3442,10.88,34.35,0.39,19.39,0.45,4.05,-1.34,89.75,181.0,86.52,-2.64,207.39
3443,10.63,39.8,0.44,16.47,0.83,3.41,31.53,80.88,50.0,99.46,32.29,150.26
3444,8.44,43.04,5.06,16.83,0.52,1.91,31.2,87.63,147.0,93.36,32.31,156.53
3445,6.86,24.71,4.27,20.92,0.31,3.41,26.08,94.57,261.0,85.29,32.19,189.32
3446,6.0,31.89,2.13,13.41,0.18,3.21,22.77,87.58,169.0,94.11,28.09,115.13
3447,4.94,40.21,2.62,9.99,1.5,2.48,21.56,85.13,41.0,99.01,30.51,102.29
3448,11.84,32.85,3.09,24.72,0.5,6.08,18.66,87.62,47.0,96.1,18.76,222.72
3449,11.23,28.54,0.65,24.27,0.61,6.58,33.22,96.25,43.0,99.96,31.77,232.71
3450,9.71,24.7,2.17,25.77,0.28,4.74,12.98,89.68,303.0,83.88,13.49,242.04
3451,14.24,28.31,2.13,32.3,1.3,10.61,1.5,85.28,265.0,84.9,-1.59,479.98
3452,8.66,23.87,6.7,28.47,0.77,7.21,21.64,83.48,270.0,86.46,29.16,307.84
3453,8.48,34.35,4.84,19.66,0.06,3.57,28.19,86.92,235.0,88.15,28.9,166.06
3454,7.67,39.38,5.18,16.87,0.11,2.44,18.76,97.56,153.0,92.56,15.63,140.83
3455,9.89,26.43,2.36,24.8,1.05,4.54,30.48,94.75,76.0,95.52,31.22,223.61
3456,13.05,35.55,2.94,24.96,0.5,8.6,35.29,87.53,212.0,90.53,38.49,272.13
3457,6.51,39.07,2.52,12.52,0.75,1.31,21.32,89.57,137.0,90.73,28.63,109.29
3458,9.29,33.98,0.57,16.97,1.27,7.78,38.24,93.73,84.0,95.04,36.1,193.94
3459,6.18,24.34,2.11,17.35,1.05,1.68,-3.07,95.86,79.0,96.26,-0.81,214.82
3460,7.56,36.32,7.34,19.84,0.8,2.45,9.24,90.26,18.0,98.1,10.61,198.58
3461,3.75,33.67,4.01,10.68,0.91,6.38,28.03,97.54,197.0,91.27,26.24,125.16
3462,3.39,33.06,2.08,8.24,1.03,6.57,25.28,88.63,269.0,88.04,31.1,90.87
3463,8.53,30.72,5.14,21.8,0.31,3.05,12.51,75.2,17.0,99.77,12.78,189.97
3464,8.67,34.52,8.54,23.62,0.6,3.99,17.08,92.29,24.0,97.04,17.59,205.03
3465,6.71,37.07,6.47,17.33,0.94,10.03,40.0,68.91,43.0,95.41,45.0,225.89
3466,10.43,48.34,2.21,15.15,0.48,9.77,31.44,76.87,197.0,89.95,37.2,193.51
3467,7.3,34.67,2.88,15.51,0.11,3.45,-4.21,71.13,92.0,95.21,2.02,169.74
3468,7.71,43.07,4.97,15.72,0.86,3.04,14.67,80.41,370.0,84.47,19.92,155.44
3469,4.59,36.15,6.5,14.12,1.17,2.24,17.54,76.68,114.0,93.67,22.08,144.12
3470,9.6,33.4,2.45,19.7,0.86,0.99,27.63,62.18,324.0,84.09,27.4,172.54
3471,13.03,34.89,3.42,25.83,0.73,3.35,23.41,92.77,155.0,91.99,18.58,221.85
3472,8.96,26.67,6.12,26.29,0.39,3.42,29.74,81.65,28.0,96.83,32.26,214.89
3473,5.49,35.84,6.0,15.19,1.29,2.51,21.65,98.36,120.0,93.81,25.24,148.68
3474,7.65,22.05,5.3,26.12,0.55,2.89,20.78,69.12,74.0,98.54,14.28,254.45
3475,5.92,28.82,3.22,15.54,0.23,1.01,24.72,85.16,183.0,89.42,23.3,120.86
3476,8.7,34.66,3.01,18.06,0.61,3.56,12.76,76.79,271.0,87.37,14.62,164.86
3477,5.45,41.16,3.51,11.45,0.48,1.71,22.7,74.07,165.0,93.85,23.4,104.2
3478,7.31,42.58,3.05,13.36,0.65,5.07,35.02,92.77,108.0,93.83,38.39,156.36
3479,11.84,32.58,4.86,26.66,0.15,2.93,-0.94,72.6,177.0,90.99,5.09,273.49
3480,6.68,34.93,0.52,11.99,0.81,5.46,22.52,87.42,350.0,82.1,22.53,110.36
3481,5.91,39.91,6.41,15.29,0.67,14.0,-4.37,79.32,175.0,95.5,-0.09,273.21
3482,8.84,26.02,5.12,25.51,1.19,1.08,25.86,84.32,115.0,94.63,28.26,239.62
3483,13.84,36.43,2.46,25.25,0.52,1.24,19.98,66.93,219.0,88.79,21.47,209.91
3484,14.13,29.03,10.17,39.38,0.73,6.8,27.38,84.48,74.0,96.44,34.77,391.75
3485,5.4,32.97,1.81,11.63,0.92,4.19,10.17,84.67,427.0,80.4,15.05,96.9
3486,11.23,31.25,4.14,25.71,0.49,5.13,13.58,93.3,259.0,86.81,14.9,226.81
3487,5.26,36.57,5.15,13.78,1.21,0.48,28.64,84.57,187.0,90.65,33.84,132.5
3488,13.4,37.3,3.69,25.26,0.52,1.69,30.53,91.29,251.0,85.57,36.41,209.25
3489,16.28,39.35,5.21,30.04,0.54,5.69,7.66,93.2,121.0,89.88,11.88,289.76
3490,11.88,36.09,4.11,23.86,0.23,5.34,13.72,95.17,257.0,84.79,22.38,193.2
3491,10.74,35.03,4.85,23.24,0.11,0.62,8.11,84.7,95.0,97.05,10.52,200.83
3492,7.04,45.12,2.81,12.17,0.91,4.3,27.31,93.49,207.0,89.05,29.64,126.05
3493,8.85,24.85,5.82,27.17,0.16,1.85,22.21,88.39,186.0,89.66,25.26,227.98
3494,15.26,44.17,4.36,25.09,0.34,2.17,24.74,86.77,96.0,96.18,27.47,204.43
3495,7.57,32.26,3.76,17.84,0.13,2.62,18.55,72.26,378.0,82.32,17.11,131.28
3496,2.8,37.43,4.64,9.12,0.99,1.03,-3.4,96.86,243.0,89.78,-5.0,129.76
3497,9.11,32.05,1.6,18.66,0.93,2.68,10.62,94.79,138.0,93.18,15.46,190.25
3498,9.49,29.78,2.75,21.85,0.71,6.68,16.32,90.16,247.0,88.82,19.37,244.62
3499,3.07,36.91,2.06,7.05,0.45,2.16,5.49,82.99,227.0,87.33,5.75,77.22
3500,1.61,40.25,1.39,3.79,1.46,3.19,-3.16,85.67,56.0,99.19,-5.0,58.19
3501,6.57,36.84,8.28,18.98,0.61,4.64,28.0,92.23,71.0,97.84,25.1,161.72
3502,4.02,30.75,3.94,11.8,0.58,4.34,9.98,91.97,125.0,94.6,20.4,127.76
3503,4.58,50.0,8.26,13.75,0.16,3.41,23.47,91.76,326.0,84.69,36.58,148.81
3504,6.45,41.19,1.75,11.14,0.48,2.95,31.93,77.22,61.0,100.0,33.82,116.39
3505,7.63,39.6,4.27,15.82,1.06,3.81,12.68,91.21,205.0,92.8,13.98,174.95
3506,11.26,31.88,2.42,23.61,0.24,2.61,17.46,95.73,184.0,92.33,22.73,175.67
3507,11.48,30.25,1.59,24.36,1.0,3.25,24.85,92.78,247.0,91.13,27.83,219.13
3508,6.5,32.32,3.04,15.11,0.04,13.29,15.07,86.97,97.0,94.35,15.66,203.21
3509,10.58,40.49,4.16,19.84,0.46,6.46,20.03,85.08,263.0,84.79,20.79,183.24
3510,6.22,28.06,10.15,23.44,0.8,9.34,26.26,78.45,89.0,96.12,29.6,260.51
3511,13.34,27.59,4.49,33.5,0.6,4.0,0.39,79.96,174.0,90.86,4.01,361.21
3512,11.45,37.24,7.85,26.3,0.49,4.47,35.68,92.59,269.0,85.94,38.95,233.78
3513,3.79,35.92,6.35,12.68,0.23,1.99,21.91,92.64,318.0,82.78,22.07,95.39
3514,8.3,29.38,0.5,17.45,1.2,7.54,20.82,66.53,182.0,92.4,21.08,176.94
3515,3.91,27.45,5.91,14.45,0.58,0.54,19.95,80.85,231.0,87.67,17.64,149.58
3516,9.92,42.63,6.3,20.26,0.63,12.08,35.57,74.67,75.0,97.56,45.0,300.64
3517,18.09,36.14,9.07,39.11,1.51,4.64,5.57,85.19,191.0,92.2,13.74,421.41
3518,5.62,25.82,8.33,21.38,1.1,2.11,23.97,87.53,101.0,95.52,31.34,197.13
3519,9.07,26.24,3.45,24.2,0.55,5.67,31.01,91.99,233.0,88.82,34.53,241.23
3520,8.53,31.83,2.6,18.68,0.5,1.5,30.71,93.97,89.0,96.04,31.29,165.22
3521,5.99,38.4,3.97,13.34,0.47,3.4,27.13,91.98,481.0,76.93,26.72,127.48
3522,10.92,37.57,5.95,23.39,0.98,2.09,14.38,83.65,43.0,99.54,24.07,179.41
3523,18.25,40.79,2.02,28.85,0.51,2.51,25.11,97.26,156.0,91.33,27.7,259.37
3524,7.0,25.06,7.22,23.97,1.07,3.46,27.14,78.43,112.0,95.09,34.0,243.51
3525,6.83,35.34,8.43,20.03,1.25,7.65,20.56,66.3,189.0,89.26,22.51,211.61
3526,14.32,42.56,1.01,21.2,0.77,3.33,12.55,91.31,114.0,92.2,16.27,180.5
3527,7.38,42.0,2.35,12.89,1.37,1.14,17.42,96.14,354.0,79.38,20.32,130.48
3528,10.07,36.15,0.6,17.31,0.6,1.96,18.33,94.44,58.0,93.74,24.12,156.34
3529,3.58,48.09,2.08,6.54,0.08,1.84,10.63,71.8,417.0,77.87,8.07,84.46
3530,7.19,37.66,5.03,16.48,1.37,12.37,25.72,84.49,77.0,91.7,28.67,248.9
3531,3.2,40.26,2.59,7.36,0.61,1.83,20.27,87.41,333.0,84.49,22.57,76.37
3532,5.85,34.27,4.23,14.48,1.27,4.09,35.52,76.9,322.0,82.4,41.37,167.28
3533,5.98,29.31,0.3,12.53,0.61,3.28,9.7,91.12,218.0,89.75,14.94,124.1
3534,9.54,28.75,1.81,21.72,0.92,2.49,19.79,82.1,79.0,97.16,25.06,187.56
3535,11.73,35.09,0.87,20.93,0.17,1.6,31.53,96.18,79.0,96.8,37.43,157.71
3536,9.99,32.73,0.89,19.2,0.75,1.27,12.04,76.4,91.0,93.92,17.43,160.41
3537,2.54,23.39,4.61,11.14,1.06,5.18,4.89,91.59,261.0,86.84,5.92,147.02
3538,4.97,27.85,3.96,14.68,1.2,7.1,23.61,79.63,254.0,90.19,31.65,153.07
3539,7.08,32.09,5.9,19.14,0.28,1.18,0.17,66.99,159.0,92.02,8.52,176.67
3540,8.59,38.36,5.59,19.03,0.55,3.56,24.48,95.53,206.0,88.86,27.73,165.22
3541,2.26,33.9,6.18,10.19,0.92,3.06,-1.77,92.52,215.0,88.37,0.66,140.73
3542,13.78,33.57,1.78,26.41,0.56,1.03,20.96,77.57,174.0,91.63,26.97,198.94
3543,6.21,28.08,6.03,19.31,0.97,1.99,30.32,77.55,351.0,84.02,29.12,179.01
3544,5.2,34.14,2.48,11.62,0.41,6.02,17.87,91.68,303.0,84.14,18.56,107.95
3545,9.05,41.91,6.85,19.8,0.61,10.3,20.4,85.48,96.0,95.07,20.51,235.31
3546,3.03,34.93,6.55,11.75,0.21,10.98,15.58,80.17,100.0,98.26,14.26,135.15
3547,3.78,24.96,2.48,11.57,0.67,2.89,33.5,81.85,94.0,95.19,38.17,116.21
3548,8.41,26.49,5.42,24.48,1.12,4.25,12.51,87.01,220.0,86.76,20.07,271.04
3549,8.3,37.53,5.34,18.61,1.23,3.04,34.78,71.61,16.0,99.6,34.35,198.92
3550,12.91,32.65,0.95,24.68,0.79,6.73,23.25,87.51,231.0,87.03,24.04,228.55
3551,2.92,33.55,1.47,6.69,0.09,5.55,23.91,88.73,115.0,95.3,27.19,63.76
3552,14.22,30.32,1.38,29.52,0.52,5.78,29.9,92.76,101.0,97.24,33.18,268.16
3553,7.91,37.02,4.74,17.57,1.2,1.72,11.44,86.4,101.0,90.03,16.98,159.54
3554,6.08,32.19,1.79,13.11,0.35,2.79,23.04,83.02,258.0,86.14,26.06,102.21
3555,7.72,32.88,0.69,14.79,0.6,6.13,9.25,85.66,88.0,94.49,8.92,151.4
3556,15.25,28.89,4.02,35.68,0.21,10.46,36.53,78.32,79.0,95.42,45.0,437.11
3557,7.27,39.53,5.29,16.33,1.06,7.97,20.07,80.25,160.0,94.21,21.47,185.61
3558,10.21,32.67,1.52,20.27,0.46,1.38,25.45,70.69,180.0,91.4,26.97,163.39
3559,3.94,37.65,5.27,11.55,0.37,0.8,40.0,89.71,193.0,88.94,43.79,115.89
3560,6.5,26.84,4.24,18.76,0.06,6.54,30.36,92.21,44.0,94.73,32.83,187.97
3561,12.15,44.4,5.63,22.05,0.36,1.76,18.84,92.64,162.0,91.56,22.97,192.96
3562,5.68,41.66,7.7,15.88,0.81,12.84,40.0,92.41,26.0,100.0,42.26,221.44
3563,11.47,22.54,0.69,31.22,0.34,6.38,8.75,92.15,132.0,91.35,12.15,334.39
3564,7.4,29.19,3.79,19.0,1.46,5.09,14.77,85.2,120.0,94.13,24.28,204.28
3565,15.76,36.87,2.42,28.07,1.02,2.7,21.62,85.38,225.0,89.59,19.56,234.47
3566,14.87,26.08,0.09,34.29,0.73,4.7,12.38,81.37,54.0,97.37,13.44,330.13
3567,10.12,33.21,9.47,27.74,0.75,1.78,21.4,85.45,49.0,95.78,25.17,234.43
3568,3.9,36.56,1.36,7.76,0.88,3.91,10.98,89.56,167.0,90.78,14.22,78.91
3569,2.38,32.89,3.01,7.35,0.42,7.13,18.78,97.75,337.0,86.72,20.42,77.64
3570,3.4,37.23,1.6,7.09,0.77,2.66,10.09,93.09,168.0,86.81,15.63,81.09
3571,6.01,29.84,2.19,14.28,0.54,3.27,8.73,91.8,98.0,91.19,8.95,135.95
3572,11.85,20.53,7.08,41.71,0.41,0.57,29.08,93.65,181.0,92.28,33.31,399.7
3573,4.84,39.89,3.6,10.87,0.39,3.53,25.97,89.98,83.0,96.87,27.93,111.27
3574,9.81,39.85,7.24,22.01,0.5,4.29,11.01,75.19,52.0,98.08,14.78,210.3
3575,6.39,49.02,4.06,11.88,0.15,5.98,17.16,81.3,89.0,94.29,26.24,119.17
3576,9.47,20.76,1.21,28.58,0.55,9.35,34.12,94.72,106.0,95.76,37.09,337.71
3577,8.94,38.5,6.78,20.7,0.08,2.78,20.56,74.17,33.0,96.16,24.44,165.16
3578,6.16,22.19,9.67,26.32,0.48,1.06,11.85,84.99,110.0,95.73,17.73,252.17
3579,2.9,44.54,5.8,9.7,1.25,3.03,16.34,79.0,69.0,96.62,17.11,116.28
3580,6.72,36.93,7.68,18.59,1.15,3.41,18.31,86.26,354.0,82.87,27.9,209.63
3581,9.6,28.29,1.16,21.53,0.87,3.41,8.91,82.0,144.0,96.25,16.78,184.71
3582,7.02,38.68,1.99,12.89,0.71,1.41,21.52,95.48,88.0,93.96,22.02,106.38
3583,4.58,30.68,2.54,11.51,0.56,1.68,23.18,86.75,121.0,95.32,27.1,109.59
3584,6.27,35.8,0.36,10.87,0.6,1.83,27.72,93.6,99.0,95.38,25.95,104.89
3585,14.7,35.24,1.08,26.11,0.19,2.11,18.46,89.83,89.0,98.49,28.22,200.59
3586,10.05,44.47,8.09,21.65,1.24,2.18,11.49,97.25,120.0,94.14,14.52,249.39
3587,7.79,44.89,6.49,16.9,0.49,4.77,22.78,88.81,283.0,84.69,27.41,160.82
3588,3.73,30.42,6.15,13.5,0.75,5.91,22.43,88.65,34.0,98.36,29.34,144.34
3589,11.06,40.35,7.37,23.82,0.05,10.0,10.82,94.79,312.0,80.5,13.38,281.13
3590,11.79,36.13,2.59,22.18,0.06,5.02,28.21,86.38,71.0,96.12,31.26,181.68
3591,12.06,25.52,0.74,29.1,0.47,0.86,34.89,89.58,98.0,97.8,36.41,266.34
3592,7.33,29.82,0.55,15.29,0.68,2.94,32.59,76.77,263.0,87.06,37.22,150.71
3593,15.96,48.02,3.58,23.52,0.01,5.63,3.37,85.02,126.0,92.08,6.75,254.77
3594,10.9,36.15,4.82,22.92,0.56,2.86,29.72,94.31,264.0,87.3,29.89,194.92
3595,5.75,40.0,3.67,12.3,0.92,1.19,18.46,99.61,301.0,84.71,22.46,107.39
3596,5.23,32.73,1.0,10.6,0.31,7.32,12.37,91.72,167.0,90.76,19.43,113.14
3597,6.74,30.76,2.72,15.88,0.76,4.2,-9.51,92.24,250.0,87.77,-5.0,211.21
3598,7.04,34.16,3.57,15.94,0.47,7.07,24.18,76.9,301.0,86.38,11.77,150.76
3599,5.06,32.4,2.24,11.61,0.94,4.96,25.6,82.61,100.0,96.83,27.7,128.87
3600,13.24,25.04,0.7,32.43,0.76,5.12,13.12,82.23,196.0,91.47,11.44,357.18
3601,4.98,27.98,3.49,14.17,0.35,3.25,8.84,88.74,88.0,92.19,17.04,128.61
3602,8.77,38.25,2.27,16.02,0.46,2.56,14.81,68.81,157.0,94.47,23.09,146.91
3603,11.12,31.72,2.55,23.59,0.62,1.64,24.85,90.6,223.0,91.61,31.2,202.55
3604,7.33,34.15,2.27,15.15,0.76,4.74,30.98,93.99,142.0,91.1,35.93,142.16
3605,9.18,35.41,2.3,17.86,0.82,1.93,9.6,96.78,102.0,95.87,11.3,175.1
3606,12.76,35.88,6.1,27.44,0.11,1.25,13.41,73.56,230.0,86.35,14.16,214.06
3607,2.67,40.88,9.65,13.56,0.51,0.96,10.81,93.94,251.0,85.9,13.2,142.08
3608,5.38,27.41,5.61,17.39,1.2,5.23,17.0,95.66,333.0,82.79,20.08,168.99
3609,13.47,37.42,5.36,26.95,0.53,1.02,13.35,77.24,34.0,98.16,5.46,248.48
3610,2.01,38.53,3.23,6.35,0.13,5.52,10.77,88.17,120.0,94.14,21.38,76.64
3611,11.39,39.92,8.65,25.76,1.07,6.17,32.76,93.33,264.0,83.56,35.96,279.37
3612,16.54,25.52,1.72,40.61,0.21,4.83,0.44,70.61,39.0,98.14,5.27,409.14
3613,2.55,35.53,1.78,6.08,0.56,0.88,6.89,73.79,66.0,96.93,10.38,63.28
3614,5.16,44.3,7.96,14.96,1.43,3.41,16.85,89.72,39.0,98.96,22.05,190.03
3615,13.14,33.41,6.38,29.99,1.07,3.64,24.55,79.35,59.0,98.25,24.23,261.66
3616,5.56,36.9,8.06,17.09,1.09,2.11,28.18,87.05,184.0,94.64,32.35,158.77
3617,6.6,38.68,4.18,14.41,0.71,1.72,16.3,83.42,209.0,88.99,23.91,124.08
3618,10.78,27.85,1.57,24.79,0.3,3.0,23.11,76.58,232.0,89.52,25.04,206.13
3619,7.87,45.0,2.55,13.04,0.78,5.71,-1.08,75.97,417.0,76.52,3.02,202.04
3620,5.31,37.0,0.89,9.5,0.36,3.41,9.16,80.59,226.0,89.35,13.3,93.26
3621,7.47,37.12,6.81,18.88,0.47,5.38,10.06,85.37,209.0,89.4,10.21,186.32
3622,3.31,24.03,3.39,11.65,0.59,2.42,27.64,74.43,61.0,94.42,39.44,128.98
3623,2.27,38.77,5.41,8.93,0.12,2.82,22.13,83.93,260.0,88.68,21.32,78.92
3624,9.08,37.04,6.3,21.02,1.46,1.73,17.89,88.31,60.0,95.47,26.33,210.25
3625,7.21,43.75,4.86,14.75,0.34,2.29,18.14,92.87,50.0,96.27,25.22,137.42
3626,2.57,32.13,1.45,6.25,1.3,6.24,14.25,84.02,160.0,92.35,14.47,77.91
3627,5.2,28.07,2.64,13.76,0.51,2.43,18.95,86.08,116.0,96.05,18.25,128.92
3628,4.06,29.91,0.4,8.54,0.95,3.41,18.03,88.34,182.0,88.23,19.04,81.29
3629,12.8,30.97,0.6,25.4,0.51,4.03,12.17,96.06,256.0,88.41,15.24,220.53
3630,3.19,27.29,3.23,10.25,0.36,2.93,11.86,92.62,137.0,91.92,16.64,95.83
3631,11.15,41.74,4.89,20.92,1.18,9.76,18.59,87.61,181.0,91.39,19.94,262.37
3632,7.23,41.97,7.88,18.22,0.71,2.36,9.17,66.38,171.0,90.63,5.18,181.75
3633,9.14,32.83,4.16,20.86,0.16,1.85,24.15,93.79,267.0,85.42,25.15,167.49
3634,9.29,31.64,5.27,22.88,0.9,3.84,11.55,93.12,70.0,97.48,11.35,234.63
3635,5.65,23.11,0.75,15.42,1.24,6.14,0.67,78.37,90.0,97.44,-1.68,218.16
3636,14.9,38.18,6.34,29.75,0.61,2.78,15.65,75.94,299.0,85.03,17.65,236.91
3637,6.25,43.92,3.01,11.55,0.79,3.41,25.97,97.61,306.0,82.96,25.8,130.84
3638,8.09,30.18,4.95,21.03,0.35,0.53,24.89,86.42,241.0,87.08,29.59,166.54
3639,4.24,33.3,7.37,15.0,0.2,1.52,8.1,86.9,73.0,93.4,12.72,135.94
3640,10.41,36.61,4.37,21.43,0.29,5.82,10.71,98.75,75.0,98.7,16.65,195.35
3641,2.72,44.35,3.19,6.87,0.61,0.96,25.38,91.61,106.0,94.74,33.57,78.01
3642,7.43,35.2,5.76,18.44,0.68,0.43,21.27,85.81,223.0,89.52,24.73,145.69
3643,8.08,35.17,5.94,19.73,0.25,4.28,12.61,78.04,281.0,87.17,16.17,174.64
3644,5.92,35.08,1.35,11.47,0.35,0.95,6.97,92.89,296.0,84.46,8.65,105.63
3645,9.23,25.45,4.06,25.82,0.81,6.67,22.76,89.85,79.0,96.88,23.4,253.81
3646,13.0,25.32,4.01,34.8,1.03,6.32,1.36,81.21,84.0,100.0,0.89,454.62
3647,1.36,29.15,5.97,8.76,0.51,3.05,-4.57,83.9,80.0,95.45,1.11,111.83
3648,9.27,40.08,3.77,17.65,1.0,1.98,30.35,93.48,271.0,84.1,23.74,175.36
3649,11.54,31.99,2.38,24.02,0.82,6.44,14.58,87.79,354.0,83.92,14.51,224.3
3650,3.74,30.82,3.48,10.77,0.18,2.85,17.04,91.31,135.0,94.21,22.82,98.91
3651,7.98,30.72,1.52,17.11,0.18,8.69,20.17,64.96,78.0,96.34,16.75,164.21
3652,5.5,33.17,0.35,10.3,0.91,0.73,25.34,74.31,173.0,93.16,30.45,95.27
3653,12.45,44.21,4.16,21.06,1.03,1.65,12.31,87.42,98.0,96.41,9.8,212.63
3654,5.5,33.09,3.24,13.21,0.85,1.15,19.11,82.51,49.0,98.28,21.57,116.16
3655,9.54,29.28,3.85,23.39,1.14,0.57,19.17,78.81,179.0,90.79,20.05,218.45
3656,8.68,34.15,4.86,20.11,1.11,4.19,16.38,90.07,150.0,93.31,23.18,189.15
3657,9.77,44.53,4.62,17.79,0.1,5.1,4.13,94.89,285.0,86.51,10.79,207.75
3658,10.62,30.98,6.82,27.38,1.38,11.18,20.28,89.29,406.0,81.81,21.54,389.9
3659,8.2,26.91,3.33,21.61,1.24,2.32,22.88,91.28,72.0,95.72,20.89,225.06
3660,9.16,30.99,8.21,25.95,0.54,2.42,18.52,85.28,148.0,93.08,20.47,212.68
3661,11.29,34.77,5.96,25.44,0.86,4.35,12.85,80.71,234.0,88.77,13.11,246.33
3662,10.2,38.13,3.21,19.26,0.23,3.27,21.98,91.15,91.0,96.31,23.52,160.67
3663,12.48,40.04,5.19,23.89,1.35,2.03,23.85,87.33,340.0,84.47,22.99,219.95
3664,3.85,27.73,2.3,10.64,0.63,7.06,25.54,84.54,102.0,92.85,30.68,114.0
3665,9.41,28.29,5.65,25.61,0.14,2.75,32.52,93.51,279.0,87.24,33.49,211.38
3666,4.69,32.06,2.59,11.37,0.46,0.49,21.91,86.0,185.0,94.33,24.66,103.31
3667,12.02,38.11,4.9,23.82,0.47,2.55,22.34,70.67,16.0,99.36,20.12,192.57
3668,4.42,26.44,6.64,16.67,0.29,5.61,10.98,84.65,29.0,96.18,18.02,170.38
3669,12.77,30.36,5.1,30.33,1.05,5.9,4.36,84.33,348.0,84.0,9.63,341.84
3670,8.46,30.44,4.8,21.47,0.77,6.86,26.93,79.63,191.0,94.19,26.35,213.81
3671,12.42,39.65,6.26,25.05,0.53,3.9,29.03,99.29,241.0,90.19,39.66,216.44
3672,14.5,37.17,5.23,28.65,0.51,3.23,29.75,80.16,378.0,79.27,31.41,236.48
3673,8.13,39.42,8.71,21.08,1.36,10.15,12.17,80.3,140.0,90.73,10.28,266.04
3674,7.35,42.03,5.48,15.98,0.12,3.91,13.68,72.89,68.0,97.78,15.96,144.63
3675,9.59,32.17,6.12,24.0,0.38,4.87,5.75,77.98,173.0,90.39,12.5,228.42
3676,9.11,26.88,4.08,24.42,0.69,7.25,1.27,88.14,81.0,91.82,5.13,280.13
3677,7.91,26.91,2.29,19.91,0.51,1.16,15.51,84.66,140.0,91.52,16.82,169.33
3678,12.95,22.97,3.6,37.43,0.59,4.03,30.63,78.1,14.0,98.94,38.99,364.11
3679,12.02,31.25,0.62,23.7,1.51,2.2,15.33,79.79,189.0,88.94,21.36,233.91
3680,4.03,31.69,2.44,10.08,0.94,2.29,34.95,86.85,229.0,91.62,42.05,112.61
3681,12.74,38.73,0.17,19.91,0.34,3.46,19.95,90.17,171.0,92.89,20.21,166.78
3682,1.95,34.1,1.31,4.74,1.09,1.76,12.49,96.11,101.0,94.08,17.18,58.98
3683,5.64,31.06,1.06,11.95,0.7,1.47,18.45,76.62,140.0,92.23,24.65,109.79
3684,9.82,33.3,4.0,21.69,0.17,1.9,27.66,82.52,373.0,79.99,23.98,151.87
3685,4.15,27.77,3.58,12.53,1.07,2.23,27.89,72.51,260.0,85.05,26.96,117.71
3686,8.76,40.15,1.36,14.44,0.79,6.03,25.17,93.21,205.0,89.29,26.1,145.09
3687,11.86,29.28,4.97,29.27,0.06,4.94,1.6,84.16,194.0,91.89,5.12,295.18
3688,12.33,27.16,3.8,31.03,0.69,7.32,15.86,73.32,267.0,86.36,20.37,304.49
3689,7.93,38.91,5.24,17.47,0.68,1.76,20.14,92.89,231.0,86.84,26.47,154.15
3690,9.22,37.44,6.94,21.72,0.32,6.56,20.35,88.1,52.0,95.77,16.27,204.33
3691,15.07,23.66,3.5,41.72,1.12,4.89,20.33,88.63,264.0,89.91,28.83,442.85
3692,5.03,39.13,3.78,11.49,0.18,3.53,20.57,96.17,251.0,89.11,24.51,106.03
3693,10.33,29.55,1.1,22.08,0.58,1.51,15.59,87.42,123.0,92.51,15.41,194.02
3694,6.58,31.76,2.97,15.4,0.63,5.76,7.63,93.22,335.0,83.55,13.36,167.52
3695,10.1,35.12,4.36,21.62,0.09,3.22,13.85,88.31,104.0,95.44,7.86,184.52
3696,14.64,37.52,3.11,26.52,0.62,6.72,14.28,87.51,160.0,93.04,16.84,274.44
3697,4.67,36.67,6.88,14.51,0.33,1.3,17.0,67.5,158.0,89.3,22.05,126.93
3698,6.8,33.7,2.93,15.04,0.44,7.46,33.1,78.13,325.0,87.54,34.2,149.93
3699,7.59,31.45,5.33,19.81,0.01,6.45,16.13,89.85,129.0,94.87,21.06,173.82
3700,4.17,36.47,6.63,13.5,0.31,5.19,9.86,85.16,93.0,92.86,16.06,130.83
3701,2.73,33.29,5.1,10.02,0.64,7.67,33.28,82.2,83.0,96.57,30.21,130.57
3702,12.63,44.83,9.11,26.01,0.78,6.86,1.37,76.5,217.0,86.46,2.86,317.6
3703,7.63,37.52,1.12,13.33,0.74,6.55,5.31,82.19,121.0,93.49,13.31,134.7
3704,13.47,28.46,1.7,30.1,0.55,1.85,24.33,83.79,21.0,100.0,23.66,248.46
3705,10.61,31.13,1.01,21.45,0.79,2.93,-2.54,89.44,323.0,82.0,-3.46,243.11
3706,5.06,34.29,4.8,13.65,0.95,3.98,10.11,88.61,233.0,86.04,17.86,127.29
3707,5.27,41.8,1.98,9.54,0.58,3.53,14.3,95.76,331.0,83.06,19.78,104.59
3708,6.45,42.47,2.64,11.75,0.38,4.04,11.51,92.75,351.0,83.11,17.6,113.89
3709,6.15,31.62,1.13,12.8,0.62,3.77,9.46,85.57,180.0,91.08,18.39,123.28
3710,9.2,28.4,9.58,29.01,0.29,6.63,19.11,77.26,21.0,100.0,19.94,269.4
3711,2.35,27.63,10.2,15.31,0.85,2.33,17.73,93.3,96.0,96.36,20.78,151.55
3712,10.15,35.51,1.63,18.77,0.67,2.57,11.78,81.38,119.0,93.51,11.61,178.68
3713,15.75,47.82,4.19,23.95,1.29,1.36,4.87,85.79,134.0,93.66,4.2,295.13
3714,11.77,37.23,3.04,22.01,0.41,7.4,15.22,89.58,147.0,94.93,22.94,202.88
3715,10.11,24.44,1.85,26.67,1.16,4.18,13.13,84.5,258.0,90.16,15.43,286.11
3716,4.13,29.64,3.79,12.16,0.9,4.63,20.52,86.17,111.0,92.84,26.06,112.62
3717,8.54,30.26,0.29,17.22,0.6,5.11,13.0,93.68,127.0,93.7,16.05,156.85
3718,9.31,29.07,0.49,19.72,0.16,6.89,15.12,67.42,170.0,93.3,14.83,188.06
3719,9.36,31.67,3.03,20.77,0.11,0.59,26.06,87.72,61.0,96.24,29.62,159.46
3720,11.66,36.22,0.22,19.54,0.23,14.0,31.83,96.22,307.0,83.55,28.03,248.88
3721,8.83,38.09,3.56,17.47,1.52,2.4,20.45,84.6,264.0,87.94,24.11,166.64
3722,13.92,40.55,1.46,22.05,0.6,3.78,4.71,92.12,91.0,93.45,6.95,226.6
3723,16.49,37.15,3.44,30.07,0.83,12.95,5.39,86.35,24.0,100.0,1.59,435.65
3724,13.37,22.28,3.35,39.35,0.98,1.28,28.92,75.36,29.0,100.0,31.81,409.89
3725,6.29,27.66,6.9,20.55,0.07,4.59,20.23,83.26,64.0,96.64,32.8,182.94
3726,6.27,33.05,3.41,14.79,0.37,5.29,15.47,85.17,238.0,87.67,21.83,137.18
3727,14.68,34.88,5.61,30.86,1.09,4.97,27.71,95.88,198.0,91.71,28.63,305.55
3728,9.75,39.17,0.92,15.85,0.71,3.83,40.0,78.29,143.0,92.72,40.91,171.0
3729,4.12,34.26,4.15,11.36,0.41,2.3,12.91,86.04,80.0,97.65,15.88,108.37
3730,3.2,34.3,3.71,9.31,0.18,8.81,25.29,72.32,249.0,90.16,30.72,97.29
3731,10.43,35.43,4.22,21.88,1.03,3.42,25.64,73.26,151.0,91.74,25.34,196.03
3732,4.94,32.47,3.5,12.63,0.84,1.35,4.4,89.56,54.0,96.05,5.56,127.43
3733,3.61,34.52,7.45,13.72,0.86,0.64,18.17,93.15,123.0,90.62,20.25,131.74
3734,8.02,40.75,5.11,16.93,0.13,4.67,20.15,74.81,203.0,88.86,16.93,152.37
3735,7.66,33.5,4.68,18.4,1.14,3.32,24.78,82.88,152.0,93.84,29.23,164.9
3736,13.01,33.82,2.78,25.86,0.2,5.27,18.47,90.21,106.0,94.49,22.78,219.09
3737,10.72,33.8,5.35,24.38,0.13,1.5,13.17,89.63,229.0,89.32,13.87,194.31
3738,9.08,41.79,7.44,20.49,0.15,3.54,10.6,96.31,148.0,97.01,11.4,168.94
3739,4.45,27.35,4.44,14.19,0.64,3.05,12.31,81.09,244.0,90.55,11.57,145.03
3740,14.21,44.66,2.83,21.92,1.28,7.45,14.45,93.61,184.0,91.18,18.54,255.48
3741,12.69,26.94,5.04,33.29,0.97,2.1,18.66,68.44,77.0,93.99,18.27,303.19
3742,17.02,30.07,3.13,37.08,0.08,0.65,32.41,96.92,79.0,98.66,37.44,309.84
3743,11.72,38.47,6.23,24.51,0.97,10.37,35.28,86.62,175.0,90.01,42.14,302.03
3744,7.36,40.18,3.7,14.69,0.7,0.12,32.55,80.99,36.0,98.46,36.82,143.61
3745,5.46,25.58,1.78,14.58,0.74,4.09,9.09,92.11,304.0,83.3,10.63,146.92
3746,10.62,27.44,9.31,32.53,0.84,5.48,40.0,72.75,124.0,95.26,41.85,351.19
3747,11.79,35.67,7.43,27.26,0.92,4.23,22.76,81.09,125.0,92.56,22.67,224.84
3748,2.56,48.07,6.55,9.75,0.41,1.49,6.25,83.79,131.0,93.21,10.26,118.78
3749,7.82,41.48,3.78,15.09,0.2,2.52,15.15,91.29,206.0,88.96,15.84,127.38
3750,2.61,32.51,3.5,8.31,0.52,3.08,26.14,71.59,372.0,82.76,34.55,82.59
3751,7.87,20.0,6.71,30.34,1.12,3.37,18.69,85.33,110.0,95.05,16.32,338.26
3752,12.69,34.49,1.14,23.21,0.27,1.4,10.03,90.31,298.0,85.15,11.24,208.59
3753,11.45,36.17,4.24,23.22,1.65,5.5,17.69,93.63,116.0,94.37,18.21,270.53
3754,1.93,31.7,3.79,7.44,0.53,3.41,19.36,87.34,36.0,98.06,23.21,67.27
3755,9.83,28.9,2.34,22.76,0.85,10.62,18.01,94.41,263.0,85.91,18.06,279.37
3756,3.85,34.95,2.06,8.67,0.62,2.48,13.96,91.15,239.0,87.46,19.46,100.36
3757,4.48,28.35,8.02,17.5,0.93,0.35,11.64,88.91,192.0,91.27,15.52,171.32
3758,10.87,45.23,6.8,21.22,0.69,1.95,16.29,87.8,345.0,81.87,20.8,207.64
3759,7.06,43.1,2.19,12.02,1.09,0.33,20.96,84.95,19.0,96.41,17.17,124.17
3760,3.92,37.95,0.78,6.98,0.24,7.72,27.35,74.35,52.0,96.01,27.63,75.31
3761,8.33,34.54,0.48,14.95,0.22,3.42,35.56,79.96,34.0,98.22,41.81,146.95
3762,8.99,30.04,4.82,22.76,0.15,2.99,25.08,94.16,115.0,93.76,23.77,178.1
3763,3.65,33.88,10.73,17.2,0.41,7.64,21.37,90.33,26.0,100.0,20.8,181.96
3764,8.66,43.84,4.08,15.93,0.07,3.53,18.59,93.13,175.0,90.95,24.07,131.12
3765,9.19,39.21,1.12,15.18,0.52,5.32,17.92,82.55,233.0,89.47,16.55,128.12
3766,12.19,35.22,5.15,25.92,0.72,5.02,14.58,97.25,260.0,86.17,11.33,244.83
3767,14.39,39.54,2.72,24.55,0.82,5.53,22.03,80.43,365.0,85.44,22.25,222.13
3768,7.75,37.27,3.05,15.53,1.03,10.5,-1.26,83.38,219.0,88.61,9.61,204.29
3769,10.43,36.38,5.12,22.33,0.32,3.12,26.13,91.75,90.0,94.0,24.03,197.41
3770,7.14,39.88,0.78,11.52,0.42,3.41,14.53,75.86,96.0,95.09,12.06,145.72
3771,8.24,37.1,8.88,22.22,1.24,0.61,9.03,90.54,280.0,89.41,18.42,214.97
3772,12.41,39.15,4.35,23.36,1.33,4.34,14.09,77.31,133.0,92.59,18.56,237.65
3773,12.74,34.97,4.65,26.51,0.37,4.02,10.59,76.0,375.0,82.05,14.98,241.21
3774,10.29,32.48,2.15,21.17,0.06,3.98,40.0,72.77,144.0,94.66,36.22,198.74
3775,13.33,30.71,0.78,26.82,0.91,3.86,13.94,93.64,126.0,91.66,10.8,242.42
3776,8.3,30.0,3.68,20.28,0.28,5.62,19.98,97.22,179.0,92.07,23.64,174.08
3777,4.49,24.37,2.71,13.76,0.81,2.34,9.76,73.87,215.0,89.82,7.24,145.87
3778,7.93,28.53,6.46,23.14,0.68,1.85,27.38,92.36,98.0,94.16,33.66,212.7
3779,7.86,28.35,1.11,17.74,0.34,2.46,5.87,77.29,205.0,92.71,4.36,170.8
3780,9.97,30.96,7.35,26.67,0.38,6.2,27.95,86.99,206.0,90.53,33.81,249.0
3781,6.12,43.37,0.39,8.85,0.92,1.75,21.38,88.02,270.0,86.12,22.85,89.62
3782,9.4,33.05,4.98,22.03,0.85,6.45,21.38,75.4,59.0,97.11,22.11,227.04
3783,7.78,35.45,1.25,14.42,0.54,5.76,23.68,86.92,65.0,98.23,20.72,141.23
3784,11.22,35.64,0.7,19.59,0.33,1.29,15.31,85.71,306.0,87.41,27.38,150.69
3785,8.29,43.53,4.26,15.68,1.1,7.31,24.84,88.78,63.0,98.09,24.51,175.91
3786,1.45,30.55,3.29,6.14,0.8,4.2,14.91,84.72,239.0,87.09,21.29,63.44
3787,7.74,32.66,10.54,24.76,0.75,10.59,11.85,87.56,335.0,82.83,10.11,331.12
3788,6.61,33.36,3.15,15.04,0.86,0.85,9.09,96.7,6.0,99.47,18.05,160.89
3789,17.06,40.82,5.23,30.31,0.16,5.52,28.46,95.8,42.0,95.95,34.83,280.98
3790,12.94,42.06,1.87,20.33,0.93,5.43,29.6,83.74,217.0,91.31,32.36,192.62
3791,7.7,36.85,4.55,17.09,1.24,8.83,39.21,82.63,225.0,88.1,39.58,216.95
3792,11.58,41.4,3.57,20.35,0.52,3.26,15.39,80.7,224.0,88.12,21.49,174.81
3793,4.93,35.07,5.44,13.88,0.51,7.26,13.54,84.69,231.0,88.19,13.8,143.99
3794,6.47,32.96,1.38,13.16,0.14,13.36,12.4,93.83,213.0,86.14,16.88,149.85
3795,8.37,41.06,0.57,12.8,0.97,1.91,2.62,78.06,268.0,90.21,7.23,132.76
3796,16.32,36.93,2.63,29.15,0.5,2.28,21.42,95.17,338.0,82.69,28.41,251.32
3797,4.03,29.59,1.61,9.78,0.47,2.57,19.96,74.75,348.0,85.05,22.9,93.69
3798,11.87,39.98,4.41,22.22,0.27,3.14,14.04,83.14,209.0,89.64,11.34,195.86
3799,10.66,32.75,1.9,21.44,0.38,1.6,30.56,82.6,166.0,91.96,24.34,168.4
3800,5.32,32.02,4.81,14.78,0.7,2.45,9.16,84.79,440.0,79.89,7.62,143.73
3801,14.61,39.36,4.53,26.81,1.01,3.85,7.65,83.88,47.0,95.74,15.72,274.48
3802,10.88,33.47,1.05,20.56,0.12,8.04,26.2,78.79,69.0,97.55,32.45,191.46
3803,10.62,36.33,5.68,23.22,0.62,4.16,27.88,97.96,253.0,86.07,34.41,201.01
3804,10.09,37.97,0.45,16.39,1.06,1.3,12.68,79.5,86.0,95.8,10.71,165.09
3805,11.08,29.3,3.65,26.33,0.63,9.22,-10.0,90.9,79.0,97.44,-5.0,386.12
3806,5.61,36.31,7.48,16.76,0.81,6.18,15.58,80.61,161.0,91.89,14.61,184.92
3807,10.96,42.1,4.36,19.97,0.74,7.38,11.06,91.33,276.0,83.42,13.5,210.82
3808,13.45,28.26,5.35,33.91,0.78,3.2,39.45,90.34,214.0,87.42,37.63,319.82
3809,6.02,36.7,6.91,16.76,0.78,4.27,31.69,60.09,214.0,85.95,35.88,174.56
3810,11.45,29.02,10.49,34.17,0.7,7.06,14.97,85.38,106.0,95.94,14.86,338.9
3811,6.62,40.13,0.96,10.85,0.74,4.02,18.85,82.62,214.0,92.59,24.96,115.74
3812,8.76,40.07,3.19,16.3,0.3,5.65,25.46,82.1,91.0,96.18,30.64,156.06
3813,5.14,31.87,3.41,13.09,0.75,1.34,19.5,64.8,98.0,94.21,21.36,126.09
3814,5.58,47.26,1.03,8.12,0.1,1.56,17.3,97.82,262.0,87.32,13.68,83.25
3815,7.13,40.64,5.17,15.69,0.79,7.49,27.99,94.39,130.0,93.6,29.58,163.12
3816,8.57,38.24,6.35,19.8,0.73,11.34,31.07,88.28,383.0,81.66,34.31,241.83
3817,5.11,37.9,3.14,11.23,0.28,1.47,32.65,79.84,125.0,91.87,34.5,109.02
3818,9.87,39.9,2.53,17.38,0.06,1.58,24.5,82.75,32.0,98.48,28.05,133.5
3819,4.74,28.03,0.98,11.12,0.61,4.51,24.83,95.75,49.0,96.88,30.12,108.32
3820,9.46,35.17,3.25,19.4,0.55,4.5,24.46,94.75,240.0,88.08,24.33,160.76
3821,10.91,36.3,4.71,22.75,0.29,4.87,17.34,77.38,330.0,83.67,22.45,199.38
3822,6.32,31.6,5.76,17.76,0.56,2.35,21.54,73.06,186.0,93.34,27.86,138.94
3823,13.11,36.79,5.68,27.07,0.89,4.1,12.17,74.93,48.0,97.25,16.97,270.26
3824,8.16,41.39,5.97,17.79,0.28,6.76,3.84,80.33,134.0,96.56,11.61,180.52
3825,8.36,31.47,3.64,19.57,0.54,3.73,20.37,84.41,70.0,97.14,20.23,160.54
3826,11.84,33.67,4.73,25.82,0.53,5.88,33.53,82.8,273.0,89.32,30.41,240.47
3827,10.63,29.08,5.96,27.9,0.62,6.48,14.2,82.48,183.0,86.84,21.3,297.72
3828,9.1,23.28,6.47,29.93,0.63,6.75,23.25,76.21,1.0,100.0,26.47,303.58
3829,3.3,38.67,6.76,11.87,0.67,1.54,9.15,81.98,9.0,100.0,12.21,116.36
3830,9.82,33.85,1.74,19.14,0.41,5.84,26.37,85.08,183.0,89.46,35.02,172.06
3831,2.61,34.29,0.91,5.48,1.36,1.15,15.16,81.85,397.0,81.15,13.01,73.19
3832,5.01,28.08,8.33,19.02,0.2,5.9,31.75,95.69,64.0,97.32,31.09,196.49
3833,3.99,32.89,4.01,11.28,0.27,5.89,11.25,85.49,224.0,91.09,19.77,116.35
3834,10.47,40.58,4.06,19.54,0.87,14.0,34.89,76.89,144.0,90.37,35.68,310.63
3835,6.76,34.0,3.91,15.83,1.18,3.53,28.49,83.32,63.0,95.9,27.92,150.86
3836,10.11,34.18,0.64,18.39,1.37,3.2,11.72,98.27,372.0,82.09,15.91,175.37
3837,4.46,35.25,4.76,12.35,0.24,1.68,11.57,97.22,327.0,83.81,17.62,117.99
3838,6.4,26.58,1.21,15.66,0.5,1.4,12.51,77.33,253.0,87.84,14.05,148.99
3839,4.65,37.75,6.14,13.53,1.05,4.91,30.97,80.02,226.0,88.77,34.24,145.91
3840,14.12,26.47,8.98,40.99,0.82,4.33,3.5,75.27,109.0,93.88,7.53,435.32
3841,5.37,28.36,5.01,16.37,0.53,2.17,21.91,95.34,134.0,92.19,26.95,142.84
3842,5.73,27.7,3.94,16.35,0.89,5.98,1.8,93.46,176.0,89.84,6.66,202.14
3843,12.9,32.95,5.58,29.08,0.94,2.81,3.54,80.92,185.0,90.51,7.92,317.19
3844,9.5,31.89,1.93,19.8,0.58,2.95,1.87,83.21,78.0,94.82,0.8,209.38
3845,9.54,33.99,8.02,24.85,0.11,5.67,11.76,83.3,70.0,97.81,14.01,202.0
3846,5.77,28.57,4.33,16.44,1.12,0.81,7.59,87.12,303.0,83.93,6.21,179.53
3847,10.19,40.03,6.45,21.73,0.3,7.03,8.75,92.4,79.0,94.36,15.72,231.11
3848,6.64,39.0,7.41,17.62,1.33,0.31,9.85,86.48,63.0,96.62,11.21,202.42
3849,9.88,32.96,4.24,22.23,0.14,0.8,16.72,73.84,126.0,94.73,20.16,173.38
3850,11.79,31.13,3.22,25.95,0.06,2.74,10.01,99.31,217.0,89.29,12.58,206.44
3851,8.85,30.52,2.97,20.36,0.56,0.51,9.35,91.4,222.0,89.97,10.22,177.01
3852,14.79,32.14,4.33,31.94,1.25,1.12,40.0,78.49,330.0,82.65,42.3,326.58
3853,10.89,25.6,2.55,28.07,0.55,2.39,13.07,92.06,110.0,95.74,11.33,245.18
3854,8.1,28.24,7.52,24.73,0.24,0.95,-2.37,74.78,205.0,91.11,-1.59,270.5
3855,16.04,39.16,2.87,27.45,0.24,2.73,27.09,75.81,256.0,88.52,29.51,230.32
3856,2.97,35.81,1.07,6.05,0.01,3.79,13.96,92.54,212.0,86.83,19.01,70.37
3857,6.47,43.81,3.8,12.66,0.04,4.72,9.33,73.15,84.0,95.74,8.78,130.6
3858,10.06,32.2,4.31,23.05,1.06,3.11,8.38,76.24,163.0,90.3,17.45,206.08
3859,9.99,31.83,1.16,19.99,0.37,0.08,23.6,91.73,301.0,84.99,20.55,157.59
3860,1.71,31.55,7.8,11.06,0.65,4.44,20.93,87.79,122.0,95.4,28.39,99.79
3861,7.14,32.09,4.24,17.58,0.07,7.6,12.21,76.59,101.0,94.49,10.92,177.43
3862,10.49,30.04,6.86,27.82,0.26,2.24,20.51,91.53,234.0,88.86,17.94,235.39
3863,9.15,35.63,2.92,18.32,0.65,5.78,20.18,85.91,273.0,86.82,20.68,182.37
3864,13.26,34.17,2.81,26.09,0.44,1.81,21.23,90.86,236.0,88.5,26.68,193.8
3865,6.72,30.94,3.97,17.0,0.66,3.7,8.51,79.22,52.0,94.16,4.33,163.28
3866,14.56,41.51,5.74,26.78,0.39,5.56,25.78,84.39,223.0,88.69,26.48,236.56
3867,7.32,45.38,4.43,14.11,0.14,1.81,9.17,74.42,198.0,91.66,13.03,138.18
3868,11.97,41.0,7.62,25.13,0.19,3.41,18.51,76.71,27.0,98.35,19.92,188.03
3869,5.89,37.35,6.66,16.12,0.14,4.3,14.36,91.69,61.0,96.9,16.07,143.16
3870,16.66,38.57,0.84,26.75,0.61,3.59,18.52,75.34,114.0,95.45,23.46,202.37
3871,7.14,45.14,4.3,13.79,0.61,3.09,30.57,91.0,35.0,100.0,37.08,139.22
3872,13.49,38.56,3.37,24.35,0.55,2.2,19.28,86.52,377.0,82.37,21.14,192.0
3873,8.51,30.49,2.58,19.32,0.07,8.8,27.6,83.01,428.0,80.54,31.97,168.68
3874,15.72,36.35,2.66,28.62,0.56,9.33,20.02,84.09,390.0,79.75,25.47,303.55
3875,5.0,37.76,1.93,9.88,0.78,5.54,36.85,83.55,130.0,93.63,35.02,120.65
3876,11.41,28.03,0.75,25.17,1.11,1.78,22.91,80.56,185.0,90.96,25.49,218.04
3877,16.06,32.29,7.79,37.63,1.13,4.52,3.82,92.64,111.0,96.27,0.08,430.81
3878,9.03,40.6,4.85,18.2,0.89,3.76,8.67,97.2,165.0,90.42,17.27,187.86
3879,9.85,23.06,4.54,30.17,0.3,1.59,10.81,93.95,403.0,79.37,17.57,269.95
3880,7.43,26.5,5.34,22.17,0.13,0.86,15.03,83.85,107.0,96.57,15.96,195.39
3881,2.25,32.94,3.09,7.2,0.34,2.0,11.45,87.68,182.0,91.54,15.58,75.21
3882,3.17,36.12,2.81,8.07,0.95,1.96,3.75,93.48,62.0,95.92,-3.87,116.39
3883,12.36,25.85,7.65,36.34,0.16,5.68,17.4,92.0,53.0,100.0,27.1,320.6
3884,7.26,33.24,3.72,16.83,0.35,5.12,-3.43,83.97,299.0,83.26,-3.18,206.83
3885,5.43,40.92,6.41,14.37,0.61,14.0,35.32,96.75,235.0,88.27,40.87,226.21
3886,19.05,34.41,6.09,39.31,0.39,6.55,17.14,85.2,76.0,98.36,15.57,367.4
3887,3.71,39.63,8.36,13.97,0.23,4.6,34.25,74.34,85.0,98.71,43.63,146.95
3888,6.7,30.45,1.6,14.81,1.37,2.76,8.44,77.98,196.0,91.56,11.86,157.17
3889,1.64,29.14,2.84,6.22,0.57,4.02,16.9,92.09,116.0,94.43,10.87,70.54
3890,4.07,39.09,3.31,9.56,0.2,0.9,27.75,84.98,27.0,100.0,32.21,94.25
3891,14.03,36.22,0.43,23.68,1.44,0.8,37.09,89.36,142.0,92.24,40.25,220.6
3892,7.53,26.89,4.34,21.14,0.76,5.27,23.76,74.79,80.0,93.44,22.68,195.07
3893,11.83,29.19,1.36,25.67,0.6,2.18,5.43,87.25,87.0,96.34,10.99,238.7
3894,13.09,43.39,4.01,22.12,0.57,5.08,17.78,84.06,32.0,98.14,19.57,225.13
3895,6.23,28.45,2.08,15.21,0.87,4.54,6.55,94.08,72.0,96.25,12.59,152.86
3896,3.52,39.61,5.8,11.13,0.37,2.58,27.54,85.11,109.0,92.86,27.97,102.91
3897,8.04,31.13,2.17,17.66,0.63,8.0,22.99,91.68,32.0,98.41,24.77,175.18
3898,10.48,33.98,9.96,28.46,0.19,0.63,28.36,84.1,120.0,94.56,31.27,245.27
3899,10.37,35.77,3.8,21.2,0.69,0.46,23.55,68.03,340.0,86.43,28.07,178.24
3900,17.17,21.39,5.78,53.93,0.58,1.8,21.43,98.45,426.0,77.35,24.48,478.6
3901,16.98,25.22,9.02,49.4,0.21,7.52,5.01,93.55,133.0,94.34,11.1,529.26
3902,10.31,34.52,3.42,21.34,1.52,1.87,14.9,93.14,87.0,94.87,11.12,214.55
3903,7.06,29.65,0.48,14.76,0.46,2.87,25.1,75.69,238.0,83.56,35.34,148.18
3904,5.26,39.98,1.49,9.38,0.63,2.2,9.69,69.91,47.0,96.39,16.34,94.83
3905,14.57,24.36,4.95,40.83,0.61,6.38,6.41,85.27,79.0,99.25,12.77,495.18
3906,5.83,37.39,4.34,13.69,1.63,5.57,26.29,95.97,153.0,91.03,29.78,138.63
3907,11.48,25.74,1.15,27.92,0.64,2.8,18.39,81.89,104.0,95.09,18.44,238.56
3908,11.33,31.89,5.14,26.47,0.07,1.76,29.06,90.06,182.0,94.76,35.36,202.75
3909,5.84,27.61,5.67,18.35,0.69,1.63,15.31,82.48,190.0,92.34,20.63,163.54
3910,9.85,45.41,2.94,15.95,1.02,1.28,19.91,86.14,225.0,89.23,21.16,154.75
3911,7.39,25.96,9.81,26.88,1.19,1.31,15.86,73.32,72.0,96.58,18.24,265.51
3912,6.11,33.27,2.23,13.25,0.67,8.8,20.58,81.0,10.0,100.0,22.84,139.67
3913,5.31,23.64,4.47,17.94,0.71,8.72,37.76,96.19,252.0,87.28,37.14,217.84
3914,10.29,43.6,1.48,15.64,0.33,3.55,30.29,70.25,312.0,85.75,35.59,147.59
3915,6.07,36.41,1.6,11.6,1.6,0.5,28.79,93.3,22.0,97.35,30.46,122.24
3916,6.2,34.82,1.76,12.44,1.49,6.91,8.03,75.19,196.0,89.33,12.61,144.81
3917,6.3,42.85,4.96,13.78,0.46,10.26,14.65,81.33,159.0,93.32,18.39,173.96
3918,8.13,34.88,2.51,16.5,0.13,2.0,18.94,81.23,256.0,85.23,14.91,136.29
3919,14.52,35.32,3.1,27.77,0.48,2.71,13.81,80.4,109.0,92.68,21.38,233.02
3920,6.08,34.79,4.97,15.45,1.43,9.25,25.76,91.33,79.0,96.44,37.13,191.95
3921,8.16,37.38,1.21,14.32,0.71,0.94,24.66,84.26,63.0,94.68,24.54,120.39
3922,14.14,31.05,2.55,29.88,0.63,8.0,4.15,90.43,262.0,86.76,6.92,337.83
3923,6.71,32.71,6.0,18.31,0.33,14.0,16.41,88.55,120.0,91.38,25.31,245.56
3924,5.08,38.86,8.64,16.49,1.24,6.63,3.84,91.17,186.0,89.73,8.87,206.59
3925,7.55,35.66,6.16,18.85,1.65,4.71,8.61,93.0,182.0,92.93,4.35,230.23
3926,10.33,33.31,3.38,21.98,0.92,3.41,24.19,73.1,127.0,93.59,26.1,196.92
3927,6.1,25.6,5.28,19.57,0.23,2.66,27.78,89.63,33.0,95.99,29.19,158.56
3928,9.53,42.99,5.01,18.31,0.55,4.98,-3.14,80.3,287.0,85.64,-3.5,237.81
3929,11.53,30.03,5.33,28.38,0.61,8.89,19.37,77.12,29.0,100.0,21.54,260.6
3930,9.97,39.92,3.57,18.56,0.4,14.0,28.67,96.59,292.0,86.09,34.35,269.51
3931,2.08,35.05,1.81,5.37,0.78,1.38,0.9,92.45,399.0,81.83,0.29,66.52
3932,14.16,26.24,4.18,36.55,0.29,6.37,17.38,78.75,330.0,83.4,24.54,312.46
3933,5.01,41.51,10.39,17.63,1.17,3.08,-2.14,97.11,55.0,96.55,5.01,212.47
3934,5.97,35.53,6.09,16.18,0.91,5.55,17.96,84.52,57.0,97.65,19.58,170.79
3935,9.74,42.01,3.67,17.59,0.98,1.01,31.29,77.48,175.0,92.42,30.63,186.04
3936,11.18,32.91,7.01,27.39,0.85,11.07,20.78,76.82,174.0,90.99,28.99,337.36
3937,16.67,38.22,0.63,26.8,0.82,1.49,13.4,86.38,22.0,100.0,8.5,254.54
3938,4.88,23.42,3.18,15.67,0.51,2.65,28.62,89.97,222.0,88.7,31.67,140.98
3939,10.3,31.0,5.97,25.91,0.16,6.26,9.13,86.97,268.0,84.93,14.94,239.12
3940,11.41,26.36,6.96,32.92,0.54,1.01,33.5,74.95,188.0,90.28,41.03,309.37
3941,6.87,31.75,2.28,15.26,0.61,2.58,19.68,89.29,28.0,99.01,12.33,133.96
3942,14.18,36.83,1.07,24.17,0.84,2.99,13.82,84.28,161.0,91.88,17.13,204.69
3943,7.9,30.37,5.17,20.77,0.47,1.37,21.64,78.62,49.0,95.98,21.06,165.3
3944,10.43,39.18,3.39,19.36,0.5,2.86,22.34,75.31,105.0,94.03,25.91,154.08
3945,14.53,28.86,5.92,36.13,0.58,1.98,30.54,80.7,76.0,94.35,34.68,307.43
3946,10.74,39.31,4.57,20.96,0.38,6.67,23.54,86.82,293.0,85.65,34.18,191.05
3947,11.44,41.86,5.29,21.68,1.07,4.21,26.93,85.91,124.0,95.16,25.29,223.71
3948,1.93,40.08,4.51,7.39,0.52,0.5,17.05,87.0,227.0,89.27,17.26,63.0
3949,4.8,31.93,4.93,13.94,0.25,1.81,13.35,96.51,193.0,87.53,11.75,125.2
3950,10.24,21.25,0.75,29.65,0.57,1.08,17.6,78.78,68.0,96.84,22.69,243.74
3951,8.07,37.49,1.91,14.82,1.02,1.7,26.6,86.28,142.0,91.15,36.52,150.03
3952,11.55,33.25,4.49,25.32,0.9,4.26,23.26,84.44,144.0,90.05,26.53,224.62
3953,4.58,28.13,1.91,11.67,0.75,8.81,10.89,88.44,143.0,96.3,13.94,140.93
3954,4.4,30.66,7.79,16.4,0.78,1.64,7.26,73.71,226.0,89.56,15.74,156.72
3955,2.65,42.61,4.05,7.78,0.18,5.98,24.62,85.77,84.0,93.91,30.55,101.13
3956,15.44,27.18,7.57,41.66,0.92,1.53,35.49,82.71,236.0,88.46,28.86,375.48
3957,14.18,36.81,1.02,24.13,0.6,0.19,17.43,94.56,146.0,93.21,23.85,198.41
3958,4.57,35.31,8.46,16.22,0.28,2.88,27.92,79.04,261.0,86.11,29.37,145.07
3959,8.9,31.86,1.97,18.72,0.69,2.94,6.08,81.0,271.0,87.05,4.27,181.99
3960,7.54,37.87,0.44,12.38,0.24,1.06,27.0,95.87,102.0,95.56,35.73,115.75
3961,5.59,43.79,1.35,9.01,0.7,1.84,16.09,92.54,238.0,85.39,15.27,79.04
3962,4.59,32.22,9.23,17.77,0.33,3.6,24.29,93.69,342.0,79.03,23.28,149.9
3963,5.24,32.54,3.25,12.91,0.61,7.47,40.0,84.19,238.0,86.26,37.79,135.69
3964,13.3,37.73,4.0,25.16,0.07,2.75,25.61,93.88,215.0,87.99,24.21,189.73
3965,14.43,39.51,3.0,24.92,0.1,7.03,9.64,92.06,272.0,87.42,9.48,235.43
3966,12.46,33.23,4.26,26.76,1.07,1.82,6.79,97.89,88.0,97.75,10.33,247.92
3967,9.37,32.17,7.38,24.86,0.39,3.41,0.33,97.23,276.0,86.97,0.15,267.52
3968,4.46,20.69,4.42,17.35,0.04,4.34,18.19,82.01,293.0,83.97,20.17,162.36
3969,8.28,29.33,7.58,24.52,0.79,3.29,9.6,60.35,32.0,97.74,10.47,239.29
3970,15.12,27.16,4.9,38.3,0.36,3.02,0.47,86.74,242.0,85.57,3.78,401.36
3971,10.79,38.11,2.35,19.34,0.98,6.74,30.04,88.62,52.0,97.01,36.49,190.99
3972,3.46,32.54,4.06,10.45,0.85,4.36,19.66,84.49,130.0,93.39,20.62,107.6
3973,8.47,32.3,1.19,16.92,1.25,7.18,21.44,86.01,103.0,98.28,24.65,185.19
3974,3.79,33.95,2.63,9.32,0.41,3.64,8.16,64.11,336.0,82.16,9.31,93.0
3975,11.49,28.78,4.15,28.11,1.1,2.05,26.84,90.15,88.0,96.88,34.02,260.06
3976,5.14,43.32,3.56,10.68,0.82,0.17,14.44,84.05,66.0,97.17,12.49,109.26
3977,5.63,41.79,3.88,11.97,0.52,0.64,8.91,87.93,84.0,93.64,20.31,120.31
3978,10.9,43.71,7.15,22.11,0.65,6.0,22.13,92.19,200.0,89.63,25.18,235.04
3979,1.71,38.1,2.36,5.06,0.85,4.01,13.39,95.38,211.0,87.69,22.96,61.53
3980,5.75,33.82,5.32,15.53,0.69,1.89,32.3,62.18,186.0,93.5,32.79,136.15
3981,4.48,43.69,3.73,9.88,0.53,5.87,20.09,95.29,186.0,91.48,20.95,106.29
3982,6.18,29.93,7.75,20.14,0.71,6.8,-2.87,86.35,69.0,94.55,-3.64,243.54
3983,9.6,28.77,1.18,21.2,0.65,3.2,23.39,96.7,190.0,92.12,23.35,189.55
3984,12.17,30.39,8.46,32.49,0.66,2.42,40.0,84.24,260.0,89.0,38.77,312.39
3985,14.47,37.14,2.25,25.63,0.59,5.47,9.05,83.46,16.0,100.0,13.6,248.36
3986,9.5,29.43,1.59,20.96,0.59,4.15,2.3,84.23,229.0,89.38,0.77,223.28
3987,11.73,33.07,7.69,28.98,0.61,2.18,36.96,91.66,45.0,97.76,31.21,282.38
3988,5.99,24.39,3.9,18.65,1.61,4.2,10.11,87.06,73.0,96.79,8.81,241.25
3989,1.65,36.89,7.17,9.85,0.4,3.54,19.41,94.55,337.0,83.3,23.55,101.08
3990,8.45,24.9,1.62,21.97,0.59,0.37,4.75,89.35,412.0,80.14,11.89,203.51
3991,9.21,28.41,1.14,20.6,0.38,5.58,10.33,97.64,91.0,93.62,21.17,187.0
3992,6.75,41.3,2.5,12.31,1.67,9.69,14.47,87.39,64.0,98.69,19.43,181.93
3993,8.46,41.1,0.75,13.1,0.69,4.39,21.0,79.6,123.0,93.31,24.05,125.73
3994,7.75,36.25,2.57,15.4,0.16,4.32,8.53,95.2,56.0,98.96,16.43,147.88
3995,6.51,35.65,7.72,18.67,0.84,3.19,19.4,79.28,38.0,97.44,16.74,159.63
3996,10.46,30.81,4.72,25.08,0.61,1.61,7.92,94.39,206.0,90.86,14.31,204.12
3997,11.95,29.36,3.43,27.84,0.3,1.56,21.14,67.26,14.0,100.0,24.51,233.23
3998,11.13,31.83,2.93,23.91,1.24,2.63,15.35,95.76,191.0,91.25,25.84,238.54
3999,9.03,24.92,2.11,23.84,0.98,1.74,16.67,86.94,271.0,87.63,16.95,219.69
4000,6.64,35.51,4.08,15.29,0.33,3.21,12.69,85.63,214.0,90.46,20.24,142.47
4001,3.58,34.29,1.82,8.09,0.11,0.08,25.87,95.6,180.0,90.05,35.49,77.41
4002,9.48,28.4,4.68,24.71,0.88,1.98,26.26,68.51,294.0,83.13,29.94,224.18
4003,11.69,43.41,5.59,21.74,0.24,1.12,14.61,87.28,27.0,100.0,22.83,196.08
4004,5.18,37.64,0.56,8.81,0.34,6.92,14.03,82.97,118.0,94.33,13.18,86.73
4005,10.82,38.15,5.98,23.0,0.05,10.99,37.08,76.44,242.0,90.02,41.26,259.49
4006,5.7,31.08,2.54,13.54,0.37,0.74,22.8,84.53,253.0,89.5,32.1,112.86
4007,16.83,33.99,0.51,30.22,0.21,8.46,24.57,75.0,220.0,87.31,32.07,291.36
4008,4.85,37.76,4.21,11.92,1.44,2.98,31.76,97.79,176.0,88.95,34.39,133.32
4009,4.92,34.92,6.18,14.63,0.68,5.33,14.93,86.0,178.0,91.66,10.54,148.26
4010,12.04,43.61,1.89,18.45,1.36,3.72,32.47,69.36,223.0,88.42,29.17,196.48
4011,6.17,32.78,0.35,11.65,0.93,10.24,-1.38,75.95,80.0,94.25,-3.93,181.64
4012,14.21,30.97,1.03,28.56,0.39,1.75,35.59,75.76,95.0,90.83,38.21,252.55
4013,10.05,37.81,1.18,17.14,0.78,5.37,11.35,86.91,135.0,94.3,13.0,183.8
4014,13.4,26.41,1.84,32.28,0.06,4.18,23.34,73.36,23.0,98.25,24.24,240.13
4015,5.06,39.55,8.59,16.26,0.72,4.87,24.82,93.26,128.0,97.25,27.12,152.19
4016,5.61,26.2,5.62,18.47,0.27,7.71,12.99,84.07,85.0,96.89,13.0,189.63
4017,8.92,37.83,4.25,18.39,0.88,4.88,27.93,87.25,239.0,88.57,30.44,190.65
4018,11.79,30.11,2.36,25.86,0.99,1.77,27.06,70.89,189.0,90.47,23.85,224.43
4019,2.56,36.86,3.91,8.08,0.45,4.67,17.64,89.01,230.0,86.54,22.77,68.21
4020,12.1,39.44,6.5,24.9,0.6,2.51,8.62,89.86,216.0,91.61,22.57,227.64
4021,9.52,34.92,6.87,23.23,0.32,6.31,32.51,88.16,76.0,98.1,38.4,214.2
4022,10.88,26.8,3.51,27.87,0.59,4.25,21.34,95.35,222.0,89.26,34.12,245.39
4023,6.53,28.62,2.37,16.06,0.61,0.84,30.23,80.27,207.0,85.79,39.45,129.88
4024,13.96,29.63,4.17,32.44,1.24,0.95,-5.37,82.19,232.0,89.87,-5.0,400.64
4025,3.43,22.63,4.12,13.23,0.23,5.1,24.43,81.0,173.0,85.07,24.64,125.27
4026,10.16,40.76,1.65,16.6,0.2,8.08,12.93,89.53,35.0,95.91,12.48,157.06
4027,13.26,34.66,3.46,26.4,0.48,5.9,17.26,77.5,204.0,90.66,28.93,248.33
4028,4.54,27.19,4.24,14.25,1.01,2.38,26.58,95.23,173.0,90.52,33.86,141.14
4029,2.46,42.73,5.74,9.19,0.26,7.36,-0.84,98.7,171.0,93.22,2.72,124.03
4030,12.93,29.79,2.79,28.82,1.0,2.3,11.12,77.75,141.0,92.13,12.27,250.87
4031,12.0,35.5,1.39,21.68,0.34,2.12,21.83,92.3,65.0,95.74,14.97,169.12
4032,7.36,29.05,2.33,17.54,0.97,5.32,1.26,92.03,166.0,89.74,5.0,212.17
4033,8.88,21.89,3.7,28.04,1.37,0.78,21.2,91.95,123.0,91.36,25.27,255.11
4034,9.45,25.81,0.91,22.89,0.74,8.97,6.15,93.62,26.0,100.0,6.92,288.35
4035,12.6,31.31,0.69,24.85,0.39,2.65,36.08,90.79,330.0,84.99,36.18,220.27
4036,9.24,39.39,3.69,17.76,1.16,6.88,23.71,75.97,355.0,82.08,28.74,198.97
4037,4.77,36.08,0.5,8.44,1.06,9.91,25.35,95.88,126.0,91.64,26.75,111.59
4038,4.59,34.84,5.93,13.83,0.61,1.93,8.02,70.87,74.0,95.22,9.16,133.15
4039,13.69,21.94,4.61,42.04,0.8,8.7,18.25,97.91,347.0,79.95,21.49,469.64
4040,3.3,41.62,2.43,7.19,0.09,1.4,14.44,89.85,255.0,87.35,19.44,57.6
4041,11.69,35.34,2.57,22.42,0.41,1.97,22.84,73.28,345.0,84.22,27.4,191.36
4042,6.21,33.28,4.93,16.13,0.92,1.97,25.31,88.71,91.0,94.01,28.33,148.11
4043,2.05,40.79,2.41,5.43,0.09,4.94,16.85,98.19,31.0,95.87,22.73,50.85
4044,11.2,41.48,2.12,18.32,0.1,1.87,19.14,86.38,375.0,80.68,17.46,149.68
4045,9.62,40.93,3.19,17.3,0.63,1.13,15.47,66.41,194.0,88.63,18.67,150.32
4046,8.36,32.52,8.69,24.12,1.14,2.73,35.89,94.91,41.0,96.85,45.0,260.16
4047,6.19,27.98,0.67,13.95,0.14,1.96,6.8,92.24,75.0,97.68,1.88,135.08
4048,15.71,39.94,2.47,26.07,0.23,9.32,4.27,91.27,74.0,94.8,8.11,284.02
4049,8.58,25.81,2.81,22.74,0.78,2.38,21.05,94.63,303.0,84.82,22.24,217.95
4050,7.34,45.68,5.16,14.81,0.48,5.79,11.83,97.5,380.0,81.14,14.35,165.43
4051,5.15,34.17,5.43,14.47,0.61,0.96,7.81,94.02,390.0,80.78,14.11,148.29
4052,4.43,27.63,3.46,13.08,0.68,3.04,21.87,68.28,268.0,85.41,24.41,118.76
4053,10.96,26.61,1.3,26.03,1.22,9.48,7.25,84.63,302.0,85.25,13.31,355.11
4054,6.92,26.33,4.42,20.19,0.76,5.86,19.28,93.62,163.0,91.09,19.54,199.7
4055,1.33,34.84,2.19,4.47,0.61,13.83,15.74,88.75,60.0,95.58,17.11,71.88
4056,5.56,33.96,4.61,14.44,0.13,1.94,17.08,80.97,249.0,88.37,19.38,115.98
4057,12.81,26.58,1.97,30.88,0.48,6.32,9.14,73.95,113.0,92.93,14.94,312.67
4058,11.24,31.86,1.47,22.64,0.09,0.04,8.91,87.85,44.0,99.37,4.27,196.61
4059,5.79,25.79,1.39,14.85,1.15,6.4,14.78,85.9,91.0,94.38,16.95,171.59
4060,12.37,37.54,5.73,25.51,1.11,3.13,34.18,88.98,224.0,88.51,39.26,235.68
4061,13.8,33.67,1.15,25.74,0.55,1.82,2.54,75.93,11.0,96.27,11.43,229.35
4062,15.1,31.73,3.07,31.63,0.19,1.23,22.51,79.48,70.0,95.38,21.7,248.26
4063,13.23,26.27,4.57,34.79,1.62,3.45,6.35,89.17,281.0,83.52,4.21,426.44
4064,7.85,32.2,5.61,20.23,0.69,11.06,19.58,90.26,13.0,100.0,21.61,229.24
4065,10.3,31.51,2.42,22.02,0.56,3.09,18.08,66.99,126.0,90.99,21.3,193.41
4066,9.59,35.91,3.7,19.73,0.94,3.1,20.43,94.16,171.0,93.07,23.57,177.67
4067,13.51,35.0,4.38,27.54,0.26,2.82,35.23,82.47,50.0,98.9,35.97,228.39
4068,10.02,38.75,1.12,16.63,0.58,1.63,27.11,75.83,18.0,97.57,23.8,133.6
4069,3.21,31.09,0.69,6.88,0.96,9.33,17.28,85.64,366.0,79.88,19.35,76.72
4070,2.1,22.84,2.77,8.29,1.13,6.79,32.78,82.5,144.0,91.59,38.71,102.76
4071,12.09,39.95,7.18,25.35,0.46,3.53,8.43,79.17,281.0,84.51,13.8,234.22
4072,6.75,28.38,1.66,15.93,0.92,0.53,6.44,78.36,32.0,98.33,3.07,166.67
4073,8.22,27.36,6.6,24.62,0.77,3.62,35.19,81.27,27.0,97.69,32.42,249.12
4074,3.42,33.74,5.72,11.79,0.19,2.44,19.43,86.73,89.0,95.61,21.9,102.95
4075,2.36,35.81,1.11,5.06,1.53,1.47,25.46,90.17,287.0,85.15,29.72,54.0
4076,11.29,30.81,8.51,30.49,0.27,3.32,7.61,78.63,142.0,95.08,14.08,253.08
4077,14.3,30.77,7.3,35.18,0.82,1.78,11.99,87.58,87.0,96.87,18.16,320.62
4078,8.71,31.65,1.17,17.68,1.29,3.26,33.65,86.66,242.0,86.58,31.16,183.56
4079,10.54,42.5,6.0,20.88,0.41,2.83,-1.62,94.9,315.0,85.17,7.73,223.11
4080,7.61,33.98,4.88,18.32,0.4,1.21,20.64,95.21,36.0,96.63,23.47,152.78
4081,12.07,28.19,2.08,27.77,0.35,5.46,30.64,91.49,82.0,94.04,33.41,260.09
4082,12.19,28.25,4.11,30.01,1.26,5.48,0.3,79.14,351.0,83.21,10.8,327.26
4083,12.48,32.49,1.49,24.53,1.08,0.31,18.18,81.43,20.0,100.0,28.36,201.65
4084,9.47,35.43,0.54,16.57,1.18,3.85,-4.69,89.0,58.0,98.28,-4.76,210.58
4085,5.33,36.9,7.14,15.82,0.68,1.21,16.19,88.37,179.0,91.96,16.94,133.07
4086,7.78,34.74,6.44,19.87,0.84,3.13,20.88,74.15,316.0,86.64,33.9,176.32
4087,11.69,28.95,2.53,26.75,0.58,7.51,20.35,86.48,161.0,92.58,24.52,267.44
4088,9.64,31.46,1.21,19.59,0.63,0.43,28.56,73.88,170.0,91.21,29.95,157.63
4089,6.3,38.4,3.55,13.39,0.51,7.0,19.71,87.67,213.0,89.55,20.31,143.79
4090,10.97,27.12,7.23,31.5,0.61,0.1,20.03,85.44,138.0,91.48,27.31,255.98
4091,6.49,31.21,3.4,15.89,0.92,3.61,22.21,90.39,190.0,90.23,23.9,148.97
4092,7.18,37.58,0.05,11.51,0.89,2.02,14.57,92.56,224.0,90.51,9.82,107.3
4093,11.38,39.25,7.47,24.87,0.67,2.47,18.48,78.56,58.0,96.47,26.29,212.88
4094,11.97,32.84,7.27,29.13,0.81,1.72,5.33,91.96,121.0,95.31,5.73,280.0
4095,4.59,31.53,6.27,15.01,0.84,4.34,40.0,93.48,170.0,95.27,41.64,163.5
4096,10.56,26.07,2.79,27.09,0.14,3.41,22.49,72.66,271.0,84.18,21.55,242.02
4097,5.79,37.15,10.78,20.14,0.83,2.14,10.89,83.89,215.0,87.17,7.36,182.77
4098,7.17,41.91,8.85,19.11,0.31,2.39,33.26,83.52,172.0,94.32,34.97,160.06
4099,2.42,49.39,6.47,9.4,0.4,1.02,38.33,87.69,213.0,93.41,42.44,120.6
4100,14.69,36.32,5.21,29.47,1.32,1.88,14.28,74.1,63.0,95.41,17.33,270.96
4101,13.72,33.69,4.05,28.48,0.79,5.66,11.67,98.1,38.0,97.39,13.3,284.69
4102,15.31,28.48,7.52,39.79,0.81,4.93,36.47,86.24,100.0,96.75,42.91,401.28
4103,11.34,22.73,1.05,30.97,0.29,2.7,7.15,87.1,113.0,97.14,17.5,284.07
4104,6.24,35.06,2.55,13.24,0.67,3.07,23.16,87.41,238.0,88.74,25.23,124.69
4105,8.46,48.1,2.29,12.85,0.3,8.69,15.33,83.23,312.0,84.67,15.6,165.5
4106,3.97,41.62,5.19,10.92,0.61,7.57,27.77,86.72,248.0,84.95,33.49,122.56
4107,13.38,40.7,3.87,23.59,0.62,1.42,25.18,98.36,187.0,89.72,24.56,195.21
4108,9.11,35.47,4.38,19.78,0.41,8.77,20.25,85.25,58.0,95.88,32.42,181.47
4109,8.81,36.16,8.53,23.16,0.36,3.09,21.57,87.98,239.0,87.86,29.34,176.21
4110,11.45,20.0,2.38,36.72,0.33,4.94,8.51,88.32,96.0,97.13,14.89,381.47
4111,6.12,38.58,1.74,11.27,0.76,10.19,18.47,98.4,254.0,88.31,19.44,132.83
4112,5.8,30.52,2.05,13.45,1.01,12.02,17.78,91.77,94.0,94.89,20.59,171.91
4113,5.24,29.79,4.31,14.85,0.3,3.67,11.99,72.22,197.0,88.24,12.54,140.93
4114,7.6,32.06,0.99,15.22,0.86,6.72,11.88,76.47,263.0,87.59,17.54,179.54
4115,6.83,31.86,3.26,16.13,0.85,2.12,10.06,87.44,253.0,86.29,10.17,155.8
4116,7.26,29.69,3.88,18.55,0.99,7.09,27.27,86.84,229.0,90.29,37.02,193.08
4117,10.26,34.08,0.33,18.4,0.22,3.33,18.86,96.63,61.0,97.15,18.93,145.85
4118,13.43,30.65,7.36,33.65,0.33,5.66,7.81,86.02,222.0,90.92,4.03,318.65
4119,11.96,34.6,6.89,27.62,0.9,3.35,26.64,85.44,74.0,98.29,34.51,251.08
4120,13.02,25.08,2.72,33.87,0.72,1.08,29.32,92.92,115.0,96.06,36.3,317.05
4121,8.22,32.72,9.61,24.68,0.97,0.85,14.93,95.78,59.0,98.39,18.3,221.63
4122,10.68,27.42,2.24,25.61,1.11,2.56,11.17,77.64,224.0,87.43,13.5,248.49
4123,6.24,30.15,2.32,14.74,0.25,4.52,31.57,81.47,316.0,83.14,36.07,136.7
4124,14.9,34.86,4.86,30.51,0.75,2.38,36.02,96.08,168.0,91.1,41.97,269.46
4125,7.6,24.38,1.39,20.09,0.38,1.9,29.95,73.37,68.0,96.09,37.17,188.72
4126,13.62,29.07,5.79,33.91,0.29,4.25,17.33,84.85,146.0,92.25,18.99,279.97
4127,9.01,37.41,5.1,19.56,0.84,0.03,10.65,81.84,113.0,95.59,22.62,176.44
4128,7.46,25.52,1.19,18.74,1.39,4.78,-2.02,62.18,276.0,88.93,-1.45,261.01
4129,10.87,44.67,3.47,18.08,0.68,6.78,30.09,92.9,135.0,91.91,28.56,193.78
4130,14.36,41.22,4.8,25.7,1.25,5.54,3.03,85.73,70.0,97.72,7.92,313.64
4131,6.0,31.03,4.45,16.05,0.36,7.03,9.33,80.08,44.0,99.14,8.79,173.82
4132,7.48,29.28,6.55,21.87,1.06,0.77,13.5,96.16,360.0,80.91,20.08,200.55
4133,3.95,35.21,3.89,10.62,0.56,3.81,23.78,91.07,226.0,87.56,32.78,111.99
4134,13.73,25.32,1.34,33.88,0.74,4.93,-9.62,82.63,281.0,86.95,-2.83,431.3
4135,4.55,21.99,0.66,13.06,0.61,4.85,18.86,83.34,57.0,95.83,23.96,150.37
4136,15.4,31.24,6.78,36.36,0.66,3.78,35.22,89.78,300.0,86.91,32.93,306.4
4137,14.17,33.2,6.95,32.56,1.51,8.34,11.55,94.21,354.0,82.14,18.19,382.81
4138,4.99,34.57,5.39,14.04,0.72,10.73,25.13,89.36,63.0,98.75,23.64,171.31
4139,5.92,30.31,2.1,13.81,0.56,4.36,13.24,69.78,383.0,84.39,15.34,124.73
4140,12.71,41.64,4.32,22.64,0.86,3.23,20.82,88.83,128.0,94.2,17.56,219.82
4141,8.71,25.03,2.47,23.36,1.16,5.39,16.53,93.98,99.0,95.43,16.44,268.46
4142,1.5,27.17,7.29,10.6,0.47,4.05,7.91,86.27,33.0,96.12,12.19,124.34
4143,7.88,36.92,1.56,14.37,0.84,7.16,22.96,92.09,159.0,93.11,26.47,149.59
4144,8.69,27.03,5.97,25.26,0.74,4.46,20.4,95.11,250.0,86.62,24.64,254.58
4145,11.97,26.8,5.8,32.6,0.47,3.21,18.56,88.42,212.0,87.34,13.81,280.18
4146,4.56,34.74,4.28,12.16,0.05,5.87,33.06,89.46,275.0,85.71,38.4,125.91
4147,17.42,27.68,2.25,40.02,0.65,3.29,17.17,77.62,148.0,94.47,27.63,327.68
4148,12.31,33.2,5.49,27.73,1.29,0.84,21.65,77.51,242.0,86.14,21.05,222.86
4149,16.57,29.8,1.34,34.7,0.35,5.61,10.85,88.68,125.0,96.2,12.73,320.11
4150,10.04,28.83,7.49,28.38,0.41,8.45,24.95,86.37,177.0,94.17,22.22,292.75
4151,1.52,21.39,5.61,9.88,0.4,3.82,6.05,87.01,90.0,98.28,10.87,127.08
4152,8.06,34.84,9.0,22.88,0.4,7.26,19.13,92.16,210.0,88.37,30.3,228.73
4153,10.2,26.52,3.31,26.38,0.72,2.68,13.41,86.98,151.0,93.93,15.17,249.99
4154,2.9,32.99,3.24,8.52,0.46,8.02,22.26,68.1,354.0,83.98,27.55,102.93
4155,2.72,30.93,4.45,9.73,1.08,2.11,10.11,94.18,214.0,88.13,14.08,92.89
4156,12.17,32.76,8.0,30.29,0.67,4.47,22.66,97.07,335.0,84.81,27.81,263.63
4157,3.98,33.1,4.39,11.6,0.22,1.48,18.12,77.51,16.0,98.74,17.43,101.12
4158,11.96,35.16,4.58,24.99,1.65,4.38,31.42,81.23,304.0,85.99,32.77,270.33
4159,7.87,29.63,2.07,18.01,0.79,3.42,-3.56,93.84,133.0,94.97,-0.51,211.8
4160,12.77,41.46,4.62,23.1,1.61,0.32,8.58,68.17,172.0,89.12,8.61,244.06
4161,9.17,22.92,5.0,29.01,0.21,4.99,12.26,77.71,153.0,93.99,15.34,284.69
4162,10.65,32.64,6.13,25.7,0.42,2.29,20.61,94.23,360.0,81.88,27.16,221.07
4163,3.85,39.02,4.67,10.59,1.13,1.82,22.16,95.32,378.0,81.46,23.2,101.79
4164,12.75,36.86,6.01,26.76,0.77,6.51,23.68,88.57,68.0,97.14,27.47,228.78
4165,17.06,28.15,6.62,42.97,0.18,2.85,20.08,72.71,302.0,84.75,25.71,367.68
4166,11.0,29.15,0.63,23.26,0.22,2.2,17.45,93.84,279.0,83.05,20.46,177.73
4167,2.98,27.96,5.56,11.96,0.69,4.68,12.74,62.18,232.0,88.75,20.33,116.04
4168,5.58,37.6,3.58,12.49,1.43,3.14,25.62,69.54,112.0,92.66,28.97,115.14
4169,12.22,29.56,2.85,27.66,0.55,2.59,10.3,72.33,196.0,93.71,7.47,255.81
4170,11.77,35.53,6.94,26.81,0.81,0.64,21.96,74.53,43.0,96.53,28.76,222.97
4171,13.77,35.59,6.97,30.18,0.33,1.21,19.76,94.2,291.0,88.79,19.29,252.11
4172,5.35,48.21,4.09,10.74,0.78,1.87,2.35,89.68,362.0,83.49,9.68,131.83
4173,4.35,35.88,4.27,11.54,0.3,2.44,22.05,78.86,146.0,93.0,29.37,108.84
4174,3.96,29.13,1.14,9.29,0.49,0.74,40.0,86.97,118.0,93.12,40.11,94.07
4175,7.0,25.24,2.73,19.37,0.14,3.41,38.21,77.1,250.0,87.9,45.0,181.47
4176,7.43,32.34,5.57,19.36,0.46,6.76,29.22,90.8,234.0,88.36,39.48,184.12
4177,13.84,33.29,1.2,26.16,1.21,3.41,24.15,90.58,101.0,94.61,20.56,235.86
4178,8.03,20.74,4.24,27.47,0.93,2.47,6.76,76.91,183.0,89.71,7.85,299.89
4179,10.22,29.72,5.7,26.33,0.53,3.64,22.14,80.34,393.0,79.82,24.55,215.29
4180,12.1,35.78,5.65,25.93,0.34,8.12,39.13,95.61,132.0,95.4,41.59,291.69
4181,9.52,30.81,2.21,20.74,0.19,4.54,12.62,88.91,419.0,78.17,21.08,165.25
4182,10.22,39.81,8.09,23.49,0.76,2.79,2.48,90.13,45.0,100.0,0.41,254.86
4183,3.14,24.65,3.63,11.26,0.64,3.43,27.02,96.46,100.0,98.37,29.31,121.6
4184,8.73,38.06,0.6,14.37,0.34,12.32,10.39,80.04,117.0,94.2,19.89,183.35
4185,15.48,39.49,3.3,26.82,0.04,3.54,7.54,95.08,180.0,91.21,10.0,239.83
4186,8.45,39.74,7.49,20.25,0.45,14.0,21.56,94.92,223.0,86.08,28.24,313.22
4187,5.82,24.6,3.12,17.31,1.35,1.82,26.85,74.5,67.0,94.91,24.06,166.19
4188,6.87,35.89,1.4,12.88,0.66,2.81,19.48,82.3,204.0,90.73,29.58,103.79
4189,9.38,29.99,4.95,23.71,1.12,4.72,26.81,86.71,136.0,92.11,35.81,255.68
4190,10.22,25.56,1.83,25.81,0.19,2.14,31.4,77.78,118.0,89.82,34.51,212.74
4191,9.3,31.52,7.19,24.88,0.44,4.52,22.87,85.1,164.0,91.16,24.39,219.4
4192,10.56,28.57,8.37,30.55,0.97,2.7,24.07,99.21,122.0,94.14,28.53,280.4
4193,14.15,39.52,7.94,29.42,1.14,9.71,13.84,85.21,226.0,93.32,16.89,362.96
4194,7.23,37.08,0.06,11.76,0.49,4.94,36.98,87.33,350.0,81.31,43.34,122.49
4195,13.62,27.09,0.08,30.26,0.61,2.0,23.38,83.26,73.0,95.82,24.58,257.92
4196,9.9,29.65,6.39,26.41,1.03,9.72,23.02,83.7,127.0,94.4,21.38,323.69
4197,9.13,31.72,5.35,22.63,0.58,4.67,15.12,95.27,22.0,100.0,21.18,195.41
4198,8.52,33.57,8.32,23.56,0.45,3.88,11.16,94.6,13.0,98.99,10.53,226.4
4199,4.0,40.04,0.17,6.16,1.06,13.42,10.38,94.18,301.0,86.05,13.77,102.92
4200,14.8,38.14,1.31,24.59,1.05,14.0,14.28,88.85,186.0,90.34,23.04,383.13
4201,6.38,34.31,3.91,15.06,0.4,9.81,18.64,76.94,129.0,95.57,16.86,158.08
4202,7.55,32.44,1.82,15.79,1.45,2.26,21.66,98.43,89.0,97.1,19.52,159.02
4203,18.66,23.36,5.43,53.35,0.54,2.19,0.46,73.55,49.0,99.76,2.99,581.0
4204,8.26,41.75,0.57,12.43,0.01,1.0,31.4,85.59,22.0,100.0,34.43,110.22
4205,8.63,31.32,3.03,19.57,0.36,2.64,16.58,77.68,129.0,93.7,22.26,163.57
4206,4.74,43.33,7.42,13.99,1.28,2.83,33.65,73.43,140.0,95.4,43.73,155.7
4207,4.2,35.18,1.67,8.84,0.57,4.8,23.52,89.18,83.0,92.98,20.84,89.83
4208,1.94,46.15,3.22,5.75,0.49,1.01,21.54,89.48,273.0,83.1,24.71,63.19
4209,1.69,37.64,4.72,7.41,0.04,4.29,29.84,88.45,94.0,98.13,26.39,69.78
4210,10.9,25.41,4.57,30.32,0.9,1.63,33.08,71.05,19.0,100.0,38.35,267.44
4211,6.63,30.31,3.65,16.77,0.61,2.78,18.16,83.58,201.0,88.03,18.78,152.35
4212,1.13,32.99,1.99,4.04,1.01,1.46,32.9,84.69,108.0,95.93,37.64,56.83
4213,15.83,28.76,1.88,34.91,0.48,1.57,19.35,86.62,198.0,92.94,24.32,269.86
4214,12.8,31.74,0.29,24.49,0.69,2.14,17.18,76.41,75.0,100.0,22.11,203.53
4215,6.9,25.8,0.39,16.44,0.73,0.61,16.19,81.09,224.0,88.01,18.85,137.26
4216,14.22,34.03,1.75,26.81,1.21,2.52,5.34,93.26,42.0,95.57,0.98,271.51
4217,11.95,35.42,8.39,28.63,0.23,3.44,-7.95,85.9,132.0,94.96,-5.0,347.4
4218,8.41,27.98,6.18,24.22,0.19,2.73,11.93,69.81,140.0,93.37,16.85,198.55
4219,3.36,45.64,0.31,4.72,0.35,11.16,21.88,82.38,52.0,95.15,28.96,70.24
4220,7.62,34.38,0.21,13.51,0.36,3.17,23.71,91.44,144.0,91.39,19.99,126.43
4221,7.18,29.1,1.32,16.12,0.91,2.7,0.28,94.36,103.0,95.23,-4.99,205.34
4222,5.46,24.22,2.4,15.93,1.13,0.74,23.85,95.63,130.0,92.05,33.91,142.45
4223,9.61,34.36,2.75,19.52,1.59,5.09,7.37,68.74,124.0,92.38,11.22,216.33
4224,11.93,32.44,5.5,27.56,0.19,3.75,27.64,87.75,189.0,91.69,24.48,223.36
4225,8.18,38.7,3.71,16.39,0.51,9.02,23.46,90.89,251.0,88.12,21.57,193.43
4226,3.02,33.14,3.2,8.67,0.22,6.02,6.27,91.02,75.0,96.42,7.12,94.58
4227,4.5,26.84,4.43,14.5,1.02,0.98,12.82,90.5,235.0,89.81,11.69,147.21
4228,16.0,44.02,3.93,25.74,0.19,1.02,4.38,82.47,218.0,92.03,4.26,235.21
4229,2.34,36.61,4.74,8.58,1.03,6.6,25.6,81.23,183.0,91.18,30.19,94.07
4230,8.53,32.48,0.55,16.31,0.62,1.29,17.87,80.92,205.0,83.78,20.45,135.42
4231,6.73,34.99,3.39,14.93,0.49,3.22,14.52,96.63,62.0,96.59,18.26,128.56
4232,10.15,36.84,0.85,17.38,0.85,1.19,13.34,92.74,154.0,94.87,18.34,154.78
4233,9.86,25.43,7.27,30.52,0.78,2.7,33.03,58.06,126.0,96.08,33.53,288.76
4234,8.83,34.95,1.46,16.62,0.59,6.3,24.73,96.53,287.0,85.69,27.78,160.73
4235,12.85,31.3,2.92,27.56,0.27,6.75,25.53,94.63,111.0,93.35,30.7,244.86
4236,10.41,37.04,6.18,23.04,0.53,5.0,18.38,84.77,218.0,88.07,23.09,210.76
4237,8.65,29.56,2.57,20.13,0.72,2.95,15.32,76.95,112.0,95.14,16.06,185.81
4238,9.89,30.37,0.63,20.18,0.42,3.18,40.0,81.96,0.0,96.63,45.0,199.69
4239,13.95,43.98,0.63,19.65,0.9,6.38,5.77,93.24,16.0,100.0,10.61,231.43
4240,8.4,41.39,1.62,13.79,1.12,0.51,8.93,90.61,358.0,83.01,13.82,137.78
4241,13.31,20.0,5.79,45.72,1.15,3.41,19.83,72.85,63.0,94.74,25.94,462.45
4242,13.04,40.94,8.25,27.37,0.6,3.36,3.3,81.82,8.0,98.52,8.23,269.43
4243,4.44,33.56,1.64,9.58,0.11,4.06,1.71,87.32,242.0,85.72,5.75,106.58
4244,4.67,29.75,3.28,12.69,0.54,8.08,15.95,95.44,129.0,92.97,23.61,152.54
4245,10.25,27.96,7.34,29.34,0.13,2.29,8.37,75.1,19.0,98.59,6.77,277.71
4246,14.08,28.31,2.5,32.34,0.63,8.81,28.55,87.05,91.0,95.2,36.82,352.34
4247,5.77,29.92,8.25,19.81,1.44,5.98,24.43,87.33,214.0,90.08,27.81,211.84
4248,9.45,27.24,1.86,22.67,0.42,2.53,22.87,81.14,284.0,85.51,21.84,188.82
4249,10.67,25.87,1.3,26.04,1.02,1.4,20.39,85.79,121.0,92.01,29.16,233.42
4250,1.78,27.76,4.39,8.23,0.69,1.01,-1.23,91.7,103.0,94.78,2.21,128.82
4251,10.64,35.94,0.56,18.32,0.5,5.34,14.84,84.07,97.0,94.09,19.42,154.28
4252,5.6,34.3,2.57,12.37,0.28,5.95,29.04,87.59,193.0,88.97,30.64,114.08
4253,8.62,37.34,4.32,18.17,0.41,2.0,12.26,98.04,82.0,95.45,17.97,160.71
4254,2.52,33.6,5.41,9.91,0.35,2.04,38.19,83.88,12.0,100.0,44.65,99.29
4255,5.46,26.16,1.19,13.72,0.41,5.85,26.14,86.42,211.0,89.21,26.92,142.09
4256,8.76,36.97,1.51,15.72,0.45,2.32,27.07,88.11,199.0,92.05,30.12,140.22
4257,8.41,27.97,4.22,22.26,0.69,1.93,20.29,82.72,117.0,94.67,25.65,191.57
4258,6.28,37.88,1.9,11.85,0.26,7.76,27.45,93.47,96.0,96.04,26.12,122.38
4259,7.91,27.0,5.56,23.13,0.46,1.01,13.37,87.44,20.0,97.79,18.87,207.63
4260,10.59,29.88,1.36,22.64,0.18,0.8,32.53,95.38,188.0,87.98,35.95,192.2
4261,8.91,31.83,6.6,23.4,1.17,14.0,4.77,78.3,53.0,95.61,8.04,383.36
4262,4.12,38.05,3.23,9.74,1.33,0.24,5.59,75.98,135.0,94.64,3.45,125.35
4263,3.49,35.06,6.5,12.47,0.33,2.82,15.83,88.84,212.0,90.64,19.05,119.98
4264,12.28,34.12,7.53,29.12,0.48,7.92,6.09,89.79,84.0,99.08,7.81,318.31
4265,10.0,45.31,7.76,21.0,1.27,3.16,5.69,87.7,142.0,95.2,0.97,267.77
4266,10.03,22.98,8.93,35.12,0.61,0.6,20.82,69.13,96.0,93.25,20.97,295.53
4267,7.45,27.77,6.2,22.29,0.63,2.94,11.82,94.03,12.0,100.0,12.99,182.15
4268,5.46,27.51,1.47,13.38,0.21,3.99,22.2,81.74,100.0,95.51,25.01,120.69
4269,5.21,23.38,0.98,14.34,0.82,6.85,37.99,95.92,12.0,96.91,40.22,187.46
4270,11.27,29.68,4.13,26.91,1.03,3.22,10.23,92.78,98.0,94.1,9.06,257.58
4271,4.77,38.13,4.42,11.93,0.31,0.6,31.02,79.3,314.0,81.96,26.48,115.24
4272,9.48,30.45,5.35,24.03,1.22,3.47,16.5,80.89,92.0,97.02,16.96,230.77
4273,9.75,32.0,5.49,23.78,1.14,2.0,20.8,74.02,6.0,100.0,29.54,202.62
4274,3.79,23.66,4.04,13.65,0.43,10.78,31.67,94.27,120.0,92.34,34.72,179.74
4275,7.19,29.22,3.86,18.62,0.43,3.96,39.41,91.75,54.0,97.37,45.0,177.21
4276,11.12,31.23,3.98,25.35,0.47,3.61,21.8,79.17,394.0,82.19,23.51,222.77
4277,7.86,37.85,2.92,15.38,1.73,4.09,26.19,79.91,88.0,99.55,33.3,172.31
4278,2.48,23.95,5.2,11.42,0.7,1.46,23.67,85.57,122.0,96.38,21.33,106.02
4279,14.51,31.27,2.03,29.86,1.21,2.65,33.6,80.68,202.0,89.99,38.12,286.29
4280,7.75,40.52,5.82,17.29,0.31,4.5,22.72,76.91,230.0,91.81,24.51,165.16
4281,4.31,31.33,0.24,8.49,0.54,6.49,23.85,86.57,4.0,100.0,25.31,88.58
4282,15.3,21.31,2.0,45.1,1.28,6.69,10.53,93.26,367.0,80.69,14.3,542.55
4283,3.67,41.68,7.52,12.8,0.65,5.41,19.7,90.07,198.0,87.59,22.87,125.91
4284,10.28,38.41,5.97,22.04,1.59,9.06,13.27,82.97,100.0,96.55,11.02,311.33
4285,8.94,39.22,0.83,14.5,0.38,3.32,8.42,63.68,85.0,93.92,17.41,127.33
4286,5.93,23.54,4.03,19.14,0.11,3.41,16.06,69.96,96.0,94.22,19.25,170.98
4287,3.89,43.06,5.33,10.75,1.05,3.24,9.22,93.92,91.0,94.9,19.01,105.13
4288,12.91,29.36,5.77,32.15,0.27,4.92,0.04,89.22,134.0,94.61,0.95,336.99
4289,7.07,30.94,7.92,21.63,0.55,5.83,11.41,80.56,113.0,93.71,20.58,203.25
4290,11.05,29.78,3.75,26.0,1.76,1.12,23.67,92.62,35.0,95.15,27.64,241.83
4291,1.87,39.68,1.36,4.18,1.28,2.12,13.09,87.77,235.0,88.27,20.71,53.19
4292,12.06,32.92,1.18,23.17,0.52,4.23,12.22,88.54,87.0,96.0,12.63,207.22
4293,13.31,36.89,0.67,22.31,0.47,1.54,15.04,72.96,367.0,81.8,14.11,187.29
4294,10.7,34.46,3.21,21.84,0.75,1.53,6.46,90.36,140.0,92.44,17.21,207.41
4295,5.22,33.43,0.78,10.15,0.61,1.93,8.09,93.15,449.0,76.11,-0.25,109.28
4296,7.34,28.32,1.51,17.05,1.68,1.05,15.43,74.77,98.0,95.27,14.56,173.34
4297,9.3,44.87,4.55,16.99,0.77,1.21,20.86,92.43,371.0,80.23,29.13,158.62
4298,7.41,25.22,3.47,21.09,1.07,1.5,-1.75,86.6,138.0,93.04,5.2,236.29
4299,6.41,36.47,0.86,11.41,1.04,1.5,11.59,67.81,31.0,94.34,19.13,123.28
4300,13.36,36.26,1.26,23.36,0.78,1.08,3.52,80.58,379.0,82.56,6.38,229.33
4301,5.43,40.93,3.54,11.5,0.61,3.41,16.83,89.86,110.0,94.2,20.43,113.22
4302,13.65,42.33,1.21,20.57,0.12,3.89,32.48,97.38,51.0,93.49,36.98,197.63
4303,6.55,33.18,5.1,16.94,0.51,7.31,11.25,76.72,247.0,90.88,12.31,165.9
4304,9.28,37.18,7.1,22.06,0.38,2.14,12.38,91.73,315.0,85.07,13.52,200.06
4305,13.18,44.59,4.52,22.26,0.29,1.13,24.17,84.57,179.0,88.79,27.17,190.92
4306,4.62,33.61,10.1,18.35,0.27,1.58,28.89,86.64,143.0,91.82,31.96,149.58
4307,5.54,27.6,4.67,16.71,0.05,7.11,15.19,66.32,290.0,82.56,18.57,158.5
4308,6.86,31.69,7.64,20.63,0.61,7.08,29.71,91.1,113.0,93.23,41.2,210.41
4309,8.19,26.17,2.81,21.57,0.49,4.88,1.09,83.84,53.0,97.26,1.99,246.38
4310,15.36,36.23,8.69,34.13,0.3,1.62,35.12,90.22,239.0,88.09,45.0,297.01
4311,2.67,40.39,0.44,4.4,0.76,2.23,23.92,86.41,66.0,95.45,25.39,58.56
4312,6.85,33.28,1.52,13.87,1.26,3.95,5.4,80.91,30.0,97.94,10.98,152.35
4313,7.32,24.27,1.31,19.4,0.21,2.85,3.84,76.99,271.0,87.19,6.47,176.13
4314,11.06,40.13,2.37,18.92,0.7,4.8,11.71,90.55,128.0,93.86,11.23,183.6
4315,7.32,23.34,0.34,19.16,0.97,7.25,20.67,91.27,172.0,94.72,26.31,211.58
4316,4.11,24.72,4.01,13.98,0.19,5.36,32.94,75.47,152.0,89.66,35.31,137.67
4317,7.96,32.93,5.06,19.56,1.23,2.88,15.29,97.71,41.0,97.73,17.04,191.34
4318,4.8,35.51,2.42,10.52,0.7,10.36,19.74,74.57,296.0,87.48,15.3,128.61
4319,12.6,36.53,1.18,21.88,0.74,7.74,30.72,86.94,25.0,100.0,31.9,222.8
4320,15.75,33.6,2.47,30.59,0.13,0.2,13.29,89.31,90.0,93.79,17.28,209.46
4321,9.73,44.56,8.76,21.86,0.48,1.15,23.35,96.47,140.0,93.59,28.47,195.3
4322,3.58,34.39,3.63,9.88,0.75,1.61,23.84,92.28,84.0,95.99,22.56,100.24
4323,4.36,40.21,11.26,17.77,0.24,2.68,11.0,93.56,347.0,79.15,12.81,163.6
4324,7.03,38.72,5.36,16.26,0.18,6.97,31.86,89.78,70.0,95.57,32.63,152.11
4325,14.07,26.24,0.87,33.04,0.58,1.57,12.11,84.25,9.0,100.0,9.49,294.26
4326,4.25,32.98,0.3,8.03,0.92,2.46,21.26,81.81,263.0,84.49,22.57,79.4
4327,7.02,46.74,8.19,17.2,0.48,4.49,19.46,84.52,305.0,86.95,17.88,168.76
4328,2.26,30.97,0.66,5.03,0.66,2.64,5.65,96.14,195.0,90.06,5.62,62.81
4329,8.91,29.95,4.66,22.51,0.67,7.37,3.43,90.48,62.0,96.39,3.55,269.63
4330,3.54,35.02,9.16,15.22,1.05,3.78,40.0,84.38,11.0,100.0,45.0,169.61
4331,3.74,31.19,3.44,10.64,0.94,3.65,22.45,90.55,53.0,99.94,22.7,90.12
4332,13.16,29.24,6.43,33.45,0.29,3.02,34.37,83.24,220.0,94.91,40.49,279.26
4333,9.02,31.1,0.71,18.12,1.34,1.47,26.18,86.45,60.0,96.19,25.63,172.21
4334,10.56,42.59,3.61,18.49,1.2,3.81,20.65,78.12,136.0,93.57,26.42,190.65
4335,4.96,33.18,3.61,12.57,0.75,1.04,21.82,84.45,298.0,84.24,20.69,105.99
4336,13.59,26.03,1.45,32.78,0.61,4.68,33.19,95.03,316.0,85.1,33.19,322.54
4337,11.74,24.93,7.36,35.62,0.61,7.31,18.51,89.1,208.0,93.81,21.08,399.76
4338,8.57,47.24,4.1,14.99,0.76,3.74,14.64,89.13,32.0,96.78,19.2,152.14
4339,4.45,32.66,1.1,9.27,1.0,4.42,27.02,78.96,56.0,95.82,33.76,96.94
4340,13.73,36.61,4.04,26.54,0.18,2.48,4.84,84.14,46.0,97.62,5.02,245.0
4341,3.76,29.37,3.68,11.36,0.82,7.19,22.81,87.92,270.0,84.93,28.66,134.49
4342,9.3,35.93,2.63,18.16,0.29,2.99,28.89,93.71,151.0,88.71,24.59,147.82
4343,2.93,42.76,1.27,5.38,0.42,4.69,5.96,74.52,274.0,87.1,15.95,59.01
4344,15.52,30.09,1.45,32.4,0.34,2.73,29.92,85.91,161.0,91.93,27.89,256.38
4345,7.83,36.75,5.64,18.42,1.11,4.23,1.38,91.21,219.0,92.41,3.43,202.98
4346,3.45,25.57,4.58,12.69,1.42,2.4,6.51,94.54,223.0,86.48,6.21,162.87
4347,2.95,46.14,0.37,4.21,0.32,5.07,21.12,78.14,192.0,89.9,25.42,62.05
4348,12.81,35.61,5.92,27.5,0.41,0.33,40.0,74.59,233.0,87.65,39.84,246.78
4349,6.26,31.52,4.36,16.28,0.08,5.09,3.66,78.59,32.0,98.33,-0.44,175.03
4350,1.71,32.21,2.1,5.28,1.23,10.22,18.79,84.96,191.0,89.13,17.43,81.54
4351,7.5,30.94,1.2,15.74,0.16,5.9,10.25,88.44,226.0,90.19,12.36,154.99
4352,17.74,31.25,3.58,37.64,0.48,3.16,23.38,89.39,91.0,95.46,20.16,295.87
4353,6.02,20.0,7.35,25.4,0.29,2.83,24.42,84.97,224.0,86.91,29.89,263.49
4354,17.3,33.41,3.75,34.81,0.68,4.99,7.29,68.75,189.0,91.83,18.07,330.93
4355,14.65,33.16,4.85,31.35,1.02,2.02,21.77,92.29,17.0,98.34,32.57,285.52
4356,11.04,36.93,1.19,19.12,0.53,3.41,26.38,97.26,153.0,92.74,24.99,164.23
4357,4.72,30.86,0.88,10.06,0.49,1.5,37.15,93.86,51.0,98.33,32.4,96.25
4358,11.18,29.37,5.9,28.74,1.07,6.34,15.54,75.02,245.0,86.33,14.64,313.18
4359,7.6,33.95,5.63,19.07,0.28,3.2,39.6,95.21,321.0,84.41,42.65,172.83
4360,8.61,24.33,4.62,25.86,0.11,3.99,12.03,91.43,194.0,87.57,12.19,223.67
4361,5.59,34.86,1.77,11.4,0.66,1.38,25.09,83.27,245.0,84.49,30.86,99.03
4362,6.11,22.83,1.55,17.6,0.51,4.91,8.19,90.82,248.0,88.54,6.71,201.66
4363,9.7,40.72,1.66,15.95,0.74,2.49,23.54,95.55,108.0,94.69,28.43,153.11
4364,9.62,38.11,7.7,22.85,0.38,3.64,-6.67,93.32,163.0,93.46,-5.0,277.98
4365,2.1,28.44,6.92,11.36,1.04,3.1,20.82,80.22,385.0,76.7,16.8,128.88
4366,12.61,37.97,2.34,22.26,0.31,7.55,37.64,75.25,137.0,94.87,41.46,238.04
4367,7.29,34.67,2.35,14.97,0.46,1.38,14.1,68.45,259.0,86.5,22.29,121.07
4368,5.14,27.95,3.13,14.17,0.48,9.58,28.88,82.94,205.0,89.02,28.21,162.18
4369,13.41,21.86,6.15,42.97,0.23,2.49,11.17,93.21,195.0,93.55,13.28,411.17
4370,7.66,35.9,3.66,16.47,0.78,0.89,35.56,70.7,234.0,87.89,34.67,150.29
4371,7.11,29.23,5.34,19.93,1.18,3.47,7.92,88.83,139.0,92.2,13.88,208.33
4372,10.67,40.57,2.95,18.72,0.26,3.28,18.76,83.6,69.0,95.82,24.53,150.43
4373,6.68,34.08,6.99,18.75,1.3,1.34,12.93,78.8,140.0,91.05,14.82,176.46
4374,2.08,29.8,4.61,8.79,0.58,14.0,27.33,85.6,15.0,99.36,28.32,132.29
4375,4.46,44.79,4.78,10.75,0.29,7.13,12.58,83.83,170.0,94.75,18.24,111.37
4376,13.4,37.46,7.3,28.77,0.73,7.58,15.38,89.71,22.0,95.42,17.43,290.44
4377,3.64,20.0,3.77,14.7,0.16,7.31,-8.78,85.77,76.0,97.89,-2.06,218.6
4378,10.84,31.08,0.97,21.9,0.15,2.52,20.09,87.66,70.0,96.45,22.73,166.67
4379,10.24,25.7,6.47,30.39,0.44,13.73,20.48,88.58,125.0,91.86,26.26,363.27
4380,11.61,29.2,6.22,30.07,0.15,5.01,14.04,77.73,288.0,86.29,18.49,241.97
4381,7.89,33.13,4.91,19.2,1.57,3.7,-3.3,89.4,83.0,95.97,-1.36,249.16
4382,4.25,36.12,3.9,10.96,0.41,1.98,12.12,97.08,161.0,91.25,6.01,117.15
4383,6.94,35.56,2.79,14.5,0.64,3.53,22.78,97.32,53.0,98.06,26.32,139.67
4384,7.2,40.47,4.11,14.78,1.08,2.92,1.21,87.99,128.0,93.78,-2.13,174.94
4385,14.56,37.82,4.2,27.29,1.1,4.63,-8.22,75.09,176.0,92.11,0.11,371.15
4386,11.95,37.45,6.92,26.07,0.55,2.23,27.42,87.85,1.0,100.0,26.85,220.38
4387,4.85,35.21,6.29,14.56,0.35,3.41,17.9,84.18,135.0,90.3,21.16,142.42
4388,11.35,41.72,2.04,18.36,0.41,2.69,33.41,86.22,57.0,94.28,30.0,154.77
4389,2.79,32.1,2.73,7.95,0.18,3.32,14.9,94.18,325.0,82.97,8.3,82.2
4390,9.15,32.26,3.4,20.41,0.07,2.55,12.6,84.59,185.0,89.69,12.48,174.14
4391,8.37,22.57,4.2,26.45,0.71,3.93,-2.1,78.78,265.0,87.03,4.27,304.19
4392,4.87,40.34,4.79,12.03,0.61,5.35,40.0,80.78,151.0,90.88,39.05,128.32
4393,2.94,33.54,1.07,6.34,0.34,11.55,18.39,84.31,76.0,95.34,22.39,81.26
4394,4.45,50.0,4.75,10.1,1.26,2.75,11.79,68.37,287.0,86.69,14.09,129.74
4395,4.6,31.57,2.0,10.74,1.21,2.85,9.95,95.66,271.0,84.02,13.79,111.18
4396,4.22,34.53,2.44,9.77,0.82,3.41,40.0,85.42,159.0,92.56,43.19,101.94
4397,10.79,37.28,3.29,20.66,0.33,1.54,19.67,82.76,243.0,85.4,20.33,172.35
4398,2.05,27.39,3.15,7.65,0.3,0.72,28.82,88.61,75.0,95.6,33.87,83.69
4399,13.14,36.15,1.76,23.57,0.28,1.77,22.16,86.66,180.0,90.68,25.82,177.44
4400,4.31,34.21,5.46,13.01,0.63,1.02,31.71,77.08,26.0,97.22,36.32,128.23
4401,9.79,32.18,1.59,19.84,0.88,2.44,17.55,92.14,103.0,96.35,18.75,175.29
4402,10.97,41.04,5.87,21.9,0.13,3.11,18.65,92.68,201.0,93.27,19.95,166.02
4403,12.88,28.58,2.12,29.17,1.6,1.12,16.04,83.07,156.0,86.7,21.72,253.23
4404,11.07,35.65,0.24,18.87,0.38,3.02,30.47,72.25,191.0,92.28,39.06,162.44
4405,5.53,42.73,3.93,11.69,0.7,3.9,23.94,81.8,110.0,96.41,26.97,134.08
4406,4.98,29.76,1.72,11.77,0.54,5.53,35.75,85.36,222.0,88.93,34.3,125.39
4407,10.91,32.22,4.53,24.85,0.43,2.44,16.46,88.15,67.0,96.59,18.26,191.87
4408,11.85,48.07,1.64,16.44,0.24,1.82,8.48,81.96,78.0,95.21,12.59,177.73
4409,8.07,36.85,4.66,17.8,0.2,1.52,24.86,92.91,153.0,92.46,29.77,134.87
4410,3.98,30.96,3.27,10.97,0.42,3.22,20.99,83.98,158.0,94.0,19.44,111.73
4411,8.11,38.82,6.35,18.88,1.03,4.51,11.82,83.55,163.0,90.57,11.89,207.6
4412,9.66,30.59,5.88,24.82,0.84,3.44,5.98,87.92,175.0,89.9,7.77,249.66
4413,3.87,24.61,1.21,10.65,0.82,2.75,21.87,96.75,196.0,92.36,30.76,113.04
4414,9.77,42.23,0.99,14.87,0.4,11.84,-4.13,92.56,272.0,87.42,-5.0,238.6
4415,6.06,27.38,0.19,13.47,0.27,4.27,15.07,84.88,73.0,96.4,20.99,124.18
4416,5.8,48.71,6.64,13.78,0.18,2.26,28.18,83.54,42.0,100.0,24.35,154.1
4417,8.93,31.06,1.71,18.96,0.43,3.09,18.22,82.88,158.0,91.1,20.46,149.89
4418,12.77,46.8,0.87,17.24,0.85,0.91,6.21,81.89,183.0,92.16,12.39,197.36
4419,11.24,25.79,5.36,31.51,1.0,5.2,17.0,86.54,181.0,93.47,15.1,289.63
4420,10.53,40.15,3.69,19.43,0.8,2.47,15.02,91.31,371.0,82.07,14.83,165.45
4421,18.12,37.0,0.59,29.97,0.46,2.93,40.0,83.23,142.0,91.28,45.0,280.33
4422,12.96,39.03,1.39,21.31,0.42,4.79,40.0,86.02,167.0,89.54,45.0,229.62
4423,9.06,39.81,10.23,23.89,0.5,3.41,22.95,90.88,26.0,97.68,26.0,196.0
4424,6.86,31.01,8.59,21.85,0.74,5.84,23.25,89.04,62.0,98.04,26.42,227.46
4425,11.81,26.15,7.06,34.16,0.43,0.54,8.18,89.05,202.0,90.86,17.78,296.55
4426,10.61,33.69,3.89,22.78,0.98,2.4,7.27,78.35,158.0,92.06,16.69,223.76
4427,3.52,35.34,4.88,10.86,0.64,1.54,17.51,96.34,76.0,96.57,25.95,89.42
4428,6.8,31.17,5.01,18.1,0.76,4.59,20.19,88.49,54.0,98.89,17.67,164.71
4429,3.43,35.67,5.67,11.44,0.75,4.81,22.01,84.38,141.0,92.03,28.07,112.09
4430,4.0,35.98,2.35,9.02,1.08,2.41,8.88,83.43,180.0,87.04,11.41,87.17
4431,5.62,28.54,6.94,18.76,0.47,6.34,23.75,77.61,160.0,95.91,28.94,186.7
4432,6.77,36.37,4.65,15.81,0.49,3.55,3.72,97.07,306.0,86.56,3.85,159.75
4433,6.19,32.4,0.23,11.7,0.51,9.08,13.78,72.72,82.0,97.24,10.97,139.35
4434,5.88,29.8,4.6,16.45,0.61,0.61,22.16,81.08,135.0,96.19,22.95,137.68
4435,9.16,38.72,6.76,20.95,0.8,3.37,-3.66,88.11,196.0,91.59,4.57,243.34
4436,8.43,29.34,3.13,20.38,0.38,3.11,9.05,69.04,107.0,93.76,3.87,177.96
4437,13.95,31.26,1.08,27.86,0.41,1.7,17.32,93.74,369.0,84.66,23.59,221.75
4438,10.96,34.43,3.01,22.11,0.75,5.19,16.96,79.7,233.0,85.56,21.54,232.05
4439,9.5,42.25,2.49,15.99,0.89,6.24,6.66,82.09,235.0,86.41,7.91,173.55
4440,12.6,35.16,4.08,25.58,0.93,0.46,6.1,91.89,66.0,97.15,5.77,250.88
4441,4.48,37.17,8.59,15.82,0.25,6.46,21.08,80.55,291.0,86.89,24.34,148.53
4442,10.89,32.21,5.28,25.55,0.86,9.61,2.62,92.48,38.0,97.75,4.9,350.83
4443,5.78,33.53,3.04,13.37,1.06,4.2,12.14,85.79,296.0,85.45,10.08,128.93
4444,13.24,33.71,7.24,30.8,1.35,1.38,21.6,84.86,95.0,94.71,26.22,275.2
4445,9.63,35.76,1.26,17.41,0.19,5.96,15.39,80.3,203.0,89.01,13.42,164.59
4446,5.59,32.22,1.92,12.32,0.76,1.36,15.95,92.44,35.0,98.24,24.41,108.71
4447,14.35,42.04,0.95,21.43,0.71,7.49,25.67,78.87,12.0,95.06,32.12,220.68
4448,10.97,31.76,2.81,23.53,0.54,1.04,8.39,93.15,139.0,92.31,8.21,219.15
4449,7.25,23.76,1.34,19.66,0.92,7.34,10.41,79.13,189.0,88.41,13.69,249.77
4450,16.95,50.0,10.28,30.62,0.4,0.88,18.31,78.37,71.0,97.43,21.45,302.24
4451,14.88,32.04,0.75,28.62,0.47,2.81,10.97,87.05,134.0,95.43,23.72,248.41
4452,8.12,41.88,0.89,12.53,0.46,5.51,15.65,91.58,40.0,94.91,10.64,120.53
4453,2.1,42.43,1.52,4.49,0.24,6.36,9.59,68.68,69.0,95.09,17.31,56.99
4454,7.02,39.67,8.73,19.35,0.6,6.14,12.65,95.72,99.0,96.78,12.76,191.46
4455,11.11,32.81,1.06,21.38,0.52,10.09,24.88,94.33,133.0,92.82,29.45,226.17
4456,6.51,35.72,3.1,14.04,0.72,5.94,11.09,80.34,81.0,99.16,15.15,144.04
4457,4.38,26.35,1.29,11.27,1.0,1.35,25.06,88.3,146.0,97.9,27.75,106.53
4458,9.14,45.94,1.5,13.44,0.2,1.48,26.62,85.22,237.0,90.2,31.25,131.12
4459,5.96,28.89,5.74,18.12,0.84,4.1,7.13,92.15,287.0,84.67,4.59,200.34
4460,11.4,32.48,2.81,23.87,1.18,2.28,26.03,85.31,254.0,85.82,22.11,202.58
4461,2.43,34.59,8.56,12.78,1.02,5.87,2.41,96.9,212.0,88.84,3.29,160.0
4462,13.96,33.36,1.86,26.98,0.98,3.34,-5.13,93.2,17.0,100.0,0.96,305.45
4463,12.16,30.06,8.37,32.63,1.02,5.36,29.5,93.79,156.0,90.86,31.73,320.51
4464,2.89,42.37,0.87,4.97,0.36,2.3,19.13,94.44,254.0,86.83,16.24,54.87
4465,4.58,39.7,1.75,8.67,0.76,6.62,15.7,87.92,127.0,94.0,16.21,96.29
4466,7.3,35.93,1.42,13.61,1.14,3.19,21.15,77.3,45.0,95.4,22.06,127.68
4467,13.69,31.6,3.47,29.46,1.14,5.29,6.67,82.85,95.0,96.02,2.65,337.41
4468,5.84,40.39,1.79,10.47,1.45,4.31,15.81,88.9,302.0,84.87,18.01,106.55
4469,8.16,31.21,5.75,21.43,0.35,3.67,27.22,81.03,434.0,77.35,28.81,185.38
4470,11.59,43.42,6.49,22.5,0.54,1.9,36.95,91.29,270.0,85.43,37.78,207.87
4471,9.12,34.67,5.35,21.14,0.26,1.36,18.64,88.21,151.0,90.88,19.76,168.29
4472,7.28,41.38,1.29,11.86,0.42,9.65,29.86,87.45,103.0,97.73,34.05,141.22
4473,4.57,33.32,3.36,11.58,0.32,4.63,11.12,84.15,229.0,88.04,13.36,107.43
4474,10.97,34.43,4.63,23.75,0.15,2.3,28.63,89.73,197.0,89.92,28.26,187.39
4475,14.41,41.35,4.24,25.15,0.51,1.9,17.26,84.16,39.0,99.7,18.78,207.82
4476,10.89,47.16,0.86,14.71,0.22,2.5,18.31,89.19,59.0,97.73,16.89,131.35
4477,7.73,43.36,0.32,11.02,0.33,3.46,16.22,93.21,52.0,97.34,17.67,96.25
4478,10.37,39.26,2.5,18.35,0.22,5.86,6.31,86.37,202.0,90.58,10.11,192.02
4479,7.61,37.54,0.31,12.48,0.72,0.86,8.03,75.84,127.0,91.5,12.56,121.56
4480,11.06,30.96,7.67,29.1,1.29,1.08,20.66,96.11,114.0,95.22,24.78,269.18
4481,9.72,35.77,3.2,19.51,0.88,2.53,8.44,75.29,231.0,87.08,7.93,204.07
4482,9.45,28.52,6.51,26.39,0.34,3.29,23.35,67.04,6.0,100.0,30.12,205.49
4483,7.23,36.25,4.39,16.36,0.86,3.69,4.59,94.75,254.0,87.63,8.84,165.91
4484,8.85,36.64,2.11,16.61,0.62,7.93,7.21,89.22,169.0,91.9,9.37,192.57
4485,5.64,22.23,0.54,15.77,1.14,2.54,21.48,90.59,69.0,97.02,24.65,167.57
4486,9.93,34.23,2.77,20.18,1.3,0.31,24.91,91.15,388.0,79.24,25.94,187.6
4487,7.27,36.49,3.52,15.47,1.22,2.97,33.41,78.68,131.0,93.62,38.99,151.09
4488,6.85,33.5,2.78,15.05,0.18,7.17,13.79,86.29,246.0,89.95,15.77,144.87
4489,17.94,36.15,7.39,37.17,0.07,4.96,26.94,64.51,128.0,91.93,28.26,287.76
4490,2.19,25.95,6.19,11.26,0.35,1.79,14.25,89.58,10.0,100.0,12.97,117.85
4491,10.11,29.34,5.65,26.32,0.53,0.35,35.46,95.25,75.0,98.68,33.86,242.34
4492,3.05,40.21,4.68,9.23,0.77,6.59,8.22,85.45,137.0,96.08,5.3,119.04
4493,8.05,34.0,2.52,16.73,0.5,8.09,16.37,85.29,194.0,90.92,20.14,173.63
4494,11.6,36.04,5.26,24.57,0.95,1.01,9.13,76.96,174.0,90.97,14.41,215.32
4495,4.48,30.72,8.47,17.21,0.04,4.56,25.32,70.23,111.0,97.54,33.47,140.4
4496,2.71,34.12,2.84,7.62,1.59,5.89,24.65,90.18,142.0,91.81,29.67,100.62
4497,10.43,20.19,5.94,36.94,0.24,0.28,33.71,87.01,249.0,87.69,31.29,349.04
4498,4.95,39.08,5.26,12.87,0.05,5.35,32.69,94.8,20.0,99.29,38.55,119.52
4499,4.19,44.85,3.77,9.37,0.59,5.24,16.43,86.37,17.0,99.46,18.69,108.98
4500,6.75,27.61,2.64,17.32,0.21,7.84,7.84,87.22,93.0,93.24,12.03,168.2
4501,16.41,28.36,5.81,40.52,0.61,2.47,35.74,90.65,113.0,94.7,36.48,357.99
4502,7.16,36.65,2.25,13.97,0.55,1.38,25.36,81.31,103.0,94.35,31.68,122.97
4503,6.31,42.84,2.41,11.24,0.08,5.21,20.73,87.46,97.0,94.37,25.75,117.49
4504,6.55,33.99,1.86,13.41,0.34,6.28,12.15,72.43,35.0,98.03,8.98,136.21
4505,4.05,26.62,6.2,15.33,0.28,2.71,10.1,87.37,10.0,99.22,11.78,154.19
4506,6.56,32.75,2.97,14.99,0.69,5.58,20.43,95.32,344.0,82.73,19.58,140.62
4507,13.73,27.82,6.22,35.85,0.87,4.7,24.1,97.84,71.0,98.91,31.05,325.64
4508,4.43,29.99,1.49,10.36,0.76,6.77,29.01,92.49,331.0,82.41,32.06,106.52
4509,4.7,32.18,4.89,13.64,0.61,1.88,31.83,93.89,161.0,91.53,32.92,135.84
4510,4.75,28.42,5.95,15.97,0.3,3.94,20.23,88.84,467.0,76.42,22.74,142.71
4511,3.58,29.33,5.41,12.73,0.76,4.59,14.51,87.73,235.0,85.8,19.22,124.34
4512,13.59,34.45,2.39,26.06,0.89,3.33,38.07,75.8,121.0,91.66,45.0,255.03
4513,11.97,35.29,7.27,27.63,1.12,5.12,18.26,85.56,83.0,94.68,21.31,278.21
4514,7.77,25.46,2.81,21.13,0.35,6.14,2.09,79.5,192.0,90.31,6.16,216.97
4515,12.88,36.38,2.58,23.82,0.98,7.37,11.56,87.96,110.0,94.54,15.32,232.61
4516,5.8,31.71,8.24,19.22,0.72,3.21,5.1,82.45,166.0,88.96,2.94,212.07
4517,6.93,38.32,3.99,14.83,0.44,3.89,17.91,72.58,227.0,86.24,23.06,135.23
4518,10.01,38.68,1.79,17.31,0.61,2.37,40.0,85.02,164.0,91.75,40.98,175.77
4519,7.65,30.73,1.05,15.98,1.51,3.06,27.02,58.94,258.0,84.68,39.57,189.67
4520,11.6,37.68,3.54,22.0,0.99,14.0,26.93,81.62,23.0,95.99,26.15,330.31
4521,12.89,28.98,1.03,27.71,0.53,1.58,22.17,87.42,135.0,95.77,23.32,232.73
4522,3.24,41.94,6.39,11.02,0.42,7.0,36.08,79.01,90.0,96.69,34.09,115.07
4523,14.38,29.21,4.4,33.93,1.21,3.65,28.26,94.36,21.0,97.81,26.56,328.25
4524,8.61,36.12,2.57,16.88,1.2,2.87,26.7,83.03,74.0,99.83,30.75,151.46
4525,5.96,32.87,1.33,12.21,0.5,3.03,16.05,75.0,153.0,92.08,25.41,109.7
4526,7.66,27.9,1.01,17.48,0.99,0.31,-0.53,88.41,216.0,89.93,-1.51,190.25
4527,10.35,39.41,4.96,20.72,1.08,2.99,-1.51,90.89,259.0,87.33,0.47,259.85
4528,5.94,30.32,0.95,12.71,0.75,1.47,9.37,78.11,68.0,97.57,14.06,127.69
4529,10.99,23.8,4.36,32.07,0.31,2.02,40.0,71.25,201.0,93.35,40.95,301.27
4530,6.63,20.0,3.39,23.29,0.75,5.27,8.5,81.9,69.0,95.43,12.93,266.64
4531,15.92,28.75,1.12,34.35,0.78,4.4,28.69,96.47,353.0,85.15,33.71,294.71
4532,5.45,42.26,10.42,18.16,1.24,6.43,21.91,98.53,176.0,93.01,22.89,202.77
4533,7.58,41.55,1.99,12.94,0.87,3.83,26.65,85.78,34.0,98.34,30.17,129.08
4534,13.57,29.69,1.84,29.27,0.42,4.43,21.66,80.28,68.0,97.73,29.12,256.32
4535,12.51,31.75,6.93,30.57,0.71,3.88,5.36,89.47,314.0,84.49,6.75,319.12
4536,7.47,31.21,3.45,17.81,0.49,3.07,31.21,70.06,51.0,99.34,32.51,152.39
4537,15.03,26.0,2.01,36.7,0.88,7.32,31.89,94.98,79.0,96.6,35.21,423.87
4538,3.08,28.31,5.08,11.6,0.79,7.22,25.94,92.16,217.0,91.26,31.52,128.59
4539,8.88,39.89,5.24,18.61,1.14,6.49,26.53,71.45,7.0,98.39,32.73,211.05
4540,6.88,37.02,7.32,18.47,1.04,3.24,22.52,88.66,176.0,90.12,18.74,174.01
4541,7.66,35.64,0.55,13.45,1.26,3.34,15.26,76.76,286.0,83.64,22.06,148.93
4542,5.71,25.99,3.0,16.19,1.26,6.32,24.75,67.96,272.0,84.78,24.22,185.77
4543,8.33,34.6,1.27,15.71,0.68,5.72,20.28,73.04,266.0,89.63,21.11,142.93
4544,3.72,20.18,3.79,14.84,0.49,1.26,11.86,78.61,42.0,96.45,11.74,151.53
4545,8.52,39.06,0.45,13.53,0.61,8.4,23.61,88.79,307.0,84.44,24.56,150.14
4546,7.1,35.55,3.88,15.86,0.98,4.68,26.46,80.44,156.0,92.43,29.51,152.37
4547,8.99,25.93,5.01,25.8,0.21,2.05,19.75,90.57,208.0,93.0,27.91,211.02
4548,7.82,43.7,2.76,13.49,1.63,3.41,21.15,78.24,163.0,93.27,33.84,132.82
4549,6.23,23.22,3.25,19.35,1.3,6.87,13.31,98.13,239.0,86.72,13.02,213.62
4550,4.25,37.18,3.59,10.44,0.62,5.08,16.63,87.8,5.0,99.87,19.68,109.16
4551,10.14,37.33,1.12,17.43,0.48,9.5,12.08,98.8,217.0,86.63,13.33,196.54
4552,7.04,26.56,1.86,17.77,1.02,9.38,8.23,91.45,352.0,84.43,13.52,238.6
4553,11.27,33.77,0.46,20.48,0.17,8.4,7.74,90.3,287.0,85.06,8.76,219.51
4554,6.01,24.18,4.03,18.96,1.2,3.69,20.39,88.87,130.0,90.72,30.88,212.18
4555,4.58,20.0,5.1,18.82,0.31,6.76,26.34,92.88,289.0,86.27,20.12,204.08
4556,3.26,27.59,1.73,8.82,0.33,12.86,19.73,87.26,270.0,89.69,23.41,123.24
4557,6.43,30.3,3.82,16.54,0.38,2.65,27.6,82.83,166.0,90.46,28.69,136.82
4558,14.94,37.87,1.88,25.56,0.78,4.57,17.84,82.43,126.0,92.79,16.5,231.62
4559,3.26,34.4,0.26,5.95,0.71,1.17,24.13,87.96,33.0,97.87,28.03,56.57
4560,4.43,34.56,6.39,14.08,0.46,4.98,24.41,75.52,200.0,89.84,21.69,129.97
4561,7.37,27.91,2.39,18.23,0.61,0.29,17.24,83.1,255.0,86.6,23.38,147.36
4562,6.4,30.82,3.12,15.58,0.61,0.64,-2.05,95.75,208.0,90.78,7.71,161.68
4563,8.31,28.42,3.65,21.2,1.11,9.16,21.99,92.47,123.0,94.46,32.82,259.96
4564,9.87,26.65,0.4,22.63,0.31,1.03,9.34,89.56,142.0,93.97,12.05,190.92
4565,14.87,30.44,6.25,35.57,0.91,5.96,13.93,86.88,268.0,86.8,18.27,352.48
4566,5.75,34.45,5.67,15.68,1.1,4.04,35.2,92.39,160.0,93.15,40.98,163.71
4567,15.46,30.56,1.96,32.3,0.58,3.48,23.19,74.68,112.0,93.24,28.4,263.22
4568,13.59,32.06,3.59,29.02,0.61,3.36,12.23,95.49,87.0,96.59,16.11,264.63
4569,6.6,38.17,3.51,13.89,0.56,2.57,22.95,94.45,164.0,92.67,31.27,119.17
4570,13.45,31.0,0.51,26.55,0.16,4.63,16.37,75.95,372.0,85.0,15.93,227.78
4571,4.81,26.0,2.68,13.78,0.82,2.26,9.41,80.1,185.0,87.96,12.68,121.23
4572,3.49,37.38,2.39,8.0,0.94,2.26,11.69,80.51,212.0,89.14,10.62,79.68
4573,3.97,35.6,8.59,15.29,0.86,3.33,25.3,67.36,67.0,96.98,35.21,143.69
4574,7.21,35.97,2.43,14.46,0.63,1.82,20.12,84.66,322.0,87.43,21.34,132.63
4575,1.94,37.76,2.86,5.93,1.43,0.25,5.4,93.04,90.0,97.29,4.03,77.01
4576,4.03,36.74,5.67,12.24,0.09,5.96,22.5,89.35,76.0,95.14,23.07,108.01
4577,2.67,34.17,3.12,7.81,0.75,8.02,14.97,88.64,269.0,90.24,14.49,92.97
4578,15.7,48.35,4.03,23.5,0.43,5.22,15.07,83.48,57.0,99.26,16.62,255.07
4579,5.98,26.29,3.48,17.13,0.75,1.13,27.88,64.03,316.0,88.1,30.47,144.34
4580,11.93,30.48,5.06,28.53,0.38,0.1,25.99,92.52,110.0,96.75,20.1,208.04
4581,5.96,39.8,6.34,15.31,0.49,1.87,19.39,89.63,65.0,97.33,22.74,140.95
4582,7.49,34.86,1.23,14.12,0.82,3.57,24.8,86.59,168.0,95.22,24.69,133.23
4583,2.87,38.55,7.46,11.93,1.25,0.6,16.69,97.84,149.0,88.91,9.25,120.63
4584,5.35,35.02,4.66,13.83,0.61,6.53,12.34,80.49,137.0,93.73,16.41,133.62
4585,8.79,42.24,3.89,16.38,0.8,1.18,-2.77,91.73,158.0,91.06,2.72,200.3
4586,2.9,27.95,6.46,12.69,0.86,5.76,27.0,77.53,49.0,97.49,30.7,129.34
4587,5.55,42.05,9.59,17.52,0.51,1.97,27.69,77.86,50.0,97.58,27.4,152.11
4588,8.46,41.03,4.36,16.73,0.43,3.08,30.2,85.34,99.0,92.79,31.64,140.95
4589,4.29,26.74,0.75,10.37,0.04,4.66,9.94,80.33,218.0,90.96,9.44,102.92
4590,14.51,37.78,1.78,24.82,0.82,2.01,16.98,92.55,198.0,89.75,23.34,216.25
4591,7.26,33.74,6.48,19.38,1.34,3.67,3.51,86.2,35.0,100.0,2.69,209.18
4592,10.18,30.36,0.48,20.61,0.78,9.61,23.36,76.93,103.0,93.1,30.2,229.86
4593,7.03,22.67,4.6,23.2,0.38,2.9,17.06,82.34,165.0,88.35,26.76,200.53
4594,10.08,27.94,0.84,22.5,0.17,3.03,17.78,75.2,286.0,83.49,21.61,176.07
4595,5.71,38.28,6.95,15.9,0.73,2.89,37.03,93.07,96.0,96.25,43.22,166.83
4596,3.49,38.88,7.13,12.52,0.81,3.94,19.12,89.03,395.0,79.28,22.17,124.27
4597,3.89,32.74,6.78,13.91,0.78,5.2,33.31,79.51,298.0,84.24,37.85,160.0
4598,9.89,38.9,5.79,21.04,0.08,6.5,22.72,80.66,185.0,91.73,27.24,168.93
4599,7.27,39.67,4.79,15.79,0.08,5.06,21.73,93.34,258.0,86.43,26.21,138.77
4600,5.0,34.93,3.95,12.53,0.04,2.37,3.63,74.57,275.0,85.48,11.97,135.99
4601,3.97,29.67,3.86,11.9,0.19,2.98,10.24,75.44,165.0,92.07,21.88,99.1
4602,6.63,36.65,1.51,12.37,0.79,1.85,6.35,71.73,50.0,98.33,8.32,116.0
4603,8.39,36.92,9.53,23.16,0.54,1.65,20.94,85.23,90.0,93.98,25.14,184.86
4604,10.55,38.04,3.99,20.64,0.34,0.9,-3.79,90.65,149.0,93.38,-5.0,237.71
4605,10.52,39.19,7.16,23.26,0.79,2.51,38.62,97.63,124.0,95.6,39.15,209.3
4606,13.08,25.83,6.42,36.82,0.65,2.59,20.93,76.11,216.0,89.77,25.01,297.48
4607,2.5,30.94,5.73,10.57,0.64,3.94,4.83,90.88,187.0,89.69,7.15,101.28
4608,9.53,22.61,4.19,29.49,0.07,5.02,15.37,87.71,194.0,90.71,24.85,265.97
4609,6.67,38.48,8.74,19.15,0.49,3.95,32.45,95.9,52.0,100.0,34.42,180.26
4610,8.31,32.73,6.2,21.43,1.49,2.19,17.56,93.89,136.0,92.22,25.2,220.58
4611,6.09,36.58,2.28,12.26,0.83,7.08,11.39,93.89,90.0,95.05,10.72,126.15
4612,3.05,25.15,2.17,9.45,1.26,0.24,21.48,78.75,257.0,85.83,27.4,95.78
4613,5.32,42.41,1.2,8.73,1.51,2.13,16.79,95.35,121.0,95.4,22.25,99.69
4614,6.94,26.83,2.25,17.77,0.83,6.08,20.79,81.21,323.0,84.76,17.07,185.6
4615,8.34,38.65,8.57,21.52,1.14,2.0,13.62,86.25,228.0,90.47,14.9,210.46
4616,9.39,34.71,0.11,16.35,0.41,2.3,18.81,89.46,192.0,91.16,28.3,124.0
4617,3.99,32.86,1.42,8.7,0.28,0.8,20.69,86.44,247.0,88.64,25.98,77.96
4618,8.08,32.38,6.62,21.59,1.18,7.6,24.0,70.43,171.0,91.8,31.84,252.54
4619,10.04,30.17,3.46,23.42,0.38,3.04,27.37,72.27,78.0,95.79,25.78,170.02
4620,8.88,41.77,7.67,20.42,0.45,3.52,6.56,86.98,43.0,96.75,5.73,203.09
4621,1.89,34.08,2.56,5.88,0.63,3.59,7.8,76.62,94.0,93.83,8.09,69.19
4622,8.21,26.38,1.76,20.43,0.28,2.61,9.19,82.08,125.0,92.29,16.09,174.84
4623,5.72,31.7,2.3,13.12,0.72,5.2,39.54,88.85,132.0,91.58,45.0,149.27
4624,5.7,34.77,9.2,19.04,0.72,4.75,6.59,76.4,86.0,93.87,6.12,210.01
4625,12.64,39.39,3.46,22.71,0.49,3.66,24.76,89.62,50.0,100.0,28.34,209.57
4626,11.26,30.37,3.41,25.65,0.58,1.44,9.91,93.61,92.0,97.19,17.63,211.03
4627,5.89,30.77,4.75,16.24,0.29,1.26,16.99,94.41,309.0,83.4,24.53,120.5
4628,6.67,34.14,2.92,14.64,0.52,4.49,18.16,98.7,138.0,92.33,21.71,144.34
4629,4.25,39.24,2.24,8.73,0.72,1.16,-3.99,96.17,157.0,89.13,1.22,104.01
4630,3.01,25.79,5.68,12.68,1.41,3.52,31.73,82.66,101.0,93.71,34.78,135.37
4631,11.85,37.03,7.22,26.41,0.94,2.86,25.02,93.75,81.0,97.84,23.45,255.08
4632,14.0,31.22,2.38,29.28,0.47,3.75,20.99,98.06,173.0,90.72,21.8,255.08
4633,13.49,32.05,3.7,28.95,0.17,1.79,26.6,80.02,210.0,90.42,38.15,221.26
4634,16.76,46.01,0.46,22.32,0.58,7.79,6.24,90.54,187.0,89.58,16.41,227.27
4635,10.09,32.82,0.51,18.95,1.13,11.21,6.62,76.26,158.0,91.41,9.22,274.5
4636,6.84,38.53,2.11,12.76,0.86,1.21,18.04,78.98,185.0,91.88,18.79,102.84
4637,9.3,38.31,4.04,18.6,1.04,0.99,22.61,91.93,284.0,86.29,21.24,165.82
4638,8.7,26.92,3.3,22.69,0.88,0.91,1.8,97.58,3.0,97.67,16.76,234.66
4639,10.11,22.93,4.64,31.11,0.39,1.13,31.26,76.54,119.0,93.66,34.24,269.46
4640,7.8,38.93,6.08,18.09,0.27,1.03,28.56,87.28,227.0,85.87,35.34,155.71
4641,8.16,27.5,3.24,21.05,0.27,7.8,10.09,92.8,81.0,99.67,13.06,218.64
4642,10.56,24.01,3.64,30.02,0.84,2.48,24.75,92.37,140.0,93.22,31.81,305.44
4643,4.39,40.16,1.43,8.0,0.5,0.82,15.86,70.9,72.0,93.59,14.15,75.11
4644,11.41,27.88,5.38,29.93,1.07,1.49,13.2,84.12,233.0,90.57,14.56,280.91
4645,10.21,29.36,1.77,22.62,0.75,5.61,17.68,67.45,354.0,80.83,22.69,213.26
4646,2.28,45.85,5.22,8.21,0.68,2.91,4.38,75.4,81.0,96.06,13.15,93.83
4647,10.11,24.04,5.56,30.8,0.72,3.71,22.69,95.67,227.0,89.36,24.59,297.11
4648,14.01,26.46,4.29,36.06,0.24,3.6,24.96,73.5,187.0,90.74,28.01,280.48
4649,4.69,31.24,8.43,17.42,0.22,0.56,23.69,89.89,356.0,84.1,31.56,137.91
4650,11.41,32.56,3.08,24.11,1.51,1.74,32.45,86.29,182.0,91.23,39.58,236.13
4651,14.83,28.64,2.79,33.87,0.41,2.36,9.02,65.38,113.0,94.7,12.54,287.93
4652,9.1,27.05,6.08,26.26,0.62,1.19,23.63,91.79,176.0,90.14,23.52,225.59
4653,10.41,43.06,3.94,18.45,1.58,7.86,39.16,89.46,103.0,91.81,45.0,251.23
4654,3.67,35.58,3.54,9.73,0.83,2.33,33.73,93.77,147.0,91.96,32.1,96.47
4655,11.23,37.51,4.47,22.44,0.39,1.36,30.66,97.23,362.0,80.39,38.9,197.92
4656,9.05,33.18,4.72,21.08,0.91,11.85,23.84,74.84,84.0,95.19,23.44,273.47
4657,12.41,35.74,1.75,22.6,0.93,2.57,19.1,94.39,235.0,89.47,20.52,184.61
4658,12.33,39.6,9.07,27.76,0.43,1.04,20.31,88.34,145.0,91.09,20.81,239.61
4659,9.48,28.02,5.87,26.17,1.22,0.22,18.94,92.05,95.0,95.93,26.22,227.47
4660,9.06,35.59,7.3,22.58,0.53,4.84,25.98,92.6,292.0,84.73,31.14,203.48
4661,6.2,38.18,2.24,11.98,0.2,2.89,27.62,94.63,149.0,91.53,29.45,110.72
4662,8.25,43.27,6.88,18.32,0.58,7.11,5.22,83.99,96.0,92.5,14.36,207.62
4663,14.05,45.69,2.81,21.26,0.15,3.44,9.22,66.32,146.0,90.82,9.42,219.03
4664,8.4,34.42,4.48,19.12,1.11,12.36,8.63,78.09,104.0,92.63,4.81,270.22
4665,14.35,40.83,1.94,23.03,1.29,4.28,13.51,90.24,260.0,88.08,12.54,232.53
4666,13.89,20.0,4.36,46.04,0.15,4.11,17.3,90.79,320.0,85.52,19.73,441.71
4667,5.31,43.31,7.63,14.99,0.81,0.65,20.48,87.02,86.0,92.87,20.93,146.23
4668,7.68,29.64,0.81,16.34,0.6,1.9,22.95,85.79,104.0,92.52,23.35,152.31
4669,5.46,32.55,4.17,14.23,0.31,12.07,26.02,87.53,45.0,99.94,29.03,163.04
4670,12.99,36.65,3.78,25.04,1.37,8.86,20.03,86.29,204.0,91.77,15.95,292.21
4671,8.67,33.08,1.71,17.43,0.19,5.98,16.65,88.1,135.0,96.39,21.57,144.96
4672,8.74,35.18,1.55,16.46,0.21,3.91,9.63,93.91,158.0,95.03,11.35,139.24
4673,11.3,43.53,0.99,16.57,0.34,1.86,12.71,77.65,266.0,86.07,17.78,159.51
4674,16.55,31.69,4.06,35.38,0.41,5.8,13.04,75.22,309.0,86.11,12.95,314.35
4675,16.26,27.48,2.88,38.38,0.43,0.89,25.75,90.04,249.0,88.2,30.1,312.53
4676,7.59,44.88,4.63,14.77,1.24,0.76,23.46,85.17,21.0,100.0,31.36,156.26
4677,14.5,37.16,4.68,28.09,1.16,7.92,20.32,71.13,217.0,88.78,26.24,312.33
4678,11.98,45.53,0.97,16.76,0.64,1.28,23.32,89.06,193.0,93.13,19.59,149.06
4679,11.37,39.18,0.8,18.21,0.59,4.58,16.13,84.1,56.0,94.15,25.51,172.68
4680,17.36,26.06,5.61,45.59,0.31,5.07,12.32,84.73,40.0,99.68,16.24,402.93
4681,4.32,37.87,5.91,12.76,0.11,10.23,1.02,92.64,110.0,92.14,1.65,177.52
4682,6.93,28.1,7.68,22.48,1.42,3.43,13.57,86.91,141.0,93.25,14.12,229.83
4683,13.99,34.04,9.38,34.03,0.31,2.92,2.49,89.44,138.0,90.65,6.14,325.69
4684,6.92,33.55,4.04,16.42,0.81,1.83,20.31,90.5,113.0,92.55,20.11,150.39
4685,10.34,24.29,1.87,27.4,0.59,7.23,7.84,86.16,223.0,86.86,10.71,282.51
4686,5.86,29.12,5.37,17.45,0.3,1.81,16.0,87.18,272.0,85.65,26.12,137.36
4687,6.88,47.23,8.32,17.06,0.45,8.38,15.61,85.99,53.0,98.62,11.26,206.43
4688,11.16,35.43,2.22,21.12,0.3,3.74,-2.55,82.62,130.0,95.04,0.5,230.12
4689,11.66,32.95,8.28,29.51,1.03,5.34,-1.42,87.7,431.0,78.35,5.97,339.83
4690,6.51,44.88,7.83,16.53,1.13,0.59,24.21,77.71,345.0,85.16,26.61,160.09
4691,11.48,31.62,2.87,24.65,1.53,3.78,18.69,96.85,140.0,91.67,22.56,260.2
4692,7.59,33.45,1.99,15.6,0.72,14.0,31.81,83.15,223.0,89.59,35.77,229.93
4693,11.43,39.94,3.44,20.61,0.32,4.54,23.05,73.49,242.0,89.12,28.61,170.68
4694,8.76,31.6,5.5,22.13,1.56,1.4,12.7,79.91,95.0,95.5,16.92,208.22
4695,9.95,29.52,0.62,20.85,0.31,12.57,-2.45,92.93,79.0,97.68,4.17,296.68
4696,8.24,20.48,7.6,31.75,0.48,1.27,25.93,87.0,197.0,87.36,31.72,298.59
4697,3.39,28.38,3.0,10.17,0.83,5.65,32.28,93.95,200.0,88.71,38.59,118.23
4698,7.34,28.32,3.52,19.07,0.28,1.83,-2.05,90.7,104.0,93.02,1.61,196.48
4699,9.65,34.95,3.55,20.11,0.92,2.51,19.39,93.37,222.0,89.72,18.37,171.32
4700,7.79,30.34,7.53,22.94,0.44,4.47,15.83,81.75,108.0,95.19,12.98,204.15
4701,16.03,46.95,6.1,26.58,0.61,6.08,-3.85,77.4,53.0,96.93,1.03,339.07
4702,11.81,27.65,5.94,31.55,0.53,3.45,5.29,92.39,31.0,98.54,7.08,323.08
4703,9.63,42.4,1.82,15.45,1.41,3.39,21.72,89.54,252.0,86.4,23.2,165.53
4704,9.65,35.32,0.2,16.59,0.12,4.63,32.68,71.07,226.0,91.27,36.27,142.5
4705,2.78,38.84,4.05,8.33,0.38,1.7,19.0,97.81,103.0,93.98,19.31,76.9
4706,9.92,38.48,1.78,17.25,0.33,3.49,18.59,77.91,197.0,90.77,20.35,151.39
4707,11.31,20.69,3.04,35.83,1.05,1.41,17.0,72.39,291.0,82.75,24.06,337.97
4708,5.86,33.93,2.55,12.92,0.87,7.85,24.32,86.12,154.0,94.83,26.18,149.48
4709,5.88,32.43,1.26,12.14,0.35,10.93,13.24,91.34,96.0,95.24,14.07,141.63
4710,4.13,27.2,4.71,13.81,0.65,3.05,20.33,76.72,187.0,90.08,22.95,134.42
4711,4.79,36.76,6.59,14.42,0.49,5.35,34.03,86.15,55.0,98.55,41.79,139.0
4712,18.89,44.31,4.61,30.19,0.43,3.32,7.15,82.56,225.0,89.03,6.31,303.49
4713,12.06,20.0,8.31,44.48,0.67,1.5,19.38,96.37,186.0,91.1,29.14,401.46
4714,9.95,30.79,5.86,25.24,0.49,4.46,15.66,93.42,134.0,94.15,18.05,218.44
4715,10.06,26.53,2.9,25.66,1.2,6.11,14.2,89.91,114.0,93.72,20.26,280.2
4716,15.78,34.43,1.46,28.95,0.38,2.0,13.51,83.21,234.0,88.15,18.93,228.3
4717,13.22,32.05,5.88,30.63,0.41,7.68,16.94,73.08,142.0,91.59,22.38,289.8
4718,2.67,30.37,3.54,8.82,0.92,1.65,16.39,93.15,215.0,92.05,23.6,82.59
4719,5.25,38.14,4.71,12.96,1.1,5.54,12.41,83.45,67.0,94.73,12.2,142.8
4720,10.52,43.82,5.24,19.64,0.67,5.29,23.39,62.4,235.0,85.93,27.06,207.25
4721,9.14,49.97,6.73,17.7,0.91,6.18,14.47,86.34,73.0,94.65,18.9,204.7
4722,8.95,29.56,1.8,19.97,0.05,1.03,12.1,95.95,172.0,93.78,13.85,174.27
4723,3.78,23.07,5.64,15.46,0.73,0.91,10.09,90.47,289.0,85.35,13.6,164.2
4724,7.45,37.36,6.11,18.07,0.96,2.38,25.29,85.08,126.0,93.26,33.3,170.37
4725,11.19,43.66,1.92,17.29,1.08,10.35,3.22,79.77,70.0,95.96,3.73,267.69
4726,5.96,38.88,3.5,12.7,0.79,0.31,20.19,88.91,238.0,88.43,26.7,119.74
4727,3.45,43.64,2.87,7.62,0.77,5.88,22.5,97.56,250.0,87.05,25.24,83.39
4728,12.28,32.65,7.56,30.13,0.94,6.89,-5.83,89.76,130.0,91.58,-3.87,395.09
4729,3.35,30.34,8.64,15.26,0.47,7.08,9.91,92.9,51.0,97.27,11.79,161.47
4730,11.8,34.69,0.22,20.63,0.18,1.7,27.56,84.22,427.0,78.66,27.42,157.31
4731,8.3,32.02,1.0,16.55,0.47,0.25,38.4,97.02,102.0,93.05,42.96,169.55
4732,7.96,37.98,3.9,16.48,0.15,11.57,10.36,86.08,315.0,82.52,4.77,203.99
4733,11.68,39.82,3.37,20.97,0.22,1.36,9.02,91.08,164.0,91.41,9.82,199.54
4734,6.84,40.29,6.48,16.68,0.2,6.75,10.79,77.62,46.0,97.73,13.87,156.54
4735,13.48,37.06,10.03,31.85,0.44,4.09,23.88,88.68,63.0,93.34,22.82,270.07
4736,6.03,35.47,9.82,20.02,0.35,7.65,18.9,80.94,299.0,84.0,22.37,180.19
4737,10.19,38.77,1.92,17.69,0.19,3.52,19.96,88.42,154.0,88.59,24.13,124.21
4738,6.03,22.22,4.83,21.12,0.12,3.84,25.99,95.97,47.0,99.33,29.54,211.96
4739,9.55,35.26,5.55,21.8,0.57,2.18,34.26,93.11,46.0,98.65,37.23,203.89
4740,10.82,34.31,6.56,25.47,0.74,4.4,-1.27,88.39,280.0,84.83,1.97,293.28
4741,10.01,35.28,1.86,18.88,1.12,2.48,24.49,78.69,198.0,90.38,29.44,189.43
4742,3.95,33.47,4.48,11.56,1.19,1.33,29.54,78.82,300.0,83.3,41.06,128.52
4743,12.43,36.59,1.01,21.38,1.05,1.62,24.02,77.89,317.0,84.89,26.6,202.24
4744,12.8,30.55,6.26,31.39,0.08,5.7,14.3,89.48,356.0,81.36,12.05,279.48
4745,10.78,40.78,3.84,19.7,0.29,3.69,30.13,84.81,254.0,90.75,33.24,186.69
4746,5.73,36.84,4.92,14.25,0.34,6.98,13.62,96.97,297.0,84.65,19.39,134.29
4747,7.49,34.9,3.44,16.31,0.74,1.28,20.27,86.85,99.0,94.44,24.69,132.7
4748,11.23,29.81,2.01,24.61,0.27,6.16,6.38,78.67,261.0,86.6,14.65,240.13
4749,6.79,38.89,3.74,14.21,0.61,1.67,16.25,72.7,145.0,91.08,16.17,162.13
4750,9.96,35.24,4.13,21.08,0.11,9.32,30.64,99.07,204.0,86.41,33.56,212.35
4751,3.19,29.47,5.65,12.14,0.58,3.06,28.76,88.59,165.0,90.29,28.02,127.86
4752,8.28,33.66,4.26,19.02,0.32,1.07,23.59,89.18,125.0,95.39,30.82,123.4
4753,13.59,37.77,1.36,22.94,0.73,2.17,40.0,77.28,74.0,94.19,43.62,237.79
4754,3.56,37.31,0.59,6.31,0.54,1.81,26.7,63.67,24.0,97.54,21.81,70.75
4755,4.15,36.92,6.87,13.62,1.16,8.28,13.5,75.54,183.0,90.6,13.07,169.71
4756,5.7,34.56,5.61,15.5,0.34,3.41,21.15,91.97,93.0,98.2,23.87,138.4
4757,2.78,40.15,1.81,5.96,0.12,6.24,19.86,92.53,50.0,100.0,15.17,60.43
4758,4.57,41.43,3.36,9.98,0.6,5.67,11.46,83.08,339.0,83.01,9.6,105.13
4759,9.21,38.42,3.76,18.14,0.34,11.04,18.48,89.39,299.0,85.02,15.19,224.75
4760,3.93,30.48,5.31,13.05,0.35,4.71,19.57,94.95,179.0,86.01,22.81,116.33
4761,6.78,27.65,3.89,18.61,1.28,2.95,27.91,93.6,99.0,93.76,32.31,211.01
4762,11.34,30.74,7.19,29.32,0.12,1.54,30.82,69.07,149.0,93.86,30.01,218.49
4763,3.76,45.72,1.97,6.91,0.57,1.53,5.4,79.94,302.0,85.25,7.12,72.63
4764,10.2,35.69,0.49,17.64,0.33,0.86,22.4,95.46,161.0,93.21,29.75,131.07
4765,13.42,46.76,5.09,22.31,0.66,1.05,20.63,91.34,69.0,97.14,20.68,208.54
4766,8.13,33.28,1.98,16.63,0.79,2.04,29.71,89.25,223.0,89.05,26.8,137.62
4767,10.35,32.45,1.14,20.27,0.8,1.51,12.11,73.24,233.0,86.72,11.87,183.16
4768,3.35,33.56,3.91,9.89,0.62,6.6,15.04,87.77,35.0,98.84,19.64,101.16
4769,4.28,33.45,2.01,9.68,0.93,1.23,20.7,87.77,179.0,93.94,26.26,100.8
4770,12.44,29.36,3.04,28.46,0.13,3.7,21.06,94.68,178.0,88.37,28.62,219.45
4771,3.29,27.11,9.27,16.55,0.09,2.25,25.15,83.75,89.0,94.87,20.37,137.44
4772,7.53,37.01,6.6,18.8,0.29,5.48,28.94,77.45,233.0,86.54,34.58,178.41
4773,6.22,40.33,3.58,12.83,0.07,1.88,15.86,88.01,133.0,96.35,14.59,111.37
4774,10.73,48.67,10.56,23.79,0.75,2.63,9.04,98.15,146.0,93.13,16.08,244.41
4775,9.43,31.4,1.65,19.67,0.91,0.87,8.56,81.22,241.0,86.96,12.51,177.34
4776,14.02,31.88,1.94,28.31,0.48,3.09,31.87,92.63,94.0,94.98,33.56,225.42
4777,14.54,29.37,4.55,34.24,0.68,4.33,8.16,64.84,273.0,88.62,8.17,345.24
4778,6.98,40.75,1.25,11.53,0.16,1.88,27.99,81.16,152.0,92.46,22.37,114.43
4779,5.91,38.89,6.62,15.74,1.13,4.28,-2.92,75.71,44.0,99.12,-2.31,206.4
4780,6.1,28.74,4.11,16.84,0.85,1.13,24.26,79.61,169.0,91.81,25.63,155.97
4781,3.31,28.59,1.09,8.02,0.81,2.63,16.91,79.57,276.0,89.99,23.52,80.08
4782,14.16,39.72,4.1,25.49,0.22,4.22,25.96,86.61,333.0,87.22,29.69,212.56
4783,9.02,36.3,0.21,15.12,0.13,2.26,15.67,91.32,245.0,89.97,17.98,129.4
4784,14.9,38.55,0.88,24.07,0.93,6.72,16.88,86.32,77.0,94.47,33.3,236.34
4785,5.6,28.7,5.08,16.78,1.63,3.58,20.06,97.0,137.0,91.56,19.78,171.23
4786,2.54,22.73,3.03,9.74,0.88,2.71,6.75,79.34,43.0,97.8,12.27,117.5
4787,3.95,28.75,5.39,13.63,0.2,4.8,19.44,79.03,55.0,97.52,31.23,124.12
4788,7.58,38.13,2.9,14.83,1.22,7.26,18.64,93.97,73.0,96.6,22.94,170.89
4789,7.83,46.67,5.17,15.24,0.75,1.61,34.65,81.38,190.0,90.8,37.44,172.65
4790,12.27,31.42,7.47,30.9,1.51,4.42,26.91,88.88,114.0,96.44,30.75,302.41
4791,17.23,47.66,7.53,29.22,1.14,4.29,26.01,93.05,215.0,90.64,29.68,308.3
4792,7.21,38.98,2.83,13.94,0.27,4.75,20.38,75.2,350.0,81.7,20.21,142.43
4793,5.08,25.64,1.93,13.81,0.24,2.91,26.32,83.79,303.0,85.57,35.29,128.93
4794,6.27,35.28,0.81,11.47,0.09,8.22,2.07,83.5,92.0,98.97,8.67,138.62
4795,14.51,39.18,2.55,24.77,1.41,2.66,27.1,91.57,90.0,98.72,29.11,262.68
4796,10.82,20.0,3.34,35.81,0.27,3.25,9.94,95.33,143.0,92.66,11.83,365.78
4797,5.93,37.87,5.07,14.46,1.18,6.82,5.3,81.95,150.0,92.6,8.98,153.27
4798,4.59,41.04,0.44,7.14,0.31,1.47,16.85,85.77,118.0,92.96,22.08,75.95
4799,8.5,36.39,5.17,19.19,0.47,7.51,23.71,88.5,139.0,90.99,30.51,178.31
4800,10.9,33.63,2.69,22.14,1.09,9.7,40.0,83.6,157.0,91.9,41.41,299.7
4801,8.56,32.96,0.61,16.19,0.64,1.36,-2.24,85.1,175.0,87.97,-3.2,176.01
4802,4.4,32.61,3.49,11.58,0.26,0.09,12.13,89.75,137.0,91.27,15.4,97.1
4803,7.67,26.94,3.98,21.06,0.86,4.54,19.32,85.19,57.0,96.26,24.77,211.5
4804,2.38,29.87,5.08,9.87,0.87,5.84,12.33,93.13,152.0,93.33,17.21,112.14
4805,7.59,31.5,3.11,17.57,0.37,4.27,40.0,75.77,286.0,87.2,40.93,172.66
4806,4.55,34.68,8.11,15.98,0.11,8.38,23.24,73.66,63.0,98.01,24.64,143.46
4807,6.29,30.66,2.02,14.33,0.11,6.17,16.07,69.77,61.0,97.3,16.96,129.23
4808,5.52,28.79,6.44,17.95,0.17,4.92,5.55,90.69,294.0,84.77,9.62,200.97
4809,11.27,38.56,3.63,21.17,0.41,2.03,11.96,92.3,165.0,92.21,6.09,203.87
4810,14.77,36.22,7.68,32.14,0.54,2.08,25.32,86.56,98.0,94.74,31.81,250.29
4811,7.33,30.76,1.9,16.2,1.38,5.45,12.07,83.13,120.0,96.92,12.96,182.76
4812,7.27,37.04,4.27,16.05,0.4,14.0,24.91,82.9,223.0,87.26,19.78,216.79
4813,14.53,31.28,3.49,31.35,1.08,4.75,23.43,92.78,248.0,87.71,27.34,292.62
4814,9.09,34.38,4.67,20.54,0.58,0.99,21.61,86.86,101.0,97.75,24.11,155.22
4815,7.25,39.85,4.09,15.01,0.66,5.15,23.8,87.95,409.0,76.39,19.91,148.96
4816,14.32,30.38,2.51,30.79,0.93,4.99,25.71,92.73,37.0,95.08,27.04,284.68
4817,2.62,26.97,3.75,9.58,0.86,6.93,17.11,84.22,314.0,83.73,25.13,107.02
4818,6.05,33.13,9.21,20.17,1.32,2.57,15.59,89.83,77.0,99.48,15.8,211.9
4819,5.37,25.82,0.77,13.26,0.39,0.21,16.82,83.56,346.0,82.77,20.33,106.32
4820,11.62,32.34,3.04,24.6,0.05,2.94,3.97,77.18,202.0,87.03,14.4,215.04
4821,13.73,32.32,2.78,28.27,0.61,5.58,30.46,80.27,130.0,94.37,36.48,268.24
4822,14.1,20.0,6.63,48.92,0.59,2.6,2.59,78.6,203.0,90.9,11.01,486.27
4823,4.65,37.18,10.23,17.73,0.1,6.06,-0.65,92.21,86.0,95.81,4.09,209.8
4824,12.78,32.9,7.02,30.33,1.46,6.1,35.74,87.91,123.0,91.97,34.8,346.0
4825,5.36,41.09,2.88,10.71,0.8,6.76,28.18,74.42,80.0,93.26,31.45,115.75
4826,7.89,35.29,0.77,14.19,0.82,1.8,16.72,77.41,343.0,82.36,19.77,125.93
4827,11.32,38.41,1.34,19.03,0.65,1.66,33.02,94.09,82.0,97.09,33.81,180.02
4828,10.6,41.14,8.35,23.81,0.37,7.34,13.18,94.56,101.0,95.42,16.23,249.93
4829,4.17,33.21,0.89,8.43,1.5,1.88,28.86,86.1,124.0,95.25,34.21,95.05
4830,6.59,34.0,0.8,12.42,1.11,1.57,15.0,88.21,297.0,85.4,14.37,121.95
4831,5.8,24.56,0.85,15.01,1.0,3.09,23.48,75.52,96.0,94.7,24.92,149.05
4832,5.13,41.44,3.52,10.95,0.16,3.74,18.5,79.76,80.0,98.05,22.94,98.2
4833,9.95,33.13,5.26,23.29,0.28,2.37,2.29,87.38,76.0,96.08,-0.62,236.24
4834,3.05,27.97,1.08,7.62,0.89,3.05,11.4,83.02,391.0,79.3,10.72,77.12
4835,5.88,38.44,4.16,13.33,0.69,0.85,14.2,84.34,181.0,86.99,17.83,120.79
4836,8.05,20.92,5.03,28.13,0.6,0.85,20.64,91.64,131.0,92.07,30.29,273.98
4837,4.6,31.42,2.25,11.04,0.88,5.81,18.26,90.92,38.0,98.02,17.86,114.24
4838,8.45,39.45,1.86,14.71,0.29,1.89,0.74,85.84,147.0,89.89,2.45,151.17
4839,13.25,31.37,6.71,32.05,0.39,5.79,9.77,72.09,361.0,82.08,11.61,330.25
4840,5.56,29.69,8.77,20.01,0.23,4.71,30.73,65.85,135.0,96.17,43.51,191.81
4841,8.08,31.5,1.89,17.28,0.49,0.08,15.05,94.27,183.0,89.33,19.87,153.95
4842,11.87,21.94,3.63,36.11,0.77,7.04,4.12,71.81,193.0,89.67,6.93,463.25
4843,3.78,38.29,2.67,8.59,0.4,5.0,28.24,88.68,127.0,95.15,31.6,85.46
4844,9.72,33.26,6.43,23.96,0.58,3.82,15.92,84.96,149.0,93.26,16.8,211.53
4845,8.64,32.37,1.4,17.42,0.24,6.75,27.03,84.9,174.0,89.31,28.14,162.72
4846,5.99,32.39,3.84,14.94,0.22,2.15,11.04,92.15,211.0,89.48,16.14,133.87
4847,7.75,34.08,1.19,14.83,0.61,3.38,9.8,94.05,31.0,99.81,18.16,136.8
4848,11.24,37.92,4.13,21.91,0.83,0.23,9.12,94.8,27.0,96.9,12.39,185.8
4849,5.91,33.69,5.26,15.78,0.87,6.08,19.25,92.04,77.0,96.2,32.86,163.12
4850,11.47,25.83,1.77,28.42,0.52,0.55,38.34,96.11,306.0,82.67,40.78,275.37
4851,3.67,37.45,0.85,6.72,0.65,1.93,13.78,76.61,34.0,97.83,16.8,73.83
4852,6.32,36.99,3.33,13.59,0.94,3.71,20.01,81.81,126.0,91.41,22.02,138.47
4853,11.92,35.23,3.72,24.02,0.12,11.26,38.6,94.2,134.0,91.16,38.18,292.85
4854,3.38,40.45,4.29,9.3,1.0,1.82,18.5,92.2,56.0,99.89,21.29,114.75
4855,7.67,34.18,3.2,16.67,0.34,3.99,7.2,93.89,81.0,95.41,13.24,154.9
4856,8.93,40.67,4.36,17.53,0.64,5.32,17.26,86.12,174.0,94.99,16.64,179.85
4857,7.57,42.44,3.29,14.0,0.88,7.18,20.49,87.47,128.0,92.65,29.75,160.03
4858,14.37,37.49,1.67,24.67,0.45,6.25,7.64,75.91,73.0,97.04,15.4,228.65
4859,7.26,29.51,0.62,15.38,0.78,5.3,13.61,91.37,282.0,87.49,21.18,147.84
4860,13.58,33.22,5.02,29.55,0.71,1.09,10.03,79.82,37.0,98.75,16.09,252.85
4861,9.66,41.43,2.42,16.41,0.63,3.52,38.8,88.16,134.0,92.12,40.04,172.55
4862,5.29,25.01,7.24,19.92,1.07,1.86,4.89,87.91,59.0,98.13,8.1,218.7
4863,9.29,31.65,1.43,19.05,0.08,3.51,11.82,89.43,393.0,77.16,19.88,151.47
4864,6.54,31.94,3.55,15.83,0.72,1.8,2.7,84.69,281.0,85.98,6.15,179.54
4865,11.75,28.81,4.0,28.48,0.94,1.67,10.29,81.83,100.0,96.38,8.65,269.71
4866,13.34,39.24,3.3,23.71,1.02,5.81,15.47,91.42,200.0,89.44,19.5,251.46
4867,12.97,36.26,6.69,28.15,0.42,2.49,24.26,93.19,142.0,89.22,27.18,228.71
4868,11.67,29.73,7.93,31.47,0.63,2.45,25.85,86.0,189.0,90.12,23.03,265.78
4869,6.52,37.63,2.37,12.76,0.53,0.69,13.1,77.42,263.0,88.28,18.41,114.14
4870,8.8,33.05,5.28,21.26,0.67,7.15,21.95,99.07,223.0,85.64,25.33,190.78
4871,4.45,28.66,3.99,13.31,1.67,7.25,-2.63,95.23,333.0,83.55,-0.45,187.72
4872,15.98,29.72,1.53,33.79,1.07,0.39,20.13,82.82,249.0,87.54,16.69,311.78
4873,6.81,36.62,0.97,12.13,0.67,8.99,12.54,77.14,108.0,94.93,20.2,124.26
4874,11.9,39.63,0.75,18.77,0.37,1.1,16.09,69.06,165.0,90.01,15.58,153.51
4875,2.96,31.08,5.15,10.87,0.65,8.5,28.81,87.95,182.0,93.94,41.24,125.5
4876,8.68,37.27,4.43,18.4,1.22,5.38,15.2,93.76,359.0,82.32,21.65,198.03
4877,3.02,43.49,2.14,6.3,0.47,3.56,24.67,92.54,131.0,94.33,33.11,57.34
4878,14.93,26.45,2.04,35.92,0.2,1.7,-1.08,86.27,197.0,90.82,2.47,388.29
4879,7.04,36.13,2.17,13.87,0.94,7.5,19.58,77.66,183.0,89.4,23.94,161.75
4880,10.95,38.98,1.24,18.1,1.14,5.54,34.78,94.94,449.0,80.05,36.55,219.15
4881,10.09,33.43,8.41,26.52,0.59,4.65,14.07,97.47,77.0,91.0,18.1,252.83
4882,3.84,41.43,5.28,10.83,0.77,6.04,7.09,82.5,360.0,82.24,6.34,117.5
4883,6.42,47.19,0.77,8.93,1.3,2.53,25.61,94.37,38.0,99.8,18.81,96.81
4884,7.53,36.06,3.33,15.86,0.61,5.44,25.03,94.52,16.0,99.52,27.64,138.54
4885,2.21,32.6,3.52,7.59,0.51,3.67,23.07,89.31,19.0,99.96,26.12,58.92
4886,10.42,39.86,10.46,26.14,0.63,1.94,-2.32,85.27,339.0,82.03,1.5,297.08
4887,2.59,39.05,6.31,10.28,0.73,1.8,11.36,77.66,231.0,88.6,12.57,110.17
4888,11.57,20.0,1.4,36.11,1.13,6.41,10.18,79.43,241.0,88.33,12.8,453.99
4889,10.01,33.98,5.07,22.74,0.24,1.64,16.03,84.55,89.0,94.3,17.17,158.13
4890,13.33,31.63,0.88,26.15,1.09,0.92,6.74,96.78,126.0,96.28,13.93,239.39
4891,2.03,36.38,2.21,5.56,1.1,3.15,24.28,69.3,75.0,99.36,23.92,60.95
4892,15.6,32.84,3.87,32.36,0.75,14.0,21.64,84.25,143.0,92.98,29.64,436.75
4893,1.68,33.49,0.31,3.31,0.91,4.87,38.57,85.32,254.0,86.41,42.32,41.66
4894,10.76,28.82,2.23,24.63,0.88,1.85,24.05,90.54,131.0,93.52,22.06,218.65
4895,2.86,38.41,4.31,8.78,0.18,4.16,9.68,89.55,280.0,86.83,10.47,86.37
4896,7.01,43.93,6.22,15.8,1.34,9.31,11.49,81.82,382.0,81.13,14.54,216.81
4897,2.95,28.91,0.51,6.63,0.17,4.86,29.76,94.65,202.0,90.99,27.24,61.71
4898,5.77,25.62,4.86,18.37,1.4,3.41,-2.82,80.42,208.0,90.18,-2.01,291.41
4899,10.15,34.12,5.47,23.32,0.59,5.63,6.09,79.59,22.0,99.02,10.9,227.01
4900,10.04,33.83,5.79,23.6,0.9,3.91,23.18,88.98,195.0,87.59,33.56,213.61
4901,6.58,41.03,1.56,11.19,0.59,5.09,25.17,97.59,167.0,95.17,29.45,101.97
4902,13.44,26.62,3.58,33.88,0.48,4.99,17.23,79.94,305.0,83.09,19.41,323.43
4903,3.33,30.77,1.73,8.21,0.9,2.84,14.71,87.68,274.0,85.95,14.98,87.4
4904,3.11,21.11,2.22,11.06,1.0,0.91,12.88,98.74,51.0,95.43,5.73,142.51
4905,3.1,42.25,2.33,6.73,0.49,5.91,10.94,89.5,109.0,95.02,10.9,90.02
4906,7.71,35.5,2.13,15.16,0.25,6.5,15.83,78.74,119.0,97.49,18.59,153.79
4907,2.54,31.22,3.49,8.38,0.72,2.55,36.34,91.12,86.0,95.89,41.87,94.44
4908,8.41,26.07,8.89,28.25,0.17,1.76,-6.27,75.34,278.0,84.2,-0.12,298.34
4909,9.1,26.62,4.61,25.12,0.74,3.93,8.05,83.78,100.0,96.54,8.6,244.31
4910,6.61,36.49,5.46,16.34,0.99,2.3,35.17,98.04,362.0,84.1,41.3,158.16
4911,3.07,27.36,5.86,12.59,0.97,3.88,27.58,88.21,139.0,91.94,39.23,134.51
4912,11.86,34.62,1.83,22.37,0.41,5.7,4.34,89.03,140.0,95.08,14.19,212.21
4913,8.95,46.26,4.53,16.13,0.33,3.57,16.02,77.02,244.0,88.66,25.98,161.38
4914,7.43,31.91,2.2,16.16,0.13,4.54,25.87,87.16,141.0,95.39,27.04,143.62
4915,5.77,28.23,5.93,18.2,0.37,2.83,28.37,88.25,228.0,88.05,26.77,158.68
4916,9.74,36.29,6.31,22.42,1.29,1.38,8.17,93.05,348.0,85.61,6.16,231.8
4917,15.54,26.65,3.51,38.49,0.46,3.79,10.91,97.29,399.0,81.11,15.98,340.81
4918,5.58,44.32,6.23,13.78,0.37,1.9,7.94,81.22,210.0,90.75,19.6,146.47
4919,4.91,42.42,6.96,13.91,0.33,0.68,15.4,91.98,123.0,92.54,17.54,130.99
4920,4.02,33.01,2.6,9.9,1.0,3.91,22.58,93.32,188.0,90.2,23.9,104.74
4921,8.79,28.62,8.5,26.92,1.42,1.8,30.55,95.51,238.0,89.48,40.25,266.86
4922,11.26,31.45,2.07,23.55,1.17,0.77,4.1,98.48,127.0,94.4,8.9,244.85
4923,3.97,32.23,6.45,13.84,0.28,7.96,28.12,88.37,78.0,97.06,33.12,149.95
4924,8.19,36.3,6.75,20.29,0.61,4.13,19.82,87.1,231.0,91.76,23.13,200.11
4925,7.69,40.24,3.6,15.07,0.35,8.25,15.58,74.41,21.0,96.93,21.44,161.26
4926,8.76,27.78,3.37,22.3,0.6,1.65,40.0,85.08,58.0,97.36,40.95,223.32
4927,9.63,40.07,2.17,16.59,1.01,0.96,34.99,81.0,282.0,84.91,36.91,165.47
4928,6.71,37.71,2.42,13.1,1.28,1.27,-0.18,71.05,120.0,93.15,3.35,157.95
4929,3.65,30.95,8.09,15.17,0.96,3.97,35.23,91.01,147.0,94.02,44.13,161.98
4930,3.79,27.48,1.04,9.31,0.99,8.89,18.15,78.06,46.0,93.29,22.94,111.53
4931,5.33,34.7,6.94,16.14,0.76,3.92,4.55,89.22,25.0,95.45,15.31,174.3
4932,10.66,27.64,8.31,31.45,1.11,1.71,30.52,75.0,235.0,88.27,31.85,286.36
4933,4.27,40.14,9.15,15.54,0.9,3.72,31.02,83.92,4.0,100.0,35.23,154.8
4934,8.88,27.26,0.87,20.41,0.67,3.68,18.8,91.46,107.0,92.38,13.81,181.75
4935,8.82,37.29,1.05,15.24,0.15,5.04,24.88,77.74,148.0,91.43,27.93,137.27
4936,17.39,33.52,2.53,33.67,0.37,7.06,19.31,97.4,215.0,88.75,12.2,323.8
4937,13.61,30.64,5.84,32.49,0.25,2.54,17.04,92.54,333.0,85.75,24.77,265.48
4938,10.63,33.38,4.95,24.06,0.92,2.83,34.41,74.95,167.0,92.45,41.73,230.95
4939,6.59,40.48,1.16,10.93,0.45,1.71,15.46,83.98,333.0,83.06,16.51,91.95
4940,6.9,26.85,1.48,16.89,0.61,4.01,31.48,80.84,200.0,89.22,29.67,147.95
4941,9.37,31.53,8.95,26.77,1.15,7.32,23.61,96.79,216.0,90.3,23.1,278.57
4942,3.97,29.49,0.14,8.21,0.72,5.16,5.6,96.77,67.0,94.94,3.28,92.25
4943,7.56,33.77,10.05,23.48,0.15,3.24,16.54,82.1,215.0,89.09,18.06,186.97
4944,13.51,29.89,5.86,32.98,0.39,0.75,17.55,70.94,174.0,91.49,20.08,252.1
4945,2.5,23.39,5.87,12.28,0.22,4.65,12.52,92.6,232.0,88.07,14.3,122.95
4946,4.48,27.67,3.93,13.64,0.42,1.46,13.29,91.05,115.0,94.9,21.12,125.42
4947,15.38,43.83,0.08,21.14,1.11,1.49,24.63,76.01,213.0,88.22,28.76,190.42
4948,11.22,35.48,6.49,25.46,0.29,1.66,26.62,92.25,108.0,96.79,32.53,200.25
4949,11.35,35.27,1.42,20.73,0.55,3.47,24.33,91.35,244.0,90.35,27.12,164.39
4950,10.65,32.3,2.68,22.47,1.25,2.87,19.67,97.22,262.0,90.96,20.7,206.79
4951,4.18,33.69,7.71,15.15,1.18,6.52,14.16,88.97,32.0,100.0,14.25,166.23
4952,10.47,31.42,1.14,21.13,0.4,0.7,14.33,80.22,115.0,95.13,12.74,171.89
4953,5.28,37.16,2.08,10.61,0.4,1.88,20.53,91.27,318.0,84.67,28.77,94.96
4954,10.69,34.6,7.34,25.87,0.26,1.12,25.04,74.66,117.0,96.62,25.35,202.52
4955,6.09,26.97,6.09,19.64,0.6,3.84,34.34,86.6,151.0,93.38,37.66,178.09
4956,15.68,35.52,0.68,27.16,0.76,0.98,21.92,96.72,342.0,79.23,28.22,222.78
4957,3.26,20.0,3.8,13.6,1.04,1.89,24.87,83.23,391.0,80.98,27.2,135.07
4958,4.39,36.48,0.74,7.96,0.91,2.08,2.2,74.94,292.0,84.37,1.29,108.3
4959,11.81,25.54,2.68,30.41,0.96,14.0,0.41,91.83,141.0,90.69,1.73,465.7
4960,7.45,33.42,5.89,19.26,0.51,7.32,11.34,83.22,44.0,99.84,21.52,193.09
4961,9.28,26.83,3.43,24.18,0.17,0.86,23.44,63.47,165.0,89.43,29.24,178.57
4962,11.07,34.02,5.33,24.85,1.04,7.24,12.73,84.71,80.0,95.53,12.46,270.1
4963,8.87,37.47,1.08,15.27,0.16,3.21,-4.23,80.62,138.0,94.26,1.36,156.88
4964,5.4,43.02,6.59,14.12,0.73,6.08,16.12,77.09,127.0,93.31,22.18,160.61
4965,6.07,24.75,0.6,15.32,0.21,9.15,34.99,97.23,113.0,92.2,45.0,181.45
4966,4.21,39.85,4.49,10.82,0.46,0.79,29.81,94.7,33.0,97.34,36.44,88.47
4967,11.87,34.79,2.26,22.74,1.02,2.03,3.31,86.62,237.0,88.19,8.6,230.42
4968,12.41,31.3,1.2,24.99,0.75,2.41,17.75,91.13,259.0,83.93,21.67,214.43
4969,4.3,38.56,5.69,12.38,0.42,1.63,14.05,91.03,432.0,76.75,17.98,116.61
4970,7.3,32.58,4.73,18.17,0.61,0.51,15.5,94.77,55.0,97.15,13.79,148.83
4971,14.68,38.31,5.33,28.32,0.36,5.28,22.64,72.2,298.0,84.6,19.46,248.72
4972,8.82,28.05,5.48,24.35,0.12,1.49,15.52,89.81,11.0,98.7,18.37,192.41
4973,12.52,30.2,0.69,25.56,0.24,5.82,31.7,73.01,177.0,90.5,38.26,229.18
4974,6.07,39.66,3.68,12.87,0.16,5.07,3.68,93.83,15.0,100.0,4.03,139.49
4975,10.47,42.91,4.71,19.35,0.45,4.2,25.29,92.63,35.0,98.89,24.95,170.31
4976,10.5,33.79,1.9,20.54,0.99,3.14,28.05,72.15,103.0,93.51,27.22,176.44
4977,15.65,20.0,3.66,50.6,0.27,5.33,15.22,76.89,324.0,83.86,18.6,497.96
4978,3.36,32.81,6.19,12.34,0.75,2.82,20.45,94.93,53.0,97.05,19.51,118.42
4979,17.58,34.19,1.25,32.1,1.1,2.69,40.0,77.66,274.0,85.56,45.0,322.24
4980,14.05,32.6,6.05,31.92,0.62,2.66,18.31,79.86,158.0,91.85,18.03,266.84
4981,8.78,36.02,2.9,17.53,0.19,0.85,25.98,80.69,84.0,96.43,35.31,154.33
4982,11.37,31.14,9.11,31.02,0.08,9.14,27.76,77.14,99.0,94.09,36.14,343.89
4983,6.99,39.03,8.51,19.26,0.31,4.58,7.11,85.63,90.0,94.01,8.96,188.11
4984,11.74,27.0,5.54,31.63,1.17,4.19,40.0,93.94,158.0,90.44,42.51,352.97
4985,4.56,41.42,5.33,11.93,0.57,1.83,15.58,95.12,129.0,91.35,23.7,110.96
4986,9.36,43.3,3.67,16.64,1.03,4.12,16.16,71.67,26.0,98.62,15.43,171.53
4987,9.27,28.52,5.26,24.76,1.05,2.18,24.44,79.92,73.0,96.19,29.41,248.18
4988,13.2,28.52,1.93,29.7,0.54,2.68,19.58,83.25,196.0,90.83,13.38,238.32
4989,6.56,36.46,2.7,13.5,0.39,5.45,14.59,84.24,287.0,84.27,16.8,121.42
4990,4.14,26.88,3.26,12.49,0.9,1.77,24.62,73.6,296.0,85.03,30.42,113.7
4991,14.95,31.04,1.85,30.74,1.09,6.79,5.08,88.76,150.0,95.0,2.29,377.94
4992,10.37,40.62,4.31,19.63,0.07,1.05,33.14,98.22,256.0,87.68,37.31,172.84
4993,7.69,38.43,5.04,17.05,0.42,2.26,21.67,87.07,107.0,92.5,18.78,147.21
4994,8.48,45.88,3.68,14.76,0.26,4.85,23.9,79.49,58.0,96.59,25.05,146.04
4995,13.83,35.02,6.34,30.03,0.58,5.72,14.45,80.96,207.0,89.59,26.73,272.26
4996,6.93,30.33,2.65,16.36,0.13,0.2,12.58,94.2,135.0,93.06,20.19,130.75
4997,8.2,34.31,0.37,14.71,0.45,1.66,5.81,89.08,174.0,89.85,9.74,119.68
4998,8.18,33.1,5.89,20.72,0.55,9.65,25.57,80.9,76.0,96.01,27.74,228.37
4999,9.32,33.18,6.11,22.97,0.35,1.94,1.87,91.8,203.0,90.15,3.67,230.53
5000,9.64,33.86,8.42,25.51,0.39,0.91,20.15,88.39,2.0,100.0,17.73,198.81
